<?xml version="1.0" encoding="UTF-8"?>
<logicaltopology>
  <port id="1">
    <accepts controller="game.controller.snes"/>
    <accepts controller="game.controller.snes.mouse"/>
    <accepts controller="game.controller.snes.multitap">
      <port id="1">
        <accepts controller="game.controller.snes"/>
      </port>
      <port id="2">
        <accepts controller="game.controller.snes"/>
      </port>
      <port id="3">
        <accepts controller="game.controller.snes"/>
      </port>
      <port id="4">
        <accepts controller="game.controller.snes"/>
      </port>
    </accepts>
  </port>
  <port id="2">
    <accepts controller="game.controller.snes"/>
    <accepts controller="game.controller.snes.mouse"/>
    <accepts controller="game.controller.snes.multitap">
      <port id="1">
        <accepts controller="game.controller.snes"/>
      </port>
      <port id="2">
        <accepts controller="game.controller.snes"/>
      </port>
      <port id="3">
        <accepts controller="game.controller.snes"/>
      </port>
      <port id="4">
        <accepts controller="game.controller.snes"/>
      </port>
    </accepts>
    <accepts controller="game.controller.snes.super.scope"/>
    <accepts controller="game.controller.konami.justifier.snes"/>
  </port>
</logicaltopology>
