<?xml version="1.0" encoding="UTF-8" standalone="yes"?>
<addon id="repository.lattsrepo" name="[COLOR red]Latts'[/COLOR] [COLOR white]KODI[/COLOR] [COLOR blue]Repo[/COLOR]" version="1.0.9" provider-name="Latts">
	<extension name="Latts' KODI Repo" point="xbmc.addon.repository">
		<info compressed="false">https://holybid.com/kodi/repo/addons.xml</info>
		<checksum>https://holybid.com/kodi/repo/addons.xml.md5</checksum>
		<datadir zip="true">https://holybid.com/kodi/repo/</datadir>
	</extension>
	<extension point="xbmc.addon.metadata">
		<summary lang="en">Latts' Kodi Repo.</summary>
		<description lang="en">KODI addons provided by Latts.</description>
		<platform>all</platform>
		<assets>
			<fanart>resources/fanart.jpg</fanart>
			<icon>resources/icon.png</icon>
		</assets>
		<news>[B][COLOR=FF2CD13B]v1.0.9[/COLOR][/B] - Release date August 22, 2019[CR]
[B][COLOR=FFFFA500]ADDITIONS[/COLOR][/B]
• Updated version of the repo to use https instead of http.
		</news>
	</extension>
</addon>

