<?xml version="1.0" encoding="UTF-8" standalone="yes"?>
<addon id="game.controller.genesis.mouse"
        name="Sega Mouse"
        version="1.0.8"
        provider-name="Team Kodi">
    <extension point="kodi.game.controller" library="resources/layout.xml"/>
    <extension point="xbmc.addon.metadata">
        <summary lang="en_GB">Sega Mouse</summary>
        <description lang="en_GB">The Sega Mouse is a ball mouse for the Sega Mega Drive/Genesis released in 1993. It was intended to be used for art creation software.</description>
        <platform>all</platform>
        <assets>
            <icon>resources/icon.png</icon>
        </assets>
    </extension>
</addon>
