<?xml version="1.0" encoding="UTF-8" standalone="yes"?>
<addon id="plugin.video.RobinHoodTv" name="[B][COLORlime]Robin Hood TV[/COLOR][/B]" version="1.1.6" provider-name="Robin-Hood">
  <requires>
    <import addon="plugin.video.f4mTester"/>
    <import addon="xbmc.python" version="2.1.0"/>
    <import addon="script.module.beautifulsoup" version="3.2.1"/>
    <import addon="script.module.simple.downloader" version="0.9.4"/>
    <import addon="script.module.beautifulsoup4" />
    <import addon="script.module.requests" />
    <import addon="script.module.httplib2" />
    <import addon="script.module.youtube.dl" optional="false"/>
    <import addon="plugin.video.youtube" optional="false" />
    <import addon="script.module.urlresolver" optional="false"/>
    <import addon="script.module.simplejson" />    
     <import addon="script.module.livestreamer" optional="true"/>
  </requires>
  <extension point="xbmc.python.pluginsource" library="default.py">
    <provides>video</provides>
  </extension>
  <extension point="xbmc.addon.metadata">
    <summary>plugin.video.RobinHoodTv</summary>
    <description>    
	Balkan and World iptv
    </description>
<platform>all</platform>
  <assets>Thanks for installing Robin Hood Tv Addon!
            <icon>icon.png</icon>
            <fanart>fanart.jpg</fanart>
        </assets>
  </extension>
</addon>

