<?xml version="1.0" encoding="UTF-8" standalone="yes"?>
<addon id="game.controller.amstrad.keyboard"
        name="Amstrad Keyboard"
        version="1.0.3"
        provider-name="Team Kodi">
    <extension point="kodi.game.controller" library="resources/layout.xml"/>
    <extension point="xbmc.addon.metadata">
        <summary lang="en_GB">Amstrad Keyboard</summary>
        <description lang="en_GB">The Amstrad CPC (short for Colour Personal Computer) is a series of 8-bit home computers produced by Amstrad between 1984 and 1990.</description>
        <disclaimer lang="en_GB">Image credit: Wikipedia (wikipedia.org)</disclaimer>
        <platform>all</platform>
        <assets>
            <icon>resources/icon.png</icon>
        </assets>
    </extension>
</addon>
