<?xml version="1.0" encoding="UTF-8" standalone="yes"?>
<addon id="plugin.video.sgk_live-portal" name="[COLORdeepskyblue]SGK[/COLOR] Live-Portal" version="2.0.0" provider-name="SGK">
  <requires>
    <import addon="xbmc.python" version="2.1.0"/>
    <import addon="script.module.beautifulsoup" version="3.2.1"/>
    <import addon="script.module.simple.downloader" version="0.9.4"/>
    <import addon="script.module.beautifulsoup4" />
    <import addon="script.module.requests" />
    <import addon="script.module.httplib2" />
	<import addon="script.module.simplejson" />
	<import addon="inputstream.adaptive" version="2.2.21"/>
	<import addon="script.module.inputstreamhelper" version="0.3.5"/>
    <import addon="script.module.youtube.dl" optional="true"/>
    <import addon="plugin.video.youtube" version="6.6.0" optional="true"/>
	<import addon="script.module.swiftstreamz" version="1.0.0" optional="true"/>
	<import addon="script.module.tt" version="1.0.0" optional="true"/>
	<import addon="script.module.tvchoice" version="1.0.0" optional="true"/>
	<import addon="script.module.tvforfree" version="1.0.0" optional="true"/>
  </requires>
  <extension point="xbmc.python.pluginsource" library="default.py">
    <provides>video audio</provides>
  </extension>
  <extension point="xbmc.addon.metadata">
    <summary lang="en_GB">[COLORdeepskyblue]SGK[/COLOR] Live-Portal</summary>
	<summary lang="de_DE">[COLORdeepskyblue]SGK[/COLOR] Live-Portal</summary>
    <description lang="en_GB">This addon contains LiveTV/EPG, Radio, Music/Videos, Documentaries, Movies/Trailer and Series.[CR]The Content of the Addon is continuously filled and kept up2date.[CR][COLORred]We do not host any content ourselves and are therefore not responsible or liable for it![/COLOR][CR]Donation: [COLORdeepskyblue]https://www.paypal.me/kodiunlimited[/COLOR][CR]Support: [COLORdeepskyblue]https://www.facebook.com/groups/kodiunlimited[/COLOR][CR]Credits to: kodinerds, knaerzche, pati, fayer3, P_Aeh, realvito, xStream-Team, wagasworld</description>
	<description lang="de_DE">Dieses Addon enthält LiveTV/EPG, Radio, Musik/Videos, Dokus, Filme/Trailer und Serien.[CR]Der Inhalt des Addons wird kontinuierlich gefüllt und aktualisiert.[CR][COLORred]Wir hosten selbst keinen Inhalt und sind somit auch nicht für diesen verantwortlich oder haftbar![/COLOR][CR]Spende: [COLORdeepskyblue]https://www.paypal.me/kodiunlimited[/COLOR][CR]Support: [COLORdeepskyblue]https://www.facebook.com/groups/kodiunlimited[/COLOR][CR]Danke an: kodinerds, knaerzche, pati, fayer3, P_Aeh, realvito, xStream-Team, wagasworld</description>
	<disclaimer>Depending on the Law in your Country, some Content may be illegal!</disclaimer>
    <platform>all</platform>
	<assets>
        <screenshot>resources/screenshot1.png</screenshot>
        <screenshot>resources/screenshot2.png</screenshot>
		<screenshot>resources/screenshot3.png</screenshot>
		<screenshot>resources/screenshot4.png</screenshot>
        <screenshot>resources/screenshot5.png</screenshot>
		<screenshot>resources/screenshot6.png</screenshot>
		<screenshot>resources/screenshot7.png</screenshot>
		<icon>icon.png</icon>
		<fanart>fanart.jpg</fanart>
	</assets>
	<news>v.2.0.0 add more Content + addon/code optimization[CR]v.1.0.7 addon/code optimization[CR]v.1.0.6 addon/code optimization[CR]v.1.0.5 puplic release + code cleanup[CR]v.1.0.4 add movies + update icons[CR]v.1.0.3 add docu + create new menu[CR]v.1.0.2 add festival + add icons[CR]v.1.0.1 first release</news>
  </extension>
</addon>
