﻿<?xml version="1.0" encoding="UTF-8" standalone="yes"?>
<addon id="repo.vikings" 
name="[B][COLOR red]  Vikings  [COLOR red]mudou o repositorio, instale a versão 1.53, e exclua essa versão 1.30 [/B][/COLOR]" 
version="1.30" 
provider-name="Vikings TEAM">">
	
	<requires>
    <import addon="xbmc.addon" version="12.0.0"/>
	</requires>
  
  <extension point="xbmc.addon.repository" name="Vikings Repositorio">
		<info compressed="false">http://raw.github.com/vikingsbuild/repo.vikings/master/addons.xml</info>
		<checksum>http://raw.github.com/vikingsbuild/repo.vikings/master/addons.xml.md5</checksum>
		<datadir zip="true">http://raw.github.com/vikingsbuild/repo.vikings/master/addons/</datadir>
	</extension>
	
 <extension point="xbmc.addon.metadata">
		<summary>Repositorio Descontinuado Atualize para a versão 1.53</summary>
		<description>Este Repositorio foi descontinuado!</description>
		<news>
		Instale a versão 1.51 a partir deste drepositorio no seguinte caminho: Versão Kodi em Inglês-->  ADD-ON REPOSITORY, Kodi em Português--> REPOSITORIO DE ADDON
		APós a instalação, desinstale essa versão descontinuada 1.31, e boa diversão!
		Para maiores detalhes e suporte,a cesse nossa página no facebook: https://web.facebook.com/groups/vikingsbuild
		Ou para aprender a desinstalar addons siga nossos tutoriais no Yotube: Vikings Kodi Build
	</news>
		<disclaimer></disclaimer>
		<platform>all</platform>
	</extension>
</addon>