<?xml version="1.0" encoding="UTF-8"?>
<window type="dialog" id="4444">
	  <defaultcontrol>1</defaultcontrol>
   
	<controls>
		<control type="group">
		<animation type="WindowClose">
			<effect type="fade" time="300" />
			<effect type="slide" end="+1500,0" time="300" />
		</animation>
		<animation type="WindowOpen">
			<effect type="fade" time="300" />
			<effect type="slide" start="+1500,0" time="300" />
		</animation>
		<control type="label">
			<top>100</top>
			<left>50</left>
			<width>1280</width>
			<height>30</height>
			<font>Panel_Description_Title</font>
			<label>$INFO[Container(1).ListItem.Label]$INFO[Container(1).ListItem.Label2, • ]</label>
			<scroll>true</scroll>
			<shadowcolor>black</shadowcolor>
		</control>
		<control type="panel" id="1">
			<top>150</top>
			<left>50</left>
			<width>1220</width>
			<height>540</height>
			<orientation>horizontal</orientation>
			<itemlayout height="45" width="305">
				<control type="image">
					<width>300</width>
					<height>40</height>
					<texture>tile.png</texture>
				</control>
				<control type="label">
					<width>2280</width>
					<height>40</height>
					<font>List_Settings</font>
					<left>10</left>
					<label>$INFO[ListItem.Label]$INFO[ListItem.Label2, • ]</label>
				</control>
			</itemlayout>
			<focusedlayout height="45" width="305">
				<control type="image">
					<width>300</width>
					<height>40</height>
					<texture colordiffuse="AccentDiffuse">button.png</texture>
				</control>
				<control type="label">
					<width>2280</width>
					<height>40</height>
					<font>List_Settings</font>
					<left>10</left>
					<label>$INFO[ListItem.Label]$INFO[ListItem.Label2, • ]</label>
				</control>
			</focusedlayout>
			<content>
				<include>SubMenuTileChooser</include>
			</content>
		</control>
				
		</control>
		
		</controls>
</window>
