<?xml version="1.0" encoding="UTF-8"?>
<window type="dialog" id="1199">
	  <defaultcontrol>1</defaultcontrol>
   
	<controls>
		<control type="group">
		<animation type="WindowClose">
			<effect type="fade" time="300" />
			<effect type="slide" end="+1500,0" time="300" />
		</animation>
		<animation type="WindowOpen">
			<effect type="fade" time="300" />
			<effect type="slide" start="+1500,0" time="300" />
		</animation>
		<animation type="Conditional" condition="Window.IsActive(4444) | Window.IsActive(5555) | Window.IsActive(6666) | Window.IsActive(7777) | Window.IsActive(8888)" reversible="true">
				<effect type="slide" end="+2035" time="300" tween="cubic" easing="inout"/>
			</animation>		
		<control type="label">
			<label>$INFO[Skin.String(SelectedHomeWidget)]</label> 
			<left>50</left>
                <top>215</top>
                <height>30</height>
                <width>290</width>
                <font>Panel_Title</font>
                <align>left</align>
				<aligny>top</aligny>
		</control>
		<control type="panel" id="1">
					<include>PanelCoordinates</include>
					<width>800</width>
					<height>320</height>
					<onup>1</onup>
					<ondown>1</ondown>
					<onright>1</onright>
					<onleft>1</onleft>
					<orientation>horizontal</orientation>
					<itemlayout height="160" width="160">
						<control type="image">
							<include>PanelButtonImageNF</include>
						</control>
						<control type="image">
							<include>PanelButtonIcon</include>
							<texture>$INFO[ListItem.Art(thumb)]</texture>
							<visible>!String.IsEqual(ListItem.Property(ImageType),FullIcon)</visible>
						</control>
						<control type="label">
							<label>$INFO[ListItem.Label]</label>
							<include>PanelButtonTitle</include>
							<visible>!String.IsEqual(ListItem.Property(ImageType),FullIcon)</visible>
						</control>
						<control type="image">
							<include>PanelButtonFullIcon</include>
							<texture>$INFO[ListItem.Art(thumb)]</texture>
							<visible>String.IsEqual(ListItem.Property(ImageType),FullIcon)</visible>
						</control>
					</itemlayout>
					<focusedlayout height="160" width="160">
						<control type="image">
							<include>PanelButtonImageFO</include>
						</control>
						<control type="image">
							<include>PanelButtonIcon</include>
							<texture>$INFO[ListItem.Art(thumb)]</texture>
							<visible>!String.IsEqual(ListItem.Property(ImageType),FullIcon)</visible>
						</control>
						<control type="label">
							<label>$INFO[ListItem.Label]</label>
							<include>PanelButtonTitle</include>
							<visible>!String.IsEqual(ListItem.Property(ImageType),FullIcon)</visible>
						</control>
						<control type="image">
							<include>PanelButtonFullIcon</include>
							<texture>$INFO[ListItem.Art(thumb)]</texture>
							<visible>String.IsEqual(ListItem.Property(ImageType),FullIcon)</visible>
						</control>
					</focusedlayout>
					<content>
						<include content="WidgetCustomization" condition="String.IsEqual(Skin.String(SelectedHomeWidget),HomeWidget1)">
							<param name="MenuNr" value="1" />
						</include>
						<include content="WidgetCustomization" condition="String.IsEqual(Skin.String(SelectedHomeWidget),HomeWidget2)">
							<param name="MenuNr" value="2" />
						</include>
						<include content="WidgetCustomization" condition="String.IsEqual(Skin.String(SelectedHomeWidget),HomeWidget3)">
							<param name="MenuNr" value="3" />
						</include>
						<include content="WidgetCustomization" condition="String.IsEqual(Skin.String(SelectedHomeWidget),HomeWidget4)">
							<param name="MenuNr" value="4" />
						</include>
						<include content="WidgetCustomization" condition="String.IsEqual(Skin.String(SelectedHomeWidget),HomeWidget5)">
							<param name="MenuNr" value="5" />
						</include>
						<include content="WidgetCustomization" condition="String.IsEqual(Skin.String(SelectedHomeWidget),HomeWidget6)">
							<param name="MenuNr" value="6" />
						</include>
						<include content="WidgetCustomization" condition="String.IsEqual(Skin.String(SelectedHomeWidget),HomeWidget7)">
							<param name="MenuNr" value="7" />
						</include>
						<include content="WidgetCustomization" condition="String.IsEqual(Skin.String(SelectedHomeWidget),HomeWidget8)">
							<param name="MenuNr" value="8" />
						</include>
						<include content="WidgetCustomization" condition="String.IsEqual(Skin.String(SelectedHomeWidget),HomeWidget9)">
							<param name="MenuNr" value="9" />
						</include>
						<include content="WidgetCustomization" condition="String.IsEqual(Skin.String(SelectedHomeWidget),HomeWidget10)">
							<param name="MenuNr" value="10" />
						</include>						
					</content>
		</control>
				
		</control>
		
		</controls>
</window>
