<?xml version="1.0" encoding="utf-8"?>
<window id="106">
    <defaultcontrol always="true">1000</defaultcontrol>
     
    <controls>
        <include>GlobalOverlay</include>
        <control type="group">
            <left>960</left>
            <top>0</top>
            <animation type="WindowOpen">
                <effect type="slide" time="300" start="+320, 0" end="0,0" easing="out" tween="cubic" />
            </animation>
            <animation type="WindowClose">
                <effect type="slide" time="300" start="0,0" end="+320,0" easing="in" tween="cubic" />
            </animation>
			<include>RightMenuBackground</include>
			<control type="fadelabel">
                <description>Menu Title</description>
                <left>20</left>
                <top>0</top>
                <width>280</width>
                <label>$LOCALIZE[33061]</label>
                <font>Panel_Description_Title</font>
                <align>right</align>
            </control>
			<control type="grouplist" id="996">
			<description>grouplist for context buttons</description>
				<left>20</left>
				<top>70</top>
				<width>300</width>
				<height>670</height>
				<itemgap>2</itemgap>
			</control>
			<control type="button" id="1000">
				<description>Buttons</description>
				<width>280</width>
				<onright>115</onright>
				<textoffsetx>10</textoffsetx>
				<font>List_Right_Menu</font>
				<align>right</align>
			</control>
			
			<!-- Close Button for Context Menu	-->
			<control type="button" id="9876">
				<animation effect="rotate" end="-90" center="25,20" time="0" condition="true" reversible="false">Conditional</animation>
				<visible>[System.Platform.IOS | System.Platform.Android | System.getbool(input.enablemouse)]</visible>
				<top>-5</top>
				<left>0</left>
				<width>50</width>
				<height>50</height>
				<onclick>back</onclick>
				<texturefocus>down_arrow.png</texturefocus>
				<texturenofocus>down_arrow.png</texturenofocus>					
			</control>		
	
        </control>



	</controls>
</window>