<?xml version="1.0" encoding="utf-8"?>
<window id="10140">
    <defaultcontrol always="true">3</defaultcontrol>
     
    <controls>
        <control type="group">
            <left>0</left>
            <top>0</top>
            <animation type="WindowClose">
                <effect type="fade" time="300" />
                <effect type="slide" end="+1500,0" time="300" />
            </animation>
            <animation type="WindowOpen">
                <effect type="fade" time="300"/>
                <effect type="slide" start="+1500,0" time="300" />
            </animation>

			<include condition="Player.HasGame + VideoPlayer.IsFullScreen">SkinTransparentBackground</include>
			
			<control type="image">
                <description>background image</description>
                <left>50</left>
                <top>290</top>
                <width>290</width>
                <height>360</height>
                <aspectratio>scale</aspectratio>
                <texture>tile.png</texture>
            </control>			
			 <control type="image">
                <description>background image</description>
                <left>345</left>
                <top>290</top>
                <width>750</width>
                <height>360</height>
                <aspectratio>scale</aspectratio>
                <texture>tile.png</texture>
            </control>
            <control type="label">
                <label>$LOCALIZE[5] [COLOR Accent]$INFO[Window.Property(addon)][/COLOR]</label>
                <left>50</left>
                <top>215</top>
                <height>30</height>
                <width>1000</width>
                <font>Panel_Title</font>
                <align>left</align>
				<aligny>top</aligny>
            </control>
           <control type="grouplist" id="3">
                <description>button area</description>
                <left>50</left>
                <top>290</top>
                <width>290</width>
                <height>360</height>
                <itemgap>0</itemgap>
                <onleft>28</onleft>
                <onright>5</onright>
                <onup>3</onup>
                <ondown>3</ondown>
            </control>
            <control type="grouplist" id="5">
                <description>control area</description>
                <left>345</left>
                <top>290</top>
                <width>750</width>
                <height>360</height>
                <itemgap>0</itemgap>
                <onup>5</onup>
                <ondown>5</ondown>
                <onleft>3</onleft>
                <onright>28</onright>
            </control>
            <control type="button" id="10">
                <description>Default Category Button</description>
                <align>right</align>
				<font>List_Unfocused</font>
                <focusedcolor>Accent</focusedcolor>
            </control>
            <control type="button" id="7">
                <description>Default Button</description>
                <align>left</align>
				<font>List_Settings</font>
                <focusedcolor>Accent</focusedcolor>
            </control>
            <control type="radiobutton" id="8">
                <description>Default RadioButton</description>
                <align>left</align>
				<font>List_Settings</font>
                <focusedcolor>Accent</focusedcolor>
            </control>
            <control type="spincontrolex" id="9">
                <description>Default spincontrolex</description>
                <align>left</align>
				<font>List_Settings</font>
                <focusedcolor>Accent</focusedcolor>
                <textureup>other_textures/arrowupfo.png</textureup>
                <texturedown>other_textures/arrowdownfo.png</texturedown>
                <textureupfocus>other_textures/arrowupg.png</textureupfocus>
                <texturedownfocus>other_textures/arrowdowng.png</texturedownfocus>
                <reverse>yes</reverse>
            </control>
            <control type="label" id="14">
				<height>45</height>
				<font>List_Settings_Title</font>
				<textcolor>Accent</textcolor>
				<textoffsetx>10</textoffsetx>
				<align>left</align>
			</control>
            <control type="image" id="11">
                <description>Default Seperator</description>
                <height>2</height>
                <texture>button.png</texture>
            </control>
            <control type="sliderex" id="13">
                <description>Default Slider</description>
                <focusedcolor>Accent</focusedcolor>
				<font>List_Settings</font>
                <width>646</width>
			</control>
            <control type="grouplist" id="9001">
                <left>1100</left>
                <top>290</top>
                <itemgap>4</itemgap>
                <orientation>vertical</orientation>
                <control type="button" id="28">
                    <description>OK Button</description>
                    <width>145</width>
                    <label>186</label>
                    <onleft>5</onleft>
                    <onright>3</onright>
                    <onup>5</onup>
                    <ondown>29</ondown>
					<focusedcolor>White</focusedcolor>
					<font>Panel_Hint</font>
					<align>center</align>
					<texturefocus>button.png</texturefocus>
					<texturenofocus>tile.png</texturenofocus>
                </control>
                <control type="button" id="29">
                    <description>Cancel Button</description>
                    <width>145</width>
                    <label>222</label>
                    <onleft>5</onleft>
                    <onright>3</onright>
                    <onup>28</onup>
                    <ondown>30</ondown>
					<focusedcolor>White</focusedcolor>
					<font>Panel_Hint</font>
					<align>center</align>
					<texturefocus>button.png</texturefocus>
					<texturenofocus>tile.png</texturenofocus>
                </control>
                <control type="button" id="30">
                    <description>Defaults Button</description>
                    <width>145</width>
                    <label>409</label>
                    <onleft>5</onleft>
                    <onright>3</onright>
                    <onup>29</onup>
                    <ondown>5</ondown>
					<focusedcolor>White</focusedcolor>
					<font>Panel_Hint</font>
					<align>center</align>
					<texturefocus>button.png</texturefocus>
					<texturenofocus>tile.png</texturenofocus>
                </control>
            </control>
        </control>
    </controls>
</window>