<?xml version="1.0" encoding="utf-8"?>
<window>
    <defaultcontrol always="true">9001</defaultcontrol>
    <controls>
		<include>NowPlayingControls</include>
		<include>TouchscreenNavigation</include>
		
		
		<control type="group">
            <animation type="WindowClose">
                <effect type="fade" time="300" />
                <effect type="slide" end="+1500,0" time="300" />
            </animation>
            <animation type="WindowOpen">
                <effect type="fade" time="300" />
                <effect type="slide" start="+1500,0" time="300" />
            </animation>
			<!-- Albums and Artis Info -->
			<control type="group">
				<visible>String.IsEqual(ListItem.DBType,album) | String.IsEqual(ListItem.DBType,artist)</visible>
				<!-- Background -->           
				<control type="image">
					<left>615</left>
					<top>180</top>
					<width>635</width>
					<height>425</height>
					<texture>music_fanart_diffuse.png</texture>
				</control>
				<control type="image">
                    <description>Cover Image</description>
                    <left>180</left>
                    <top>180</top>
                    <width>425</width>
                    <height>425</height>
                    <texture>white_box.png</texture>
                </control>
				<control type="image">
                    <description>Cover Image</description>
                    <left>180</left>
                    <top>180</top>
                    <width>425</width>
                    <height>425</height>
                    <texture>button.png</texture>
                    <aspectratio align="right" aligny="center">stretch</aspectratio>
                    <bordersize>5</bordersize>
			    </control>
				<control type="image">
                    <description>Cover Image</description>
                    <left>180</left>
                    <top>180</top>
                    <width>425</width>
                    <height>425</height>
                    <texture>tile.png</texture>
                    <aspectratio align="right" aligny="center">stretch</aspectratio>
                    <bordersize>5</bordersize>
			    </control>
				<!-- Album Image -->
				<control type="image">
                    <description>Cover Image</description>
                    <left>180</left>
                    <top>180</top>
                    <width>425</width>
                    <height>425</height>
                    <texture fallback="DefaultArtist.png">$INFO[ListItem.Icon]</texture>
                    <aspectratio align="right" aligny="center">stretch</aspectratio>
                    <bordersize>5</bordersize>
					<visible>String.IsEqual(ListItem.DBType,artist)</visible>
                </control>
				<!-- Artist Image -->
				<control type="image">
                    <description>Cover Image</description>
                    <left>180</left>
                    <top>180</top>
                    <width>425</width>
                    <height>425</height>
                    <texture fallback="DefaultAlbumCover.png">$INFO[ListItem.Icon]</texture>
                    <aspectratio align="right" aligny="center">stretch</aspectratio>
                    <bordersize>5</bordersize>
					<visible>String.IsEqual(ListItem.DBType,album)</visible>
                </control>
				<!-- Title for Albums -->
                <control type="fadelabel" id="140">
					<left>635</left>
                    <top>185</top>
                    <height>30</height>
                    <width>595</width>
					<font>Panel_Title</font>
                    <aligny>top</aligny>
                    <label>[COLOR Accent]$INFO[ListItem.Album][/COLOR] $INFO[ListItem.Year]</label>
                    <visible>true</visible>
                    <scroll>true</scroll>
                    <scrollout>false</scrollout>
                    <pauseatend>600</pauseatend>
                    <scrollspeed>50</scrollspeed>
                    <visible>String.IsEqual(ListItem.DBType,album)</visible>
                </control>
				<!-- Title for Artist -->				
                <control type="fadelabel" id="140">
					<left>635</left>
                    <top>185</top>
                    <height>30</height>
                    <width>595</width>
					<font>Panel_Title</font>
                    <aligny>top</aligny>
                    <label>[COLOR Accent]$INFO[ListItem.Artist][/COLOR]</label>
                    <visible>true</visible>
                    <scroll>true</scroll>
                    <scrollout>false</scrollout>
                    <pauseatend>600</pauseatend>
                    <scrollspeed>50</scrollspeed>
                    <visible>String.IsEqual(ListItem.DBType,artist)</visible>
                </control>
                <!-- SubTitle for Albums -->	
				<control type="label">
                        <description>Artist</description>
						<left>635</left>
						<top>245</top>
						<width>610</width>
						<height>50</height>
						<aligny>top</aligny>
						<font>Panel_Title_Footer</font>
                        <label>$INFO[ListItem.Artist]$INFO[ListItem.Property(Album_Label), • ]</label>
                        <scroll>true</scroll>
						<visible>String.IsEqual(ListItem.DBType,album)</visible>
                    </control>
				<!-- SubTitle for Artists -->	
				<control type="label">
                        <description>Born</description>
						<left>635</left>
						<top>245</top>
						<width>610</width>
						<height>50</height>
						<aligny>top</aligny>
						<font>Panel_Title_Footer</font>
                        <label>$INFO[ListItem.Property(Artist_Born)]</label>
                        <scroll>true</scroll>
						<visible>String.IsEqual(ListItem.DBType,artist) + String.IsEqual(ListItem.Property(Artist_Formed),)</visible>
                    </control>
					<control type="label">
                        <description>Born</description>
						<left>635</left>
						<top>245</top>
						<width>610</width>
						<height>50</height>
						<aligny>top</aligny>
						<font>Panel_Title_Footer</font>
                        <label>$INFO[ListItem.Property(Artist_Formed)]</label>
                        <scroll>true</scroll>
						<visible>String.IsEqual(ListItem.DBType,artist) + !String.IsEqual(ListItem.Property(Artist_Formed),)</visible>
                    </control>	
				<!-- Genre for Albums Lower Left Corner-->
				<control type="label">
					<left>635</left>
                    <top>560</top>
                    <width>610</width>
                    <height>50</height>
                    <aligny>top</aligny>
                    <font>Panel_Title_Footer</font>
                    <label>[COLOR Accent]$INFO[ListItem.Genre,[COLOR White]$LOCALIZE[515] [/COLOR], ][/COLOR][COLOR Accent]$INFO[ListItem.Property(Album_Style),[COLOR White]Style [/COLOR], ][/COLOR][COLOR Accent]$INFO[ListItem.Property(Album_Mood),[COLOR White]Mood [/COLOR]][/COLOR] [COLOR Accent]$INFO[ListItem.Property(Album_Theme),[COLOR White]Theme [/COLOR]][/COLOR]</label>
                    <scroll>true</scroll>
                    <scrollout>false</scrollout>
                    <pauseatend>600</pauseatend>
                    <scrollspeed>50</scrollspeed>
					<visible>String.IsEqual(ListItem.DBType,album)</visible>
				</control>	
				<!-- Genre for Artists Lower Left Corner-->
				<control type="label">
					<left>635</left>
                    <top>560</top>
                    <width>610</width>
                    <height>50</height>
                    <aligny>top</aligny>
                    <font>Panel_Title_Footer</font>
                    <label>[COLOR Accent]$INFO[ListItem.Property(Artist_Genre),[COLOR White]$LOCALIZE[515] [/COLOR], ][/COLOR][COLOR Accent]$INFO[ListItem.Property(Artist_Style),[COLOR White]Style [/COLOR], ][/COLOR][COLOR Accent]$INFO[ListItem.Property(Artist_Mood),[COLOR White]Mood [/COLOR]][/COLOR]</label>
                    <scroll>true</scroll>
                    <scrollout>false</scrollout>
                    <pauseatend>600</pauseatend>
                    <scrollspeed>50</scrollspeed>
					<visible>String.IsEqual(ListItem.DBType,artist)</visible>
				</control>					
                <!-- Album & Artist Info -->
				<control type="textbox">
                    <description>Review</description>
                    <left>635</left>
                    <top>300</top>
                    <width>595</width>
                    <height>250</height>
                    <align>justify</align>
					<font>Panel_Description</font>
               		<label>$INFO[ListItem.Property(Album_Description)]</label>
					<visible>String.IsEqual(ListItem.DBType,album) + !Skin.HasSetting(AlbumSongs)</visible>
                </control>
				<control type="textbox">
                    <description>Review</description>
                    <left>635</left>
                    <top>300</top>
                    <width>595</width>
                    <height>250</height>
                    <align>justify</align>
					<font>Panel_Description</font>
         			<label>$INFO[ListItem.Property(Artist_Description)]</label>
					<visible>String.IsEqual(ListItem.DBType,artist) + !Skin.HasSetting(ArtistAlbums)</visible>
                </control>
                <!-- Rating-->
				<control type="image">
					<left>635</left>
					<top>275</top>
					<width>100</width>
					<height>25</height>
					<texture>$VAR[ItemStarRating]</texture>
					<aspectratio scalediffuse="false">keep</aspectratio>
					<visible>String.IsEqual(ListItem.DBType,album)</visible>
				</control>
				<!-- Album Tracks & Discography -->
				<control type="list" id="50">
                    <description>Tracks / Albums</description>
					<visible>[String.IsEqual(ListItem.DBType,artist) + Skin.HasSetting(ArtistAlbums)] | [String.IsEqual(ListItem.DBType,album) + Skin.HasSetting(AlbumSongs)]</visible>
                    <left>635</left>
                    <top>300</top>
                    <width>600</width>
                    <height>264</height>
                    <onup>50</onup>
                    <ondown>50</ondown>
                    <onleft>9001</onleft>
                    <onright>64</onright>
                    <orientation>vertical</orientation>
                    <scrolltime>200</scrolltime>
                    <pagecontrol>64</pagecontrol>
                    <itemlayout condition="Container.Content(Albums)" height="44">
                        <control type="image">
                            <width>600</width>
                            <height>44</height>
                            <texture>other_textures/buttonnf.png</texture>
                        </control>
                        <control type="label">
                            <width>44</width>
                            <align>center</align>
                            <label>$INFO[ListItem.TrackNumber]</label>
							<font>Panel_Description</font>
                        </control>
                        <control type="label">
                            <left>65</left>
                            <width>440</width>
                            <label>$INFO[ListItem.Label]</label>
							<font>Panel_Description</font>
                        </control>
                        <control type="label">
                            <left>490</left>
                            <align>right</align>
                            <width>100</width>
                            <label>$INFO[ListItem.Duration]</label>
							<font>Panel_Description</font>
                        </control>
                    </itemlayout>
                    <focusedlayout condition="Container.Content(Albums)" height="44">
                        <control type="image">
                            <width>600</width>
                            <height>44</height>
                            <texture>other_textures/buttonfo.png</texture>
                            <animation effect="fade" start="100" end="50" condition="!Control.HasFocus(50)">Conditional</animation>
                        </control>
                        <control type="image">
                            <width>44</width>
                            <height>44</height>
                            <texture>button.png</texture>
							<animation effect="fade" start="100" end="50" condition="!Control.HasFocus(50)">Conditional</animation>
                         </control>
                        <control type="label">
                            <width>44</width>
                            <align>center</align>
                            <label>$INFO[ListItem.TrackNumber]</label>
							<font>Panel_Description</font>
							<animation effect="fade" start="100" end="50" condition="!Control.HasFocus(50)">Conditional</animation>
                        </control>
                        <control type="label">
                            <left>65</left>
                            <width>440</width>
                            <scroll>true</scroll>
                            <label>[COLOR Accent]$INFO[ListItem.Label][/COLOR]</label>
							<font>Panel_Description</font>
							<animation effect="fade" start="100" end="50" condition="!Control.HasFocus(50)">Conditional</animation>
                        </control>
                        <control type="label">
                            <left>490</left>
                            <align>right</align>
                            <width>100</width>
                            <label>[COLOR Accent]$INFO[ListItem.Duration][/COLOR]</label>
							<font>Panel_Description</font>
							<animation effect="fade" start="100" end="50" condition="!Control.HasFocus(50)">Conditional</animation>
                        </control>
                    </focusedlayout>
                    <itemlayout condition="Container.Content(Artists)" height="44">
                        <control type="image">
                            <width>600</width>
                            <height>44</height>
                            <texture>other_textures/buttonnf.png</texture>
                        </control>
                        <control type="label">
                            <left>15</left>
                            <width>440</width>
                            <label>$INFO[ListItem.Label]</label>
							<font>Panel_Description</font>
                        </control>
                        <control type="label">
                            <left>490</left>
                            <align>right</align>
                            <width>100</width>
                            <label>$INFO[ListItem.Label2]</label>
							<font>Panel_Description</font>
                        </control>
                    </itemlayout>
                    <focusedlayout condition="Container.Content(Artists)" height="44">
                        <control type="image">
                            <width>600</width>
                            <height>44</height>
                            <texture>other_textures/buttonfo.png</texture>
                            <animation effect="fade" start="100" end="50" condition="!Control.HasFocus(50)">Conditional</animation>
                        </control>
                        <control type="image">
                            <width>5</width>
                            <height>44</height>
                            <texture>button.png</texture>
							<animation effect="fade" start="100" end="50" condition="!Control.HasFocus(50)">Conditional</animation>
                        </control>
                        <control type="label">
                            <left>15</left>
                            <width>440</width>
                            <scroll>true</scroll>
                            <label>$INFO[ListItem.Label]</label>
							<font>Panel_Description</font>
							<textcolor>Accent</textcolor>
							<animation effect="fade" start="100" end="50" condition="!Control.HasFocus(50)">Conditional</animation>
                        </control>
                        <control type="label">
                            <left>490</left>
                            <align>right</align>
                            <width>100</width>
                            <label>$INFO[ListItem.Label2]</label>
							<font>Panel_Description</font>
							<textcolor>Accent</textcolor>
							<animation effect="fade" start="100" end="50" condition="!Control.HasFocus(50)">Conditional</animation>
                        </control>
                    </focusedlayout>
                </control>
                <control type="scrollbar" id="64">
                    <left>1255</left>
                    <top>300</top>
                    <width>5</width>
                    <height>264</height>
					<onleft>50</onleft>
                    <texturesliderbackground></texturesliderbackground>
                    <textureslidernib>bar.png</textureslidernib>
                    <textureslidernibfocus>scroll_nib.png</textureslidernibfocus>
                    <texturesliderbar></texturesliderbar>
                    <texturesliderbarfocus></texturesliderbarfocus>
                    <showonepage>true</showonepage>
                    <orientation>vertical</orientation>
                    <visible>Control.IsVisible(50)</visible>
                </control>
            </control>
			<!-- Song Info  -->	
			<control type="group">
				<visible>String.IsEqual(ListItem.DBType,song)</visible>
				<animation type="TYPE" condition="Window.IsActive(musicinformation)" reversible="false">
					<effect type="slide" end="-1500,0" time="300" />
				</animation>
				<animation type="TYPE" condition="!Window.IsActive(musicinformation)" reversible="false">
					<effect type="slide" start="-1500,0" time="300" />
				</animation>
				<!-- Background -->           
				<control type="image">
					<left>615</left>
					<top>180</top>
					<width>635</width>
					<height>425</height>
					<texture>music_fanart_diffuse.png</texture>
				</control>
				<control type="image">
                    <description>Cover Image</description>
                    <left>180</left>
                    <top>180</top>
                    <width>425</width>
                    <height>425</height>
                    <texture>white_box.png</texture>
                </control>
				<control type="image">
                    <description>Cover Image</description>
                    <left>180</left>
                    <top>180</top>
                    <width>425</width>
                    <height>425</height>
                    <texture>button.png</texture>
                    <aspectratio align="right" aligny="center">stretch</aspectratio>
                    <bordersize>5</bordersize>
			    </control>
				<control type="image">
                    <description>Cover Image</description>
                    <left>180</left>
                    <top>180</top>
                    <width>425</width>
                    <height>425</height>
                    <texture>tile.png</texture>
                    <aspectratio align="right" aligny="center">stretch</aspectratio>
                    <bordersize>5</bordersize>
			    </control>
				<!-- Album Image -->
				<control type="image">
                    <description>Cover Image</description>
                    <left>180</left>
                    <top>180</top>
                    <width>425</width>
                    <height>425</height>
                    <texture fallback="DefaultAlbumCover.png">$INFO[ListItem.Icon]</texture>
                    <aspectratio align="right" aligny="center">stretch</aspectratio>
                    <bordersize>5</bordersize>
					<visible>String.IsEqual(ListItem.DBType,song)</visible>
                </control>
				<!-- Title -->
				<control type="fadelabel" id="140">
					<left>635</left>
					<top>185</top>
					<height>30</height>
					<width>595</width>
					<font>Panel_Title</font>
					<aligny>top</aligny>
					<label>$INFO[ListItem.Title]</label>
					<scroll>true</scroll>
					<scrollout>false</scrollout>
					<pauseatend>600</pauseatend>
					<scrollspeed>50</scrollspeed>
					<visible>String.IsEqual(ListItem.DBType,song)</visible>
				</control>
				<control type="image">
					<left>635</left>
					<top>245</top>
					<width>100</width>
					<height>25</height>
					<texture>other_textures/colorrating/$INFO[ListItem.UserRating,rating,.png]</texture>
					<aspectratio scalediffuse="false">keep</aspectratio>
					<align>right</align>
				</control>
				<control type="grouplist">
					<left>635</left>
					<top>290</top>
					<height>400</height>
					<width>595</width>
					<itemgap></itemgap>
					<orientation>vertical</orientation>
					
						<control type="label">
							<height>35</height>
							<label>$LOCALIZE[36916] [COLOR Accent]$INFO[ListItem.Artist][/COLOR]</label>
							<font>Panel_Title_Footer</font>
						</control>
						<control type="label">
							<height>35</height>
							<label>$LOCALIZE[36918] [COLOR Accent]$INFO[ListItem.Album][/COLOR]</label>
							<font>Panel_Title_Footer</font>
						</control>
						<control type="label">
							<height>35</height>
							<label>$LOCALIZE[31216] [COLOR Accent]$INFO[ListItem.Year][/COLOR]</label>
							<font>Panel_Title_Footer</font>
						</control>
						<control type="label">
							<height>35</height>
							<label>$LOCALIZE[31217] [COLOR Accent]$INFO[ListItem.DiscNumber][/COLOR]</label>
							<font>Panel_Title_Footer</font>
						</control>
						<control type="label">
							<height>35</height>
							<label>$LOCALIZE[31219] [COLOR Accent]$INFO[ListItem.TrackNumber][/COLOR]</label>
							<font>Panel_Title_Footer</font>
						</control>
						<control type="label">
							<height>35</height>
							<label>$LOCALIZE[31220] [COLOR Accent]$INFO[ListItem.Duration][/COLOR]</label>
							<font>Panel_Title_Footer</font>
						</control>
						<control type="label">
							<height>35</height>
							<label>$LOCALIZE[515] [COLOR Accent]$INFO[ListItem.Genre][/COLOR]</label>
							<font>Panel_Title_Footer</font>
						</control>
						<control type="label">
							<height>35</height>
							<label>$LOCALIZE[21806] [COLOR Accent]$INFO[ListItem.Comment][/COLOR]</label>
							<font>Panel_Title_Footer</font>
						</control>
							
			
				</control>
			</control>
		
     
  
		
				<!-- Left Menu -->
				<control type="grouplist" id="9001">
					<animation type="TYPE" condition="String.IsEqual(ListItem.DBType,song) + Window.IsActive(musicinformation)" reversible="false">
						<effect type="slide" end="-1500,0" time="300" />
					</animation>
					<animation type="TYPE" condition="String.IsEqual(ListItem.DBType,song) + !Window.IsActive(musicinformation)" reversible="false">
						<effect type="slide" start="-1500,0" time="300" />
					</animation>
	                <left>25</left>
                    <top>240</top>
                    <width>145</width>
                    <height>430</height>
                    <itemgap></itemgap>
                    <onup>9001</onup>
                    <ondown>9001</ondown>
                    <onright>50</onright>
                    <onleft>9001</onleft>
                    <orientation>vertical</orientation>
					<control type="button" id="102">
						<description>Show Artist Albums</description>
						<width>145</width>
						<align>center</align>
						<label>$LOCALIZE[132]</label>
						<font>Panel_Hint</font>
						<onclick>Skin.ToggleSetting(ArtistAlbums)</onclick>
						<visible>String.IsEqual(ListItem.DBType,artist) + !Skin.HasSetting(ArtistAlbums)</visible>
					</control>
					<control type="button" id="103">
						<description>Show Artist Description</description>
						<width>145</width>
						<align>center</align>
						<label>$LOCALIZE[29915]</label>
						<font>Panel_Hint</font>
						<onclick>Skin.ToggleSetting(ArtistAlbums)</onclick>
						<altclick>Skin.Reset(ArtistAlbums)</altclick>
						<visible>String.IsEqual(ListItem.DBType,artist) + Skin.HasSetting(ArtistAlbums)</visible>
					</control>					
					<control type="button" id="104">
						<description>Show Album Songs</description>
						<width>145</width>
						<align>center</align>
						<label>$LOCALIZE[182]</label>
						<font>Panel_Hint</font>
						<onclick>Skin.ToggleSetting(AlbumSongs)</onclick>
						<altclick>Skin.Reset(AlbumSongs)</altclick>
						<visible>String.IsEqual(ListItem.DBType,album) + !Skin.HasSetting(AlbumSongs)</visible>
					</control>
					<control type="button" id="105">
						<description>Show Album Description</description>
						<width>145</width>
						<align>center</align>
						<label>$LOCALIZE[29915]</label>
						<font>Panel_Hint</font>
						<onclick>Skin.ToggleSetting(AlbumSongs)</onclick>
						<altclick>Skin.Reset(AlbumSongs)</altclick>
						<visible>String.IsEqual(ListItem.DBType,album) + Skin.HasSetting(AlbumSongs)</visible>
					</control>					
 
		            <control type="button" id="6">
                        <description>Refresh button</description>
                        <width>145</width>
						<font>Panel_Hint</font>						
                        <align>center</align>
                        <label></label>
					</control>
					<control type="button" id="7">
                        <description>Rating</description>
						<width>145</width>
						<label></label>
						<font>Panel_Hint</font>
                        <align>center</align>
                    </control>
                    <control type="button" id="10">
                        <description>Poster</description>
                        <width>145</width>
						<font>Panel_Hint</font>						
                        <align>center</align>
                        <label></label>
                    </control>
                    <control type="button" id="12">
                        <description>Art</description>
                        <width>145</width>
						<font>Panel_Hint</font>
                        <align>center</align>
                        <label></label>
	                </control>
                </control>	
		
		</control>
    
	
				
	
	
<!-- Left Menu
				<control type="grouplist" id="9001">
                    <left>25</left>
                    <top>240</top>
                    <width>145</width>
                    <height>430</height>
                    <itemgap></itemgap>
                    <onup>9001</onup>
                    <ondown>9001</ondown>
                    <onleft>9001</onleft>
					<onright condition="String.Contains(Control.GetLabel(5),$LOCALIZE[183]) | String.Contains(Control.GetLabel(5),$LOCALIZE[21887])">50</onright>
                    <orientation>vertical</orientation>
                    
                </control>
				
				 -->
	
	</controls>
</window>