<?xml version="1.0" encoding="utf-8"?>
<window>
    <defaultcontrol always="true">11</defaultcontrol>
    <controls>
			<control type="image">
                <left>0</left>
                <top>0</top>
                <width>1280</width>
                <height>720</height>
                <texture>music_fanart_diffuse.png</texture>
                <fadetime>200</fadetime>
				<animation type="WindowOpen">
                <effect type="fade" time="300" end="100" easing="out" tween="cubic" />
            </animation>
            <animation type="WindowClose">
                <effect type="fade" time="300" end="0" easing="in" tween="cubic" />
            </animation>
             </control>

        <control type="group">
            <left>880</left>
            <top>0</top>

			<animation type="WindowOpen">
                <effect type="slide" time="300" start="+400, 0" end="0,0" easing="out" tween="cubic" />
            </animation>
            <animation type="WindowClose">
                <effect type="slide" time="300" start="0,0" end="+400,0" easing="in" tween="cubic" />
            </animation>
            <animation type="Hidden">
                <effect type="slide" time="300" start="0,0" end="+400,0" easing="in" tween="cubic" />
            </animation>
            <animation type="Visible">
                <effect type="slide" time="300" start="+400, 0" end="0,0" easing="out" tween="cubic" />
            </animation>
	
            <visible>!Window.IsVisible(DialogPVRGuideInfo.xml)</visible>
           
			<!--
			<control type="image">
                <left>0</left>
                <top>0</top>
                <width>400</width>
                <height>720</height>
                <texture>tile.png</texture>
                <fadetime>200</fadetime>
                <aspectratio scalediffuse="false">stretch</aspectratio>
            </control>
		
			<control type="image">
                <left>0</left>
                <top>0</top>
                <width>5</width>
                <height>720</height>
                <texture>button.png</texture>
                <fadetime>200</fadetime>
                <aspectratio scalediffuse="false">stretch</aspectratio>
            </control>
				-->
			<control type="label">
                <description>header label</description>
                <left>20</left>
                <top>10</top>
                <font>Panel_Title</font>
                <align>left</align>
                <label>$INFO[VideoPlayer.ChannelGroup]</label>
				<shadowcolor>black</shadowcolor>
                <visible>!pvr.IsPlayingRadio</visible>
            </control>
            <control type="label">
                <description>header label</description>
                <left>10</left>
                <top>20</top>
                <font>Panel_Title</font>
                <align>left</align>
                <label>$INFO[MusicPlayer.ChannelGroup]</label>
				<shadowcolor>black</shadowcolor>
                <visible>pvr.IsPlayingRadio</visible>
            </control>
            <control type="list" id="11">
                <left>20</left>
                <top>75</top>
                <width>375</width>
                <height>630</height>
                <onleft>PreviousChannelGroup</onleft>
                <onright>NextChannelGroup</onright>
                <onup>11</onup>
                <ondown>11</ondown>
                <scrolltime>200</scrolltime>
                <itemlayout height="70">
                    <!--
					<control type="progress">
                        <description>Progressbar</description>
                        <left>70</left>
                        <top>0</top>
                        <width>230</width>
                        <height>5</height>
                        <info>ListItem.Progress</info>
                        <visible>ListItem.HasEpg</visible>
                        <texturebg>progressnotification.png</texturebg>
                        <midtexture>progresslime.png</midtexture>
                    </control>
						-->
					<control type="image">
                        <left>0</left>
                        <top>0</top>
                        <width>65</width>
                        <height>65</height>
                        <texture>tile.png</texture>
                    </control>
					
					<control type="image">
                        <left>70</left>
                        <top>0</top>
                        <width>305</width>
                        <height>65</height>
                        <texture>tile.png</texture>
                    </control>
					<!--
					<control type="image">
                        <left>300</left>
                        <top></top>
                        <width>65</width>
                        <height>65</height>
						<align>right</align>
                        <texture>$INFO[ListItem.Icon]</texture>
						<aspectratio>keep</aspectratio>
                    </control>
					-->
		            <control type="label">
						<top></top>
                        <width>65</width>
						<height>65</height>
                        <align>center</align>
						<aligny>center</aligny>
						<font>Music_Vis_Title4</font>
                        <label>$INFO[ListItem.ChannelNumberLabel]</label>
                    </control>
                    <control type="label">
                        <left>75</left>
						<top></top>
                        <width>295</width>
                        <font>List_Hint</font>
						<aligny>top</aligny>
                        <label>[COLOR Accent]$INFO[ListItem.Label][/COLOR]</label>
                    </control>
                    <control type="label">
                        <left>75</left>
                        <top>20</top>
                        <width>295</width>
                        <aligny>top</aligny>
						<font>List_Hint</font>
                        <label>$INFO[ListItem.Title]</label>
                    </control>
				   <control type="label">
                        <left>75</left>
                        <top>40</top>
                        <width>295</width>
                        <aligny>top</aligny>
						<font>List_Hint</font>
                        <label>$INFO[ListItem.StartTime,, / ]$INFO[ListItem.EndTime]</label>
                        <visible>ListItem.HasEpg</visible>
                    </control>

                </itemlayout>
                <focusedlayout height="70">
                    <!--
					<control type="progress">
                        <description>Progressbar</description>
                        <left>70</left>
                        <top>0</top>
                        <width>230</width>
                        <height>65</height>
                        <info>ListItem.Progress</info>
                        <visible>ListItem.HasEpg</visible>
                        <texturebg>progressnotification.png</texturebg>
                        <midtexture>progresslime.png</midtexture>
                    </control> 
					-->					
					<control type="image">
                        <left>70</left>
                        <top>0</top>
                        <width>305</width>
                        <height>65</height>
                        <texture>button.png</texture>
                    </control>
					<control type="image">
                        <left>70</left>
                        <top>0</top>
                        <width>305</width>
                        <height>65</height>
                        <texture>tile.png</texture>
                    </control>
					<control type="image">
                        <left>0</left>
                        <top>0</top>
                        <width>65</width>
                        <height>65</height>
                        <texture>button.png</texture>
                    </control>
					<!--
					<control type="image">
                        <left>300</left>
                        <top></top>
                        <width>65</width>
                        <height>65</height>
						<align>right</align>
                        <texture>$INFO[ListItem.Icon]</texture>
                    </control>
					-->
		            <control type="label">
						<top></top>
                        <width>65</width>
						<height>65</height>
                        <align>center</align>
						<aligny>center</aligny>
						<font>Music_Vis_Title4</font>
                        <label>$INFO[ListItem.ChannelNumberLabel]</label>
						<selectedcolor>White</selectedcolor>
                    </control>
                    <control type="label">
                        <left>75</left>
						<top></top>
                        <width>295</width>
                        <font>List_Hint</font>
						<aligny>top</aligny>
                        <label>$INFO[ListItem.Label]</label>
						<selectedcolor>White</selectedcolor>
                    </control>
                    <control type="label">
                        <left>75</left>
						<top>20</top>
                        <width>295</width>
                        <font>List_Hint</font>
						<aligny>top</aligny>
                        <label>$INFO[ListItem.Title]</label>
						<selectedcolor>White</selectedcolor>
                    </control>					
                    <control type="label">
                        <left>75</left>
                        <top>40</top>
                        <width>295</width>
                        <aligny>top</aligny>
						<font>List_Hint</font>
                        <label>$INFO[ListItem.StartTime,, / ]$INFO[ListItem.EndTime]</label>
						<selectedcolor>White</selectedcolor>
                        <visible>ListItem.HasEpg</visible>
                    </control>

				</focusedlayout>
			</control>
        </control>
    </controls>
</window>