<?xml version="1.0" encoding="UTF-8"?>
<window>
	<animation effect="fade" start="0" end="100" time="300">WindowOpen</animation>
	<animation effect="fade" start="100" end="0" time="200">WindowClose</animation>
	<controls>
		<control type="group">
			<posy>80</posy>
			<control type="grouplist">
				<posx>52</posx>
				<posy>50</posy>
				<visible>String.IsEmpty(Window(Home).Property(PlayerPVRInfo))</visible>
				<control type="label">
					<width>800</width>
					<height>30</height>
					<aligny>bottom</aligny>
					<label>$INFO[PVR.ActStreamServiceName]</label>
					<font>List_Settings</font>
					<shadowcolor>black</shadowcolor>
				</control>
				<control type="label">
					<width>800</width>
					<height>30</height>
					<aligny>bottom</aligny>
					<label>$INFO[PVR.ActStreamProviderName]</label>
					<font>List_Settings</font>
					<shadowcolor>black</shadowcolor>
				</control>
				<control type="label">
					<width>800</width>
					<height>30</height>
					<aligny>bottom</aligny>
					<label>$INFO[PVR.ActStreamClient]</label>
					<font>List_Settings</font>
					<shadowcolor>black</shadowcolor>
				</control>
				<control type="label">
					<width>800</width>
					<height>30</height>
					<aligny>bottom</aligny>
					<label>$INFO[PVR.ActStreamDevice]</label>
					<font>List_Settings</font>
					<shadowcolor>black</shadowcolor>
				</control>
				<control type="label">
					<width>800</width>
					<height>30</height>
					<aligny>bottom</aligny>
					<label>$INFO[PVR.ActStreamStatus]</label>
					<font>List_Settings</font>
					<shadowcolor>black</shadowcolor>
				</control>
				<control type="label">
					<width>800</width>
					<height>30</height>
					<aligny>bottom</aligny>
					<label>$INFO[PVR.ActStreamEncryptionName]</label>
					<font>List_Settings</font>
					<shadowcolor>black</shadowcolor>
				</control>
			</control>
			<control type="grouplist">
				<posx>850</posx>
				<posy>50</posy>
				<visible>!String.IsEmpty(Window(Home).Property(PlayerPVRInfo))</visible>
				<control type="label">
					<width>400</width>
					<height>30</height>
					<aligny>bottom</aligny>
					<label>$INFO[PVR.ActStreamBer]</label>
					<font>List_Settings</font>
					<shadowcolor>black</shadowcolor>
				</control>
				<control type="label">
					<width>400</width>
					<height>30</height>
					<aligny>bottom</aligny>
					<label>$INFO[PVR.ActStreamUnc]</label>
					<font>List_Settings</font>
					<shadowcolor>black</shadowcolor>
				</control>
				<control type="label">
					<width>400</width>
					<height>30</height>
					<aligny>bottom</aligny>
					<label>$INFO[PVR.ActStreamMux]</label>
					<font>List_Settings</font>
					<shadowcolor>black</shadowcolor>
				</control>
				<control type="label">
					<width>400</width>
					<height>30</height>
					<aligny>bottom</aligny>
					<label>$INFO[PVR.ActStreamSignal]</label>
					<font>List_Settings</font>
					<shadowcolor>black</shadowcolor>
				</control>
				<control type="progress">
					<posy>5</posy>
					<width>400</width>
					<height>18</height>
					<info>PVR.ActStreamProgrSignal</info>
				</control>
				<control type="label">
					<posy>5</posy>
					<width>400</width>
					<height>30</height>
					<aligny>bottom</aligny>
					<label>$INFO[PVR.ActStreamSNR]</label>
					<font>List_Settings</font>
					<shadowcolor>black</shadowcolor>
				</control>
				<control type="progress">
					<posy>0</posy>
					<width>400</width>
					<height>18</height>
					<info>PVR.ActStreamProgrSNR</info>
				</control>
			</control>
			<control type="grouplist">
				<posx>52</posx>
				<posy>20</posy>
				<visible>String.IsEmpty(Window(Home).Property(PlayerPVRInfo))</visible>
				<control type="label">
					<width>1000</width>
					<height>30</height>
					<aligny>bottom</aligny>
					<label>$INFO[Player.Process(videodecoder)]</label>
					<font>List_Settings</font>
					<shadowcolor>black</shadowcolor>
					<visible>Player.HasVideo</visible>
				</control>
				<control type="label">
					<width>1000</width>
					<height>30</height>
					<aligny>bottom</aligny>
					<label>$INFO[Player.Process(pixformat)]</label>
					<font>List_Settings</font>
					<shadowcolor>black</shadowcolor>
					<visible>Player.HasVideo</visible>
				</control>
				<control type="label">
					<width>1000</width>
					<height>30</height>
					<aligny>bottom</aligny>
					<label>$INFO[Player.Process(deintmethod)]</label>
					<font>List_Settings</font>
					<shadowcolor>black</shadowcolor>
					<visible>Player.HasVideo</visible>
				</control>
				<control type="label">
					<width>1000</width>
					<height>30</height>
					<aligny>bottom</aligny>
					<label>$INFO[Player.Process(videowidth),,x]$INFO[Player.Process(videoheight),, px]$INFO[Player.Process(videodar),$COMMA , AR]$INFO[Player.Process(videofps),$COMMA , FPS]</label>
					<font>List_Settings</font>
					<shadowcolor>black</shadowcolor>
					<visible>Player.HasVideo</visible>
				</control>
				<control type="label">
					<width>1000</width>
					<height>30</height>
					<aligny>bottom</aligny>
					<label>[COLOR blue]$LOCALIZE[460]:[/COLOR] $INFO[Player.Process(audiochannels),,$COMMA ]$INFO[Player.Process(audiodecoder)]$INFO[Player.Process(audiobitspersample),$COMMA , bits]$INFO[Player.Process(audiosamplerate),$COMMA , Hz]</label>
					<font>List_Settings</font>
					<shadowcolor>black</shadowcolor>
				</control>
				<control type="label">
					<width>1000</width>
					<height>30</height>
					<aligny>bottom</aligny>
					<label>$INFO[System.Memory(used.percent)]</label>
					<font>List_Settings</font>
					<shadowcolor>black</shadowcolor>
				</control>
				<control type="label">
					<width>1000</width>
					<height>60</height>
					<aligny>bottom</aligny>
					<label>$INFO[System.CpuUsage]</label>
					<font>List_Settings</font>
					<shadowcolor>black</shadowcolor>
					<wrapmultiline>true</wrapmultiline>
				</control>
			</control>
		</control>
	</controls>
</window>
