<?xml version="1.0" encoding="utf-8"?>
<window>
    <defaultcontrol always="true">29</defaultcontrol>
    <controls>
        <control type="group">
            <visible>!Window.IsVisible(FileBrowser)</visible>
            <animation type="WindowClose">
                <effect type="fade" time="300" />
                <effect type="slide" end="+1500,0" time="300" />
            </animation>
            <animation type="WindowOpen">
                <effect type="fade" time="300" />
                <effect type="slide" start="+1500,0" time="300" />
            </animation>
            <control type="label">
				<left>180</left>
				<include>ViewMainTitle</include>
                <label>$LOCALIZE[19205]</label>
            </control>
            <!-- Group List -->
			<control type="group">
                <description>Group list</description>
                <left>180</left>
                <top>290</top>
				<control type="image">
					<width>305</width>
					<height>45</height>
					<texture>tile.png</texture>
					<fadetime>200</fadetime>
					<aspectratio scalediffuse="false">stretch</aspectratio>
				</control>
                <control type="image">
                    <left>0</left>
                    <top>50</top>
                    <width>305</width>
                    <height>270</height>
                    <texture>tile.png</texture>
                    <fadetime>200</fadetime>
                </control>
                <control type="label">
                    <description>name label</description>
                    <left>0</left>
                    <top>0</top>
                    <width>305</width>
					<font>Panel_Hint</font>
					<align>center</align>
                    <label>[B]$LOCALIZE[19146][/B]</label>
                </control>
                <control type="list" id="13">
                    <left>0</left>
                    <top>50</top>
                    <width>305</width>
                    <height>270</height>
                    <ondown>13</ondown>
                    <onup>13</onup>
                    <onleft>9000</onleft>
                    <onright>11</onright>
                    <pagecontrol>73</pagecontrol>
                    <scrolltime>200</scrolltime>
                    <itemlayout height="45">
                        <control type="label">
                            <left>10</left>
                            <top>0</top>
                            <width>290</width>
                            <height>40</height>
							<font>List_Unfocused</font>
							<info>ListItem.Label</info>
                        </control>
                    </itemlayout>
                    <focusedlayout height="45">
						<control type="image">
                            <width>305</width>
                            <height>45</height>
                            <texture>tile.png</texture>
                            <visible>Control.HasFocus(13)</visible>
                        </control>
                        <control type="label">
                            <left>10</left>
                            <top>0</top>
                            <width>290</width>
                            <height>40</height>
							<font>List_Focused</font>
                            <info>ListItem.Label</info>
							<textcolor>Accent</textcolor>
							<visible>Control.HasFocus(13)</visible>
                        </control>
						<control type="label">
                            <left>10</left>
                            <top>0</top>
                            <width>290</width>
                            <height>40</height>
							<font>List_Unfocused</font>
                            <info>ListItem.Label</info>
							<visible>!Control.HasFocus(13)</visible>
                        </control>
                    </focusedlayout>
                </control>
                <control type="scrollbar" id="73">
                    <left>310</left>
                    <top>50</top>
                    <width>5</width>
                    <height>270</height>
                    <texturesliderbackground></texturesliderbackground>
                    <textureslidernib>bar.png</textureslidernib>
                    <textureslidernibfocus>scroll_nib.png</textureslidernibfocus>
                    <texturesliderbar></texturesliderbar>
                    <texturesliderbarfocus></texturesliderbarfocus>
                    <showonepage>true</showonepage>
                    <orientation>vertical</orientation>
                </control>
			</control>
			<!-- Hidden Channels List -->
            <control type="group">
                <description>Channels list</description>
                <left>500</left>
                <top>290</top>
				<control type="image">
					<width>350</width>
					<height>45</height>
					<texture>tile.png</texture>
					<fadetime>200</fadetime>
					<aspectratio scalediffuse="false">stretch</aspectratio>
				</control>
				 <!--  Channel Nr Backgroud -->
				<control type="image">
					<top>50</top>
                    <width>45</width>
                    <height>270</height>
                    <texture>other_textures/black-back.png</texture>
                </control>
                <control type="image">
                    <left>50</left>
                    <top>50</top>
                    <width>300</width>
                    <height>270</height>
                    <texture>tile.png</texture>
                    <fadetime>200</fadetime>
                    <aspectratio scalediffuse="false">stretch</aspectratio>
                </control>
                <control type="label">
                    <description>name label</description>
                    <left>0</left>
                    <top>0</top>
                    <width>305</width>
					<font>Panel_Hint</font>
					<align>center</align>
                    <label>[B]$LOCALIZE[19022][/B]</label>
                </control>
                <control type="list" id="11">
                    <left>0</left>
                    <top>50</top>
                    <width>350</width>
                    <height>270</height>
                    <onup>11</onup>
                    <ondown>11</ondown>
                    <onleft>13</onleft>
                    <onright>12</onright>
                    <pagecontrol>71</pagecontrol>
                    <scrolltime>200</scrolltime>
                    <itemlayout height="45">
                        <control type="label">
                            <left>0</left>
                            <width>45</width>
                            <align>center</align>
							<font>List_Unfocused</font>
                            <label>$INFO[ListItem.ChannelNumberLabel]</label>
                        </control>
                        <control type="label">
                            <left>65</left>
                            <width>280</width>
							<font>List_Unfocused</font>
                            <label>$INFO[ListItem.ChannelName]</label>
                        </control>
                    </itemlayout>
                    <focusedlayout height="45">
                        <control type="image">
                            <left>50</left>
                            <top>0</top>
                            <width>300</width>
                            <height>45</height>
                            <texture>tile.png</texture>
							<visible>Control.HasFocus(11)</visible>
                        </control>
                        <control type="image">
                            <width>45</width>
                            <height>45</height>
                            <texture>tile.png</texture>
							<visible>Control.HasFocus(11)</visible>
                        </control>
			           <control type="label">
                            <left>0</left>
                            <width>45</width>
                            <align>center</align>
							<font>List_Focused</font>
                            <label>$INFO[ListItem.ChannelNumberLabel]</label>
							<visible>Control.HasFocus(11)</visible>
							<textcolor>Accent</textcolor>
                        </control>
                        <control type="label">
                            <left>65</left>
                            <width>280</width>
                  			<font>List_Focused</font>
                            <label>$INFO[ListItem.ChannelName]</label>
							<visible>Control.HasFocus(11)</visible>
							<textcolor>Accent</textcolor>
                        </control>
						 <control type="label">
                            <left>0</left>
                            <width>45</width>
                            <align>center</align>
							<font>List_Unfocused</font>
                            <label>$INFO[ListItem.ChannelNumberLabel]</label>
							<visible>!Control.HasFocus(11)</visible>
                        </control>
                        <control type="label">
                            <left>65</left>
                            <width>280</width>
                  			<font>List_Unfocused</font>
                            <label>$INFO[ListItem.ChannelName]</label>
							<visible>!Control.HasFocus(11)</visible>
                        </control>
                    </focusedlayout>
                </control>
                <control type="scrollbar" id="71">
                    <left>355</left>
                    <top>50</top>
                    <width>5</width>
                    <height>270</height>
                    <texturesliderbackground></texturesliderbackground>
                    <textureslidernib>bar.png</textureslidernib>
                    <textureslidernibfocus>scroll_nib.png</textureslidernibfocus>
                    <texturesliderbar></texturesliderbar>
                    <texturesliderbarfocus></texturesliderbarfocus>
                    <showonepage>true</showonepage>
                    <orientation>vertical</orientation>
                </control>
            </control>
			<!-- Group Channels List-->
            <control type="group">
                <description>Grouped Channels list</description>
                <left>865</left>
                <top>290</top>
				<control type="image">
					<width>350</width>
					<height>45</height>
					<texture>tile.png</texture>
					<fadetime>200</fadetime>
					<aspectratio scalediffuse="false">stretch</aspectratio>
				</control>
				 <!--  Channel Nr Backgroud -->
				<control type="image">
					<top>50</top>
                    <width>45</width>
                    <height>270</height>
                    <texture>other_textures/black-back.png</texture>
                </control>
                <control type="image">
                    <left>50</left>
                    <top>50</top>
                    <width>300</width>
                    <height>270</height>
                    <texture>tile.png</texture>
                    <fadetime>200</fadetime>
                    <aspectratio scalediffuse="false">stretch</aspectratio>
                </control>
				<control type="label" id="22">
						<description>name label</description>
						<left>0</left>
						<top>0</top>
						<width>350</width>
						<font>Panel_Hint</font>
						<align>center</align>
					</control>
                <control type="list" id="12">
                    <left>0</left>
                    <top>50</top>
                    <width>350</width>
                    <height>270</height>
                    <onup>12</onup>
                    <ondown>12</ondown>
                    <onleft>11</onleft>
                    <onright>9000</onright>
                    <pagecontrol>72</pagecontrol>
                    <scrolltime>200</scrolltime>
                    <itemlayout height="45">
                        <control type="label">
                            <left>0</left>
                            <width>45</width>
							<font>List_Unfocused</font>
                            <align>center</align>
                            <label>$INFO[ListItem.ChannelNumberLabel]</label>
                        </control>
                        <control type="label">
                            <left>65</left>
                            <width>280</width>
							<font>List_Unfocused</font>
                            <label>$INFO[ListItem.ChannelName]</label>
                        </control>
                    </itemlayout>
                    <focusedlayout height="45">
                        <control type="image">
                            <left>50</left>
                            <top>0</top>
                            <width>300</width>
                            <height>45</height>
							<texture>tile.png</texture>
                            <visible>Control.HasFocus(12)</visible>
                        </control>
                        <control type="image">
                            <width>45</width>
                            <height>45</height>
                            <texture>tile.png</texture>
                            <visible>Control.HasFocus(12)</visible>
                        </control>
			            <control type="label">
                            <left>0</left>
                            <width>45</width>
							<font>List_Focused</font>
                            <align>center</align>
                            <label>$INFO[ListItem.ChannelNumberLabel]</label>
							<textcolor>Accent</textcolor>
							<visible>Control.HasFocus(12)</visible>
                        </control>
                        <control type="label">
                            <left>65</left>
                            <width>280</width>
                            <font>List_Focused</font>
                            <label>$INFO[ListItem.ChannelName]</label>
							<textcolor>Accent</textcolor>
							<visible>Control.HasFocus(12)</visible>							
                        </control>
						<control type="label">
                            <left>0</left>
                            <width>45</width>
							<font>List_Unfocused</font>
                            <align>center</align>
                            <label>$INFO[ListItem.ChannelNumberLabel]</label>
							<visible>!Control.HasFocus(12)</visible>
                        </control>
                        <control type="label">
                            <left>65</left>
                            <width>280</width>
                            <font>List_Unfocused</font>
                            <label>$INFO[ListItem.ChannelName]</label>
							<visible>!Control.HasFocus(12)</visible>							
                        </control>
                    </focusedlayout>
                </control>
                <control type="scrollbar" id="72">
                    <left>360</left>
                    <top>50</top>
                    <width>5</width>
                    <height>270</height>
                    <texturesliderbackground></texturesliderbackground>
                    <textureslidernib>bar.png</textureslidernib>
                    <textureslidernibfocus>scroll_nib.png</textureslidernibfocus>
                    <texturesliderbar></texturesliderbar>
                    <texturesliderbarfocus></texturesliderbarfocus>
                    <showonepage>true</showonepage>
                    <orientation>vertical</orientation>
                </control>
            </control>
            <!-- OK, ADD, RENAME , DELTE BUTTONS-->
			<control type="grouplist" id="9000">
                <left>25</left>
				<top>290</top>
				<width>145</width>
				<height>250</height>
				<itemgap>5</itemgap>
                <orientation>vertical</orientation>
                <onleft>12</onleft>
                <onright>13</onright>
                <onup>9000</onup>
                <ondown>9000</ondown>
				
				
                <control type="button" id="29">
                    <description>OK</description>
                    <width>145</width>
                    <label>186</label>
                    <textoffsetx>10</textoffsetx>
					<font>Panel_Hint</font>						
					<align>center</align>
					<texturefocus>button.png</texturefocus>
					<texturenofocus>tile.png</texturenofocus>
					<focusedcolor>White</focusedcolor>
                </control>
				<control type="togglebutton" id="34">
					<description>TV Radio Groups toggle</description>
					<width>145</width>
					<textoffsetx>10</textoffsetx>
					<font>Panel_Hint</font>						
					<align>center</align>
					<label>19174 </label>
					<altlabel>19173</altlabel>
					<texturefocus>button.png</texturefocus>
					<texturenofocus>tile.png</texturenofocus>
					<focusedcolor>White</focusedcolor>
				</control>
                <control type="radiobutton" id="25">
					<description>Hide Group</description>
					<description>OK</description>
                    <width>145</width>
                    <label>31047</label>
                    <textoffsetx>10</textoffsetx>
					<font>Panel_Hint</font>						
					<align>center</align>
					<texturefocus>button.png</texturefocus>
					<texturenofocus>tile.png</texturenofocus>
				</control>
				<control type="button" id="26">
                    <description>Add Group</description>
                    <width>145</width>
                    <label>15019</label>
                    <textoffsetx>10</textoffsetx>
					<font>Panel_Hint</font>						
					<align>center</align>
					<texturefocus>button.png</texturefocus>
					<texturenofocus>tile.png</texturenofocus>
					<focusedcolor>White</focusedcolor>
                </control>
                <control type="button" id="27">
                    <description>Rename Group</description>
                    <width>145</width>
                    <label>118</label>
                    <textoffsetx>10</textoffsetx>
					<font>Panel_Hint</font>						
					<align>center</align>
					<texturefocus>button.png</texturefocus>
					<texturenofocus>tile.png</texturenofocus>
					<focusedcolor>White</focusedcolor>
                </control>
                <control type="button" id="28">
                    <description>Delete Group</description>
                    <width>145</width>
                    <label>117</label>
                    <textoffsetx>10</textoffsetx>
					<font>Panel_Hint</font>						
					<align>center</align>
					<texturefocus>button.png</texturefocus>
					<texturenofocus>tile.png</texturenofocus>
					<focusedcolor>White</focusedcolor>
                </control>
            </control>
        </control>
        <control type="label" id="20">
            <description>Fake Label used to pass on name label</description>
            <visible>false</visible>
        </control>
    </controls>
</window>