<?xml version="1.0" encoding="UTF-8"?>
<window>
	<defaultcontrol always="true">10</defaultcontrol>

	<controls>


		<control type="group" id="70">
			<description>Radio text info list</description>
			<left>40</left>
			<top>455</top>
			<control type="label">
				<description>Info label</description>
				<left>375</left>
				<top>0</top>
				<width>110</width>
				<height>25</height>
				<align>right</align>
				<aligny>center</aligny>
				<font>List_Settings</font>
				<textcolor>blue</textcolor>
				<label>$LOCALIZE[29915]:</label>
			</control>
			<control type="spincontrol" id="21">
				<description>Source Type</description>
				<left>740</left>
				<top>5</top>
				<font>List_Settings</font>
				<textcolor>white</textcolor>
				<aligny>center</aligny>
				<label></label>
				<textoffsetx>10</textoffsetx>
				<onright>21</onright>
				<onleft>21</onleft>
				<onup>9000</onup>
				<ondown>9000</ondown>
			</control>
			<control type="spincontrol" id="60">
				<description>Next page button</description>
				<left>0</left>
				<top>155</top>
				<subtype>page</subtype>
				<font></font>
				<onright>9000</onright>
				<onleft>9000</onleft>
				<ondown>21</ondown>
				<onup>21</onup>
				<textcolor></textcolor>
				<showonepage>true</showonepage>
			</control>
			<control type="textbox" id="22">
				<description>PLOT</description>
				<left>0</left>
				<top>30</top>
				<width>800</width>
				<height>120</height>
				<font>List_Settings</font>
				<align>justify</align>
				<pagecontrol>60</pagecontrol>
				<label></label>
			</control>
		</control>
		<control type="grouplist" id="9000">
			<left>40</left>
			<top>620</top>
			<width>790</width>
			<height>40</height>
			<itemgap>5</itemgap>
			<align>center</align>
			<orientation>horizontal</orientation>
			<onleft>60</onleft>
			<onright>60</onright>
			<onup>21</onup>
			<ondown>21</ondown>
			<control type="button" id="10">
				<description>OK</description>
				<label>186</label>
			</control>
		</control>
	</controls>
</window>
