<?xml version="1.0" encoding="utf-8"?>
<window type="dialog">
	<zorder>1</zorder>
    <defaultcontrol always="true">3</defaultcontrol>
     
    <controls>
      


		    <control type="group">
			
			<visible>![Window.IsVisible(numericinput) | [Player.HasGame + VideoPlayer.IsFullScreen ]]</visible>
              <include>GlobalOverlay</include>
			<animation type="WindowOpen">
                <effect type="slide" time="400" start="1280" end="0" easing="out" tween="cubic" />
            </animation>
            <animation type="WindowClose">
                <effect type="slide" time="400" start="0" end="1280" easing="in" tween="cubic" />
            </animation>
       

			<control type="group">
				<visible>!Skin.HasSetting(ThemeBackgroundColor)</visible>
				<control type="image">
					<width>1280</width>
					<height>720</height>
					<texture>other_textures/black-back.png</texture>
				</control>           
				<control type="image">
				<width>1280</width>
					<height>720</height>
					<texture>other_textures/black-back.png</texture>
				</control>
				<control type="image">
				<width>1280</width>
					<height>720</height>
					<texture>boxBackground.png</texture>
				</control>
				<control type="image">
				<width>1280</width>
					<height>720</height>
					<texture>music_fanart_diffuse.png</texture>
				</control>
				
			</control>
			<control type="group">
				<visible>Skin.HasSetting(ThemeBackgroundColor)</visible>
				<control type="image">
				<width>1280</width>
					<height>720</height>
					<texture>button.png</texture>
				</control>           
				<control type="image">
				<width>1280</width>
					<height>720</height>
					<texture>tile.png</texture>
				</control>

			</control>	

			<control type="group">	
				<visible>!String.IsEmpty(Container(3).ListItem.Art(thumb)) | !String.IsEmpty(Container(6).ListItem.Art(thumb))</visible>
				<control type="image">
					<left>50</left>
					<top>70</top>
					<width>590</width>
					<height>540</height>
					<texture>tile.png</texture>
				</control>
			</control>
			
		
			<control type="group">	
				<visible>String.IsEmpty(Container(3).ListItem.Art(thumb)) + String.IsEmpty(Container(6).ListItem.Art(thumb))</visible>
				<control type="image">
					<left>50</left>
					<top>70</top>
					<width>1180</width>
					<height>540</height>
					<texture>tile.png</texture>
				</control>
			</control>
				
			<control type="label" id="1">
                <description>header label</description>
                <left>50</left>
                <top>20</top>
                <width>1280</width>
                <font>Panel_Description_Title</font>
                <align>left</align>
                <label></label>
            </control>
            <control type="list" id="3">
                <left>50</left>
                <top>70</top>
                <width>1180</width>
                <height>540</height>
                <itemgap></itemgap>
				<onright>5</onright>
				<onleft>5</onleft>
				<onup>3</onup>
                <ondown>3</ondown>
                <itemlayout height="45" condition="!String.IsEmpty(Container(3).ListItem.Art(thumb))">
                    <control type="label">
							<left>10</left>
                        <width>570</width>
                        <label>$INFO[ListItem.Label] $INFO[ListItem.Label2]</label>
                        <font>List_Right_Menu</font>
             
                    </control>
                </itemlayout>
                <focusedlayout height="45" condition="!String.IsEmpty(Container(3).ListItem.Art(thumb))">
                    <control type="image">
                        <width>590</width>
                        <height>45</height>
                        <texture>tile.png</texture>
                        <animation effect="fade" start="100" end="50" condition="!Control.HasFocus(3)">Conditional</animation>
                    </control>
                    <control type="label">
                        <left>10</left>
                        <width>570</width>
                        <label>$INFO[ListItem.Label] $INFO[ListItem.Label2]</label>
						<font>List_Right_Menu</font>
						<textcolor>Accent</textcolor>

                    </control>
                </focusedlayout>
				<itemlayout height="45" condition="String.IsEmpty(Container(3).ListItem.Art(thumb))">
                    <control type="label">
							<left>10</left>
                        <width>1160</width>
                        <label>$INFO[ListItem.Label] $INFO[ListItem.Label2]</label>
                        <font>List_Right_Menu</font>
             
                    </control>
                </itemlayout>
                <focusedlayout height="45" condition="String.IsEmpty(Container(3).ListItem.Art(thumb))">
                    <control type="image">
                        <width>1180</width>
                        <height>45</height>
                        <texture>tile.png</texture>
                        <animation effect="fade" start="100" end="50" condition="!Control.HasFocus(3)">Conditional</animation>
                    </control>
                    <control type="label">
                        <left>10</left>
                        <width>1160</width>
                        <label>$INFO[ListItem.Label] $INFO[ListItem.Label2]</label>
						<font>List_Right_Menu</font>
						<textcolor>Accent</textcolor>

                    </control>
                </focusedlayout>
            </control>
            
			<control type="label" id="2">
                <description>Number Of Files</description>
                <left>20</left>
                <top>50</top>
                <width>180</width>
					<height>45</height>
                <font>Panel_Info</font>
            </control>

			<control type="list" id="6">
                <left>50</left>
                <top>70</top>
                <width>1180</width>
                <height>540</height>
                <itemgap></itemgap>
					<onright>5</onright>
					<onleft>5</onleft>
					<onup>6</onup>
                <ondown>6</ondown>
       <itemlayout height="45" condition="!String.IsEmpty(Container(6).ListItem.Art(thumb))">
                    <control type="label">
							<left>10</left>
                        <width>570</width>
                        <label>$INFO[ListItem.Label] $INFO[ListItem.Label2]</label>
                        <font>List_Right_Menu</font>
             
                    </control>
                </itemlayout>
                <focusedlayout height="45" condition="!String.IsEmpty(Container(6).ListItem.Art(thumb))">
                    <control type="image">
                        <width>590</width>
                        <height>45</height>
                        <texture>tile.png</texture>
                        <animation effect="fade" start="100" end="50" condition="!Control.HasFocus(6)">Conditional</animation>
                    </control>
                    <control type="label">
                        <left>10</left>
                        <width>570</width>
                        <label>$INFO[ListItem.Label] $INFO[ListItem.Label2]</label>
						<font>List_Right_Menu</font>
						<textcolor>Accent</textcolor>

                    </control>
                </focusedlayout>
				<itemlayout height="45" condition="String.IsEmpty(Container(6).ListItem.Art(thumb))">
                    <control type="label">
							<left>10</left>
                        <width>1160</width>
                        <label>$INFO[ListItem.Label] $INFO[ListItem.Label2]</label>
                        <font>List_Right_Menu</font>
             
                    </control>
                </itemlayout>
                <focusedlayout height="45" condition="String.IsEmpty(Container(6).ListItem.Art(thumb))">
                    <control type="image">
                        <width>1180</width>
                        <height>45</height>
                        <texture>tile.png</texture>
                        <animation effect="fade" start="100" end="50" condition="!Control.HasFocus(6)">Conditional</animation>
                    </control>
                    <control type="label">
                        <left>10</left>
                        <width>1160</width>
                        <label>$INFO[ListItem.Label] $INFO[ListItem.Label2]</label>
						<font>List_Right_Menu</font>
						<textcolor>Accent</textcolor>

                    </control>
                </focusedlayout>
            
            </control>
    		
			<control type="image">
                <description>Large Icon Image</description>
                <left>645</left>
                <top>70</top>
                <width>585</width>
                <height>540</height>
                <texture fallback="defaultaddonnone.png">$INFO[Container(3).ListItem.Art(thumb)]</texture>
                <aspectratio align="center" aligny="center">keep</aspectratio>
                <bordertexture border="5">white_box.png</bordertexture>
                <bordersize>5</bordersize>
                <visible>!String.IsEmpty(Container(3).ListItem(0).Icon)</visible>
                <animation type="WindowOpen">
                    <effect type="slide" time="300" start="+1165, 0" end="0,0" easing="out" tween="cubic" />
                </animation>
                <animation type="WindowClose">
                    <effect type="slide" time="300" start="0,0" end="+1165,0" easing="in" tween="cubic" />
                </animation>
            </control>
			<control type="image">
                <description>Large Icon Image</description>
                <left>645</left>
                <top>70</top>
                <width>585</width>
                <height>540</height>
                <texture fallback="defaultaddonnone.png">$INFO[Container(3).ListItem.Icon]</texture>
                <aspectratio align="center" aligny="center">keep</aspectratio>
              <bordersize>5</bordersize>
				<bordertexture>white_box.png</bordertexture>
				
                <visible>!String.IsEmpty(Container(3).ListItem.Art(thumb))</visible>
                <animation type="WindowOpen">
                    <effect type="slide" time="300" start="+1165, 0" end="0,0" easing="out" tween="cubic" />
                </animation>
                <animation type="WindowClose">
                    <effect type="slide" time="300" start="0,0" end="+1165,0" easing="in" tween="cubic" />
                </animation>
            </control>
			<control type="image">
                <description>Large Icon Image</description>
                <left>645</left>
                <top>70</top>
                <width>585</width>
                <height>540</height>
                <texture>$INFO[Container(6).ListItem.Icon]</texture>
                <aspectratio align="center" aligny="center">keep</aspectratio>
                <bordersize>5</bordersize>
				<bordertexture>white_box.png</bordertexture>
                <visible>!String.IsEmpty(Container(6).ListItem.Art(thumb))</visible>
                <animation type="WindowOpen">
                    <effect type="slide" time="300" start="+1165, 0" end="0,0" easing="out" tween="cubic" />
                </animation>
                <animation type="WindowClose">
                    <effect type="slide" time="300" start="0,0" end="+1165,0" easing="in" tween="cubic" />
                </animation>
            </control>

			<control type="button" id="5">
                <description>Manual</description>
                <left>50</left>
                <top>615</top>
                <width>160</width>
                <label></label>
                <onup>3</onup>
                <ondown>3</ondown>
				<onright>7</onright>
				<onleft>7</onleft>	
				<font>Panel_Hint</font>
				<focusedcolor>White</focusedcolor>
				<texturefocus>button.png</texturefocus>
				<texturenofocus>tile.png</texturenofocus>
            </control>
			<control type="button" id="7">
                <description>Cancel</description>
                <left>215</left>
                <top>615</top>
                <width>160</width>
                <label></label>
				<onright>5</onright>
				<onleft>5</onleft>				
                <onup>3</onup>
                <ondown>3</ondown>
				<font>Panel_Hint</font>
				<focusedcolor>White</focusedcolor>
				<texturefocus>button.png</texturefocus>
				<texturenofocus>tile.png</texturenofocus>
            </control>
			
			</control>	

		<control type="group">
			<animation effect="slide" start="0,280" end="0,0" time="600" tween="cubic" easing="out">WindowOpen</animation>
			<animation effect="slide" start="0,0" end="0,280" time="600" tween="cubic" easing="in">WindowClose</animation>
			
			<animation type="Hidden">
				<effect type="fade" start="100" end="0" time="600" />
			</animation>
			
			
			<visible>Window.IsActive(gamestretchmode) | Window.IsActive(gamevideofilter) | Window.IsActive(gamevideorotation)</visible>
            <top>510</top>
			<control type="panel" id="11">
				<align>center</align>
				<left>30</left>
				<width>1220</width>
				<scrolltime tween="sine">200</scrolltime>
				<orientation>horizontal</orientation>
				<itemlayout width="305" height="170">
					<control type="image">
						<width>300</width>
						<height>170</height>
						<texture background="true">white_box.png</texture>
					</control>
					<control type="gamewindow">
						<top>5</top>
						<left>5</left>
						<width>290</width>
						<height>160</height>
						<videofilter>$INFO[ListItem.Property(game.videofilter)]</videofilter>
						<stretchmode>$INFO[ListItem.Property(game.stretchmode)]</stretchmode>
						<rotation>$INFO[ListItem.Property(game.videorotation)]</rotation>
					</control>
					<control type="image">
						<top>135</top>
						<left>5</left>
						<width>290</width>
						<height>30</height>
						<texture>tile.png</texture>
					</control>
					<control type="label">
						<left>10</left>
						<top>130</top>
						<width>280</width>
						<height>40</height>
						<label>$INFO[ListItem.Label]$INFO[ListItem.Label2,-]</label>
						<font>List_Right_Menu</font>
						<shadowcolor>Black</shadowcolor>
						<textcolor>White</textcolor>
					</control>
				</itemlayout>
				<focusedlayout width="305" height="170">
					<control type="image">
						<width>300</width>
						<height>170</height>
						<texture>button.png</texture>
						<animation type="Focus" reversible="false">
							<effect type="fade" start="0" end="100" time="400" easing="out" tween="linear" />
						</animation>
						<aspectratio scalediffuse="false">stretch</aspectratio>
						<colordiffuse>AccentDiffuse</colordiffuse>
					</control>
					<control type="gamewindow">
						<top>5</top>
						<left>5</left>
						<width>290</width>
						<height>160</height>
						<videofilter>$INFO[ListItem.Property(game.videofilter)]</videofilter>
						<stretchmode>$INFO[ListItem.Property(game.stretchmode)]</stretchmode>
						<rotation>$INFO[ListItem.Property(game.videorotation)]</rotation>
					</control>
						<control type="image">
						<top>135</top>
						<left>5</left>
						<width>290</width>
						<height>30</height>
						<texture>tile.png</texture>
					</control>
					<control type="label">
						<left>10</left>
						<top>130</top>
						<width>280</width>
						<height>40</height>
						<label>$INFO[ListItem.Label]$INFO[ListItem.Label2,-]</label>
						<font>List_Right_Menu</font>
						<shadowcolor>Black</shadowcolor>
						<textcolor>Accent</textcolor>
					</control>
					<control type="image">
						<width>444</width>
						<height>250</height>
						<texture border="8" colordiffuse="button_focus">buttons/thumbnail_focused.png</texture>
						<visible>Control.HasFocus(11)</visible>
					</control>
				
				</focusedlayout>
			</control>
			<control type="textbox" id="12">
				<description>Description Area</description>
				<top>175</top>
				<width>1280</width>
				<height>40</height>
				<font>List_Right_Menu</font>
				<left>30</left>
				<shadowcolor>text_shadow</shadowcolor>
				<autoscroll time="3000" delay="5000" repeat="5000">true</autoscroll>
			</control>	
		</control>
			

			
    </controls>
</window>