<?xml version="1.0" encoding="utf-8"?>
<window id="147">
    <defaultcontrol>61</defaultcontrol>
    <controls>
        <control type="group">
            <left>140</left>
            <top>140</top>
            <control type="image">
                <width>1000</width>
                <height>440</height>
				<texture>button.png</texture>
            </control>
			<control type="group">
				<visible>!Skin.HasSetting(ThemeBackgroundColor)</visible>
				<control type="image">
					<width>1000</width>
					<height>440</height>
					<bordersize>5</bordersize>
					<texture>other_textures/black-back.png</texture>
				</control>
				<control type="image">
					<width>1000</width>
					<height>440</height>>
					<bordersize>5</bordersize>
					<texture>other_textures/black-back.png</texture>
				</control>
				<control type="image">
					<width>1000</width>
					<height>440</height>
					<bordersize>5</bordersize>
					<texture>boxBackground.png</texture>
				</control>
				<control type="image">
					<width>1000</width>
					<height>440</height>
					<bordersize>5</bordersize>
					<texture>music_fanart_diffuse.png</texture>
				</control>				
			</control>
			<control type="group">
				<visible>Skin.HasSetting(ThemeBackgroundColor)</visible>
				<control type="image">
					<width>1000</width>
					<height>440</height>
					<bordersize>5</bordersize>
					<texture>button.png</texture>
				</control>
				<control type="image">
					<width>1000</width>
					<height>440</height>>
					<bordersize>5</bordersize>
					<texture>tile.png</texture>
				</control>
				<control type="image">
					<width>1000</width>
					<height>440</height>
					<bordersize>5</bordersize>
					<texture>music_fanart_diffuse.png</texture>
				</control>
			</control>	
			
			<control type="label" id="1">
                <description>header label</description>
                <left>20</left>
                <top>20</top>
                <width>950</width>
                <height>30</height>
                <font>Panel_Description_Title</font>
                </control>
            <control type="textbox" id="5">
                <description>textarea</description>
                <left>20</left>
                <top>60</top>
                <width>950</width>
                <height>355</height>
                <align>justify</align>
				<font>Panel_Info</font>
            </control>
            <control type="scrollbar" id="61">
                <left>975</left>
                <top>60</top>
                <width>5</width>
                <height>355</height>
                <onleft>Close</onleft>
                <onright>Close</onright>
                <ondown>61</ondown>
                <onup>61</onup>
                <texturesliderbackground></texturesliderbackground>
                <textureslidernib>bar.png</textureslidernib>
                <textureslidernibfocus>other_textures/buttonfo.png</textureslidernibfocus>
                <texturesliderbar></texturesliderbar>
                <texturesliderbarfocus></texturesliderbarfocus>
                <showonepage>true</showonepage>
                <orientation>vertical</orientation>
            </control>
        </control>
    </controls>
</window>