<?xml version="1.0" encoding="utf-8"?>
<window id="0">
    <defaultcontrol always="true">100</defaultcontrol>
	<onload condition="!Skin.String(FirstSkinRun)">Skin.SetString(HomeWidget1.Type,RandomMovies)</onload>
	<onload condition="!Skin.String(FirstSkinRun)">Skin.SetString(HomeWidget2.Type,RandomEpisodesThumbs)</onload>
	<onload condition="!Skin.String(FirstSkinRun)">Skin.SetString(HomeWidget3.Type,RandomAlbums)</onload>
	<onload condition="!Skin.String(FirstSkinRun)">Skin.SetString(HomeWidget1.Layout,Poster)</onload>
	<onload condition="!Skin.String(FirstSkinRun)">Skin.SetString(HomeWidget2.Layout,Thumb)</onload>
	<onload condition="!Skin.String(FirstSkinRun)">Skin.SetString(HomeWidget3.Layout,Cover)</onload>
	<onload condition="!Skin.String(FirstSkinRun)">Skin.SetString(SubMenu1Tile1.Type,Movies)</onload>
	<onload condition="!Skin.String(FirstSkinRun)">Skin.SetString(SubMenu1Tile2.Type,MovieLibrary)</onload>
	<onload condition="!Skin.String(FirstSkinRun)">Skin.SetString(SubMenu1Tile3.Type,RecentylAddedMovies)</onload>
	<onload condition="!Skin.String(FirstSkinRun)">Skin.SetString(SubMenu1Tile4.Type,VideoLibrary)</onload>
	<onload condition="!Skin.String(FirstSkinRun)">Skin.SetString(SubMenu1Tile5.Type,VideoAddons)</onload>
	<onload condition="!Skin.String(FirstSkinRun)">Skin.SetString(SubMenu2Tile1.Type,TvShows)</onload>
	<onload condition="!Skin.String(FirstSkinRun)">Skin.SetString(SubMenu2Tile2.Type,TVShowLibrary)</onload>
	<onload condition="!Skin.String(FirstSkinRun)">Skin.SetString(SubMenu2Tile3.Type,RecentylAddedEpisodes) </onload>
	<onload condition="!Skin.String(FirstSkinRun)">Skin.SetString(SubMenu2Tile4.Type,VideoLibrary)  </onload>
	<onload condition="!Skin.String(FirstSkinRun)">Skin.SetString(SubMenu2Tile5.Type,VideoAddons)</onload>
	<onload condition="!Skin.String(FirstSkinRun)">Skin.SetString(SubMenu3Tile1.Type,Albums)</onload>
	<onload condition="!Skin.String(FirstSkinRun)">Skin.SetString(SubMenu3Tile2.Type,MusicLibrary)</onload>
	<onload condition="!Skin.String(FirstSkinRun)">Skin.SetString(SubMenu3Tile3.Type,Artists)</onload>
	<onload condition="!Skin.String(FirstSkinRun)">Skin.SetString(SubMenu3Tile4.Type,MusicFiles)</onload>
	<onload condition="!Skin.String(FirstSkinRun)">Skin.SetString(SubMenu3Tile5.Type,MusicAddons)</onload>
	<onload condition="!Skin.String(FirstSkinRun)">Skin.SetString(SubMenu4Tile1.Type,TvChannels)</onload>
	<onload condition="!Skin.String(FirstSkinRun)">Skin.SetString(SubMenu4Tile2.Type,EPG)</onload>
	<onload condition="!Skin.String(FirstSkinRun)">Skin.SetString(SubMenu4Tile3.Type,RadioChannels)</onload>
	<onload condition="!Skin.String(FirstSkinRun)">Skin.SetString(SubMenu4Tile4.Type,Recordings)</onload>
	<onload condition="!Skin.String(FirstSkinRun)">Skin.SetString(SubMenu4Tile5.Type,Timers)</onload>
	<onload condition="!Skin.String(FirstSkinRun)">Skin.SetString(SubMenu3Tile5.Type,MusicAddons)</onload>
	<onload condition="!Skin.String(FirstSkinRun)">Skin.SetString(SubMenu5Tile1.Type,Games)</onload>
	<onload condition="!Skin.String(FirstSkinRun)">Skin.SetString(SubMenu5Tile2.Type,GameAddons)</onload>
	<onload condition="!Skin.String(FirstSkinRun)">Skin.SetString(SubMenu5Tile3.Type,GameSettings)</onload>	
	<onload condition="!Skin.String(FirstSkinRun)">Skin.SetString(HomeWidget1.Type,RandomMovies)</onload>
	<onload condition="!Skin.String(FirstSkinRun)">Skin.SetString(HomeMenu1.Label,Movies)</onload>
	<onload condition="!Skin.String(FirstSkinRun)">Skin.SetString(HomeMenu2.Label,Tv Shows)</onload>
	<onload condition="!Skin.String(FirstSkinRun)">Skin.SetString(HomeMenu3.Label,Music)</onload>
	<onload condition="!Skin.String(FirstSkinRun)">Skin.SetString(HomeMenu4.Label,Live TV)</onload>
	<onload condition="!Skin.String(FirstSkinRun)">Skin.SetString(HomeMenu5.Label,Games)</onload>
	<onload condition="!Skin.String(FirstSkinRun)">Skin.SetString(HomeMenu1.Image,HomeIcons/Movies.png)</onload>
	<onload condition="!Skin.String(FirstSkinRun)">Skin.SetString(HomeMenu2.Image,HomeIcons/TvShows.png)</onload>
	<onload condition="!Skin.String(FirstSkinRun)">Skin.SetString(HomeMenu3.Image,HomeIcons/Music.png)</onload>
	<onload condition="!Skin.String(FirstSkinRun)">Skin.SetString(HomeMenu4.Image,HomeIcons/LiveTv.png)</onload>
	<onload condition="!Skin.String(FirstSkinRun)">Skin.SetString(HomeMenu5.Image,HomeIcons/Games.png)</onload>
	<onload condition="!Skin.String(FirstSkinRun)">Skin.SetString(SideMenuTile1.Type,Weather)</onload>
	<onload condition="!Skin.String(FirstSkinRun)">Skin.SetString(SideMenuTile2.Type,Pictures)</onload>
	<onload condition="!Skin.String(FirstSkinRun)">Skin.SetString(SideMenuTile3.Type,Programs)</onload>
	<onload condition="!Skin.String(FirstSkinRun)">Skin.SetString(SideMenuTile4.Type,Favourites)</onload>
	<onload condition="!Skin.String(FirstSkinRun)">Skin.SetString(SideMenuTile5.Type,Addons)</onload>
	<onload condition="!Skin.String(FirstSkinRun)">Skin.SetString(SideMenuTile6.Type,SkinSettings)</onload>
	<onload condition="!Skin.String(FirstSkinRun)">Skin.SetString(SideMenuTile7.Type,Settings)</onload>
	<onload condition="!Skin.String(FirstSkinRun)">Skin.SetString(SideMenuTile8.Type,Shutdown)</onload>
	<onload condition="!Skin.String(FirstSkinRun) + !Skin.HasSetting(EnableHomeMenu1)">Skin.ToggleSetting(EnableHomeMenu1)</onload>
	<onload condition="!Skin.String(FirstSkinRun) + !Skin.HasSetting(EnableHomeMenu2)">Skin.ToggleSetting(EnableHomeMenu2)</onload>
	<onload condition="!Skin.String(FirstSkinRun) + !Skin.HasSetting(EnableHomeMenu3)">Skin.ToggleSetting(EnableHomeMenu3)</onload>
	<onload condition="!Skin.String(FirstSkinRun)">Skin.SetString(FirstSkinRun,Configured)</onload>
	<onload>Skin.Reset(showHomeHiddenMenu)</onload>
	<onunload>Skin.Reset(showHomeHiddenMenu)</onunload>
	 
	<controls>
	<include>SkinBackground</include>
	<include>HomeMenuBackground</include>
	<include>SelectedHomeWidgetBackGround</include>
	<!-- Color Walls for Now Playing  -->
	<control type="multiimage">
		<include>Dimensions_Fullscreen</include>
		<randomize>true</randomize>
		<timeperimage>4000</timeperimage>
		<fadetime>3300</fadetime>
		<pauseatend>0</pauseatend>
		<loop>true</loop>
		<aspectratio aligny="top">stretch</aspectratio>
		<imagepath background="true">walls</imagepath>
		<animation effect="fade" start="0" end="100" time="550" delay="0" tween="sine" easing="out">Visible</animation>
		<visible>Skin.HasSetting(showNowPlayingOnHome) + [Player.HasAudio | Player.HasVideo]</visible>
    </control>
	<control type="image">
		<include>Dimensions_Fullscreen</include>
		<texture>music_fanart_diffuse.png</texture>
		<animation effect="fade" start="0" end="100" time="550" delay="0" tween="sine" easing="out">Visible</animation>
		<visible>Skin.HasSetting(showNowPlayingOnHome) + [Player.HasAudio | Player.HasVideo]</visible>
    </control>
	<include>BarClock</include>
	<control type="group">
		<visible>![Window.IsVisible(2003) | Window.IsVisible(DialogAddonInfo.xml) | Window.IsVisible(DialogMusicInfo.xml) | Window.IsVisible(DialogFavourites.xml)]</visible>
	<include>NowPlayingControls</include>
	</control>	  
	<!--Group SubMenus / Widgets / Side Menu -->
	<control type="group">
		<animation type="Conditional" condition="Control.HasFocus(100) + Skin.HasSetting(showHomeZoomAnimation)">
			<effect type="zoom" end="90" center="640,360" time="300" />
		</animation>	
	<control type="group">
		<animation type="Conditional" condition="Skin.HasSetting(showHomeHiddenMenu)">
			<effect type="slide" start="0,0" end="1230,0" time="200" />
		</animation>
		<!-- This Control defines the Group of elements conforming the SubMenus and Widgets-->
		<control type="group">
		
			<animation type="TYPE" condition="Window.IsVisible(2003) | Window.IsVisible(DialogAddonInfo.xml) | Window.IsVisible(DialogMusicInfo.xml) | Window.IsVisible(DialogAddonSettings.xml)  | Window.IsVisible(DialogPVRInfo.xml) | Window.IsVisible(DialogPVRChannelGuide.xml) | Window.IsVisible(script-script.extendedinfo-DialogVideoInfo.xml)" reversible="false">
                <effect type="slide" end="-1500,0" time="200" />
            </animation>
            <animation type="TYPE" condition="!Window.IsVisible(2003) + !Window.IsVisible(DialogAddonInfo.xml) + !Window.IsVisible(DialogMusicInfo.xml) + !Window.IsVisible(DialogAddonSettings.xml) + !Window.IsVisible(DialogPVRInfo.xml) + !Window.IsVisible(DialogPVRChannelGuide.xml) + !Window.IsVisible(script-script.extendedinfo-DialogVideoInfo.xml)" reversible="false">
                <effect type="slide" start="-1500,0" time="200" />
            </animation>
		
			<animation type="WindowClose">
				<effect type="fade" time="300" />
				<effect type="slide" end="+1500,0" time="300" />
			</animation>
			<animation type="WindowOpen">
				<effect type="fade" time="300" />
				<effect type="slide" start="+1500,0" time="300" />
			</animation>
	

			<animation type="Conditional" condition="Window.IsVisible(favourites)" reversible="false">
				<effect type="fade" time="300" />
				<effect type="slide" start="0,0" end="+1500,0" time="300" />
			</animation>
			<animation type="Conditional" condition="!Window.IsVisible(favourites)" reversible="false">
				<effect type="fade" time="300" />
				<effect type="slide" start="+1500,0" end="0,0" time="300" />
			</animation>
			
			<include content="SubMenu">
				<param name="MenuNr" value="1" />
				<param name="SubMenuId" value="100000" />
				<param name="PanelId" value="100001" />
				<param name="PosterWidgetId" value="100003" />
				<param name="ThumbWidgetId" value="100004" />
			</include>
			<include content="SubMenu">
				<param name="MenuNr" value="2" />
				<param name="SubMenuId" value="200000" />
				<param name="PanelId" value="200001" />
				<param name="PosterWidgetId" value="200003" />
				<param name="ThumbWidgetId" value="200004" />
			</include>
			<include content="SubMenu">
				<param name="MenuNr" value="3" />
				<param name="SubMenuId" value="300000" />
				<param name="PanelId" value="300001" />
				<param name="PosterWidgetId" value="300003" />
				<param name="ThumbWidgetId" value="300004" />
			</include>
			<include content="SubMenu">
				<param name="MenuNr" value="4" />
				<param name="SubMenuId" value="400000" />
				<param name="PanelId" value="400001" />
				<param name="PosterWidgetId" value="400003" />
				<param name="ThumbWidgetId" value="400004" />
			</include>
			<include content="SubMenu">
				<param name="MenuNr" value="5" />
				<param name="SubMenuId" value="500000" />
				<param name="PanelId" value="500001" />
				<param name="PosterWidgetId" value="500003" />
				<param name="ThumbWidgetId" value="500004" />
			</include>
			<include content="SubMenu">
				<param name="MenuNr" value="6" />
				<param name="SubMenuId" value="600000" />
				<param name="PanelId" value="600001" />
				<param name="PosterWidgetId" value="600003" />
				<param name="ThumbWidgetId" value="600004" />
			</include>
			<include content="SubMenu">
				<param name="MenuNr" value="7" />
				<param name="SubMenuId" value="700000" />
				<param name="PanelId" value="700001" />
				<param name="PosterWidgetId" value="700003" />
				<param name="ThumbWidgetId" value="700004" />
			</include>
			<include content="SubMenu">
				<param name="MenuNr" value="8" />
				<param name="SubMenuId" value="800000" />
				<param name="PanelId" value="800001" />
				<param name="PosterWidgetId" value="800003" />
				<param name="ThumbWidgetId" value="800004" />
			</include>
			<include content="SubMenu">
				<param name="MenuNr" value="9" />
				<param name="SubMenuId" value="900000" />
				<param name="PanelId" value="900001" />
				<param name="PosterWidgetId" value="900003" />
				<param name="ThumbWidgetId" value="900004" />
			</include>
			<include content="SubMenu">
				<param name="MenuNr" value="10" />
				<param name="SubMenuId" value="1000000" />
				<param name="PanelId" value="1000001" />
				<param name="PosterWidgetId" value="1000003" />
				<param name="ThumbWidgetId" value="1000004" />
			</include>
			

			

	<include content="HomeWidget"><param name="MenuNr" value="1"/></include>
	<include content="HomeWidget"><param name="MenuNr" value="2"/></include>
	<include content="HomeWidget"><param name="MenuNr" value="3"/></include>
	<include content="HomeWidget"><param name="MenuNr" value="4"/></include>
	<include content="HomeWidget"><param name="MenuNr" value="5"/></include>
	<include content="HomeWidget"><param name="MenuNr" value="6"/></include>
	<include content="HomeWidget"><param name="MenuNr" value="7"/></include>
	<include content="HomeWidget"><param name="MenuNr" value="8"/></include>
	<include content="HomeWidget"><param name="MenuNr" value="9"/></include>
	<include content="HomeWidget"><param name="MenuNr" value="10"/></include>
	
			<!-- 6 Day Forecast Widget-->
			<control type="panel" id="30000">
				<include>WidgetSlideAnimation</include>
				<visible>!$EXP[isFullHomeWidget] + ![Skin.HasSetting(showNowPlayingOnHome) + [Player.HasAudio | Player.HasVideo]] + [
				[String.IsEqual(Container(100).ListItem.Property(SelectedMainMenu),MainMenu1) + String.IsEqual(Skin.String(HomeWidget1.Type),Weather)] |
				[String.IsEqual(Container(100).ListItem.Property(SelectedMainMenu),MainMenu2) + String.IsEqual(Skin.String(HomeWidget2.Type),Weather)] |
				[String.IsEqual(Container(100).ListItem.Property(SelectedMainMenu),MainMenu3) + String.IsEqual(Skin.String(HomeWidget3.Type),Weather)] |
				[String.IsEqual(Container(100).ListItem.Property(SelectedMainMenu),MainMenu4) + String.IsEqual(Skin.String(HomeWidget4.Type),Weather)] |
				[String.IsEqual(Container(100).ListItem.Property(SelectedMainMenu),MainMenu5) + String.IsEqual(Skin.String(HomeWidget5.Type),Weather)] |
				[String.IsEqual(Container(100).ListItem.Property(SelectedMainMenu),MainMenu6) + String.IsEqual(Skin.String(HomeWidget6.Type),Weather)] |
				[String.IsEqual(Container(100).ListItem.Property(SelectedMainMenu),MainMenu7) + String.IsEqual(Skin.String(HomeWidget7.Type),Weather)] |
				[String.IsEqual(Container(100).ListItem.Property(SelectedMainMenu),MainMenu8) + String.IsEqual(Skin.String(HomeWidget8.Type),Weather)] |
				[String.IsEqual(Container(100).ListItem.Property(SelectedMainMenu),MainMenu9) + String.IsEqual(Skin.String(HomeWidget9.Type),Weather)] |
				[String.IsEqual(Container(100).ListItem.Property(SelectedMainMenu),MainMenu10) + String.IsEqual(Skin.String(HomeWidget10.Type),Weather)] ]</visible>
        		<orientation>horizontal</orientation>
				<top>290</top>
				<left>380</left>
				<height>315</height>
				<width>800</width>
				<onup>100</onup>
				<onleft condition="String.IsEqual(Container(100).ListItem.Property(SelectedMainMenu),MainMenu1)">100000</onleft>
				<onleft condition="String.IsEqual(Container(100).ListItem.Property(SelectedMainMenu),MainMenu2)">200000</onleft>
				<onleft condition="String.IsEqual(Container(100).ListItem.Property(SelectedMainMenu),MainMenu3)">300000</onleft>
				<onleft condition="String.IsEqual(Container(100).ListItem.Property(SelectedMainMenu),MainMenu4)">400000</onleft>
				<onleft condition="String.IsEqual(Container(100).ListItem.Property(SelectedMainMenu),MainMenu5)">500000</onleft>
				<onleft condition="String.IsEqual(Container(100).ListItem.Property(SelectedMainMenu),MainMenu6)">600000</onleft>
				<onleft condition="String.IsEqual(Container(100).ListItem.Property(SelectedMainMenu),MainMenu7)">700000</onleft>
				<onleft condition="String.IsEqual(Container(100).ListItem.Property(SelectedMainMenu),MainMenu8)">800000</onleft>
				<onleft condition="String.IsEqual(Container(100).ListItem.Property(SelectedMainMenu),MainMenu9)">900000</onleft>
				<onleft condition="String.IsEqual(Container(100).ListItem.Property(SelectedMainMenu),MainMenu10)">1000000</onleft>
                <itemlayout width="160" height="315">
                    <control type="image">
                        <width>155</width>
                        <height>315</height>
                        <texture>tile.png</texture>
		            </control>
					<!-- Day -->
                    <control type="label">
                        <label>$INFO[ListItem.Label]</label>
                        <left>5</left>
						<top>5</top>
						<width>145</width>
						<height>45</height>
						<aligny>top</aligny>
						<font>WeatherDay</font>
						<align>center</align>
                    </control>
					<!-- High / Low Temp -->
                    <control type="label">
                        <description>Day 1 Label</description>
						<label>$INFO[ListItem.Property(HighTemp)]$INFO[System.TemperatureUnits] | $INFO[ListItem.Property(LowTemp)]$INFO[System.TemperatureUnits]</label>
                        <left>5</left>
						<top>265</top>
						<width>145</width>
						<font>WeatherExtrema</font>
						<align>center</align>
                    </control>
                    <control type="label">
                        <info>ListItem.Property(Outlook)</info>
                        <width>145</width>
						<left>5</left>
						<top>165</top>
						<font>WeatherOutlook</font>
						<align>center</align>
						<aligny>top</aligny>
						<wrapmultiline>true</wrapmultiline>
                    </control>
					<control type="label">
						<description>Day 0 Label</description>
						<left>5</left>
						<top>210</top>
						<width>145</width>
						<font>WeatherCurrentTemperature</font>
						<align>center</align>
						<label>$INFO[ListItem.Label2]</label>
					</control>					
                    <control type="image">
                        <left>15</left>
						<top>50</top>
						<width>125</width>
						<height>125</height>
                        <texture>$INFO[ListItem.Art(thumb)]</texture>
                    </control>
                </itemlayout>
				<focusedlayout width="160" height="315">
                    <control type="image">
                        <width>155</width>
                        <height>315</height>
					   <texture>button.png</texture>
						<animation type="Focus" reversible="false">
							<effect type="fade" start="0" end="100" time="400" easing="out" tween="linear" />
						</animation>
						<colordiffuse>AccentDiffuse</colordiffuse>
		            </control>
					<!-- Day -->
                    <control type="label">
                        <label>$INFO[ListItem.Label]</label>
                        <left>5</left>
						<top>5</top>
						<width>145</width>
						<height>45</height>
						<aligny>top</aligny>
						<font>WeatherDay</font>
						<align>center</align>
                    </control>
					<!-- High / Low Temp -->
                    <control type="label">
                        <description>Day 1 Label</description>
						<label>$INFO[ListItem.Property(HighTemp)]$INFO[System.TemperatureUnits] | $INFO[ListItem.Property(LowTemp)]$INFO[System.TemperatureUnits]</label>
                        <left>5</left>
						<top>265</top>
						<width>145</width>
						<font>WeatherExtrema</font>
						<align>center</align>
                    </control>
                    <control type="label">
                        <info>ListItem.Property(Outlook)</info>
                        <width>145</width>
						<left>5</left>
						<top>165</top>
						<font>WeatherOutlook</font>
						<align>center</align>
						<aligny>top</aligny>
						<wrapmultiline>true</wrapmultiline>
                    </control>
					<control type="label">
						<description>Day 0 Label</description>
						<left>5</left>
						<top>210</top>
						<width>145</width>
						<font>WeatherCurrentTemperature</font>
						<align>center</align>
						<label>$INFO[ListItem.Label2]</label>
					</control>	
					
                    <control type="image">
                        <left>15</left>
						<top>50</top>
						<width>125</width>
						<height>125</height>
                        <texture>$INFO[ListItem.Art(thumb)]</texture>
                    </control>
                </focusedlayout>
				<include>WeatherWidgetContent</include>
				
				
			</control>
	
		<!-- 6 Day Forecast Full Widget-->
			<control type="panel">
				<include>WidgetSlideAnimation</include>
				<visible>$EXP[isFullHomeWidget] + ![Skin.HasSetting(showNowPlayingOnHome) + [Player.HasAudio | Player.HasVideo]] + [
				[String.IsEqual(Container(100).ListItem.Property(SelectedMainMenu),MainMenu1) + String.IsEqual(Skin.String(HomeWidget1.Type),Weather)] |
				[String.IsEqual(Container(100).ListItem.Property(SelectedMainMenu),MainMenu2) + String.IsEqual(Skin.String(HomeWidget2.Type),Weather)] |
				[String.IsEqual(Container(100).ListItem.Property(SelectedMainMenu),MainMenu3) + String.IsEqual(Skin.String(HomeWidget3.Type),Weather)] |
				[String.IsEqual(Container(100).ListItem.Property(SelectedMainMenu),MainMenu4) + String.IsEqual(Skin.String(HomeWidget4.Type),Weather)] |
				[String.IsEqual(Container(100).ListItem.Property(SelectedMainMenu),MainMenu5) + String.IsEqual(Skin.String(HomeWidget5.Type),Weather)] |
				[String.IsEqual(Container(100).ListItem.Property(SelectedMainMenu),MainMenu6) + String.IsEqual(Skin.String(HomeWidget6.Type),Weather)] |
				[String.IsEqual(Container(100).ListItem.Property(SelectedMainMenu),MainMenu7) + String.IsEqual(Skin.String(HomeWidget7.Type),Weather)] |
				[String.IsEqual(Container(100).ListItem.Property(SelectedMainMenu),MainMenu8) + String.IsEqual(Skin.String(HomeWidget8.Type),Weather)] |
				[String.IsEqual(Container(100).ListItem.Property(SelectedMainMenu),MainMenu9) + String.IsEqual(Skin.String(HomeWidget9.Type),Weather)] |
				[String.IsEqual(Container(100).ListItem.Property(SelectedMainMenu),MainMenu10) + String.IsEqual(Skin.String(HomeWidget10.Type),Weather)] ]</visible>
        		<orientation>horizontal</orientation>
				<include>PanelCoordinates</include>
				<height>315</height>
				<width>1200</width>
                <itemlayout width="160" height="315">
                    <control type="image">
                        <width>155</width>
                        <height>315</height>
                        <texture>tile.png</texture>
		            </control>
					<!-- Day -->
                    <control type="label">
                        <label>$INFO[ListItem.Label]</label>
                        <left>5</left>
						<top>5</top>
						<width>145</width>
						<height>45</height>
						<aligny>top</aligny>
						<font>WeatherDay</font>
						<align>center</align>
                    </control>
					<!-- High / Low Temp -->
                    <control type="label">
                        <description>Day 1 Label</description>
						<label>$INFO[ListItem.Property(HighTemp)]$INFO[System.TemperatureUnits] | $INFO[ListItem.Property(LowTemp)]$INFO[System.TemperatureUnits]</label>
                        <left>5</left>
						<top>265</top>
						<width>145</width>
						<font>WeatherExtrema</font>
						<align>center</align>
                    </control>
                    <control type="label">
                        <info>ListItem.Property(Outlook)</info>
                        <width>145</width>
						<left>5</left>
						<top>165</top>
						<font>WeatherOutlook</font>
						<align>center</align>
						<aligny>top</aligny>
						<wrapmultiline>true</wrapmultiline>
                    </control>
					<control type="label">
						<description>Day 0 Label</description>
						<left>5</left>
						<top>210</top>
						<width>145</width>
						<font>WeatherCurrentTemperature</font>
						<align>center</align>
						<label>$INFO[ListItem.Label2]</label>
					</control>					
                    <control type="image">
                        <left>15</left>
						<top>50</top>
						<width>125</width>
						<height>125</height>
                        <texture>$INFO[ListItem.Art(thumb)]</texture>
                    </control>
                </itemlayout>
				<focusedlayout width="160" height="315">
                    <control type="image">
                        <width>155</width>
                        <height>315</height>
					   <texture>button.png</texture>
						<animation type="Focus" reversible="false">
							<effect type="fade" start="0" end="100" time="400" easing="out" tween="linear" />
						</animation>
						<colordiffuse>AccentDiffuse</colordiffuse>
		            </control>
					<!-- Day -->
                    <control type="label">
                        <label>$INFO[ListItem.Label]</label>
                        <left>5</left>
						<top>5</top>
						<width>145</width>
						<height>45</height>
						<aligny>top</aligny>
						<font>WeatherDay</font>
						<align>center</align>
                    </control>
					<!-- High / Low Temp -->
                    <control type="label">
                        <description>Day 1 Label</description>
						<label>$INFO[ListItem.Property(HighTemp)]$INFO[System.TemperatureUnits] | $INFO[ListItem.Property(LowTemp)]$INFO[System.TemperatureUnits]</label>
                        <left>5</left>
						<top>265</top>
						<width>145</width>
						<font>WeatherExtrema</font>
						<align>center</align>
                    </control>
                    <control type="label">
                        <info>ListItem.Property(Outlook)</info>
                        <width>145</width>
						<left>5</left>
						<top>165</top>
						<font>WeatherOutlook</font>
						<align>center</align>
						<aligny>top</aligny>
						<wrapmultiline>true</wrapmultiline>
                    </control>
					<control type="label">
						<description>Day 0 Label</description>
						<left>5</left>
						<top>210</top>
						<width>145</width>
						<font>WeatherCurrentTemperature</font>
						<align>center</align>
						<label>$INFO[ListItem.Label2]</label>
					</control>	
					
                    <control type="image">
                        <left>15</left>
						<top>50</top>
						<width>125</width>
						<height>125</height>
                        <texture>$INFO[ListItem.Art(thumb)]</texture>
                    </control>
                </focusedlayout>
				<include>WeatherWidgetContent</include>
			</control>

			<!-- Now Playing -->		
			<control type="group">
				<visible>Skin.HasSetting(showNowPlayingOnHome) + [Player.HasAudio | Player.HasVideo]</visible>
				<animation type="Visible" condition="!Skin.HasSetting(DisableHomeAnimations)" reversible="false">
					<effect type="slide" start="2500" end="0" time="700" tween="cubic" easing="inout"/>
				</animation>
				<animation type="Hidden" condition="!Skin.HasSetting(DisableHomeAnimations)" reversible="false">
					<effect type="slide" start="0" end="2500" time="700" tween="cubic" easing="inout"/>
				</animation>				
				<control id="6500">
					<type>button</type>
					<left>370</left>
					<top>290</top>
					<width>560</width>
					<height>315</height>
					<onleft condition="String.IsEqual(Container(100).ListItem.Property(SelectedMainMenu),MainMenu1)">100000</onleft>
					<onleft condition="String.IsEqual(Container(100).ListItem.Property(SelectedMainMenu),MainMenu2)">200000</onleft>
					<onleft condition="String.IsEqual(Container(100).ListItem.Property(SelectedMainMenu),MainMenu3)">300000</onleft>
					<onleft condition="String.IsEqual(Container(100).ListItem.Property(SelectedMainMenu),MainMenu4)">400000</onleft>
					<onleft condition="String.IsEqual(Container(100).ListItem.Property(SelectedMainMenu),MainMenu5)">500000</onleft>
					<onleft condition="String.IsEqual(Container(100).ListItem.Property(SelectedMainMenu),MainMenu6)">600000</onleft>
					<onleft condition="String.IsEqual(Container(100).ListItem.Property(SelectedMainMenu),MainMenu7)">700000</onleft>
					<onleft condition="String.IsEqual(Container(100).ListItem.Property(SelectedMainMenu),MainMenu8)">800000</onleft>
					<onleft condition="String.IsEqual(Container(100).ListItem.Property(SelectedMainMenu),MainMenu9)">900000</onleft>
					<onleft condition="String.IsEqual(Container(100).ListItem.Property(SelectedMainMenu),MainMenu10)">1000000</onleft>
					<texturefocus>button.png</texturefocus>
					<onclick>fullscreen</onclick>
					<visible>false</visible>
				</control>
				<!-- Border Image -->
				<control type="image">
					<left>370</left>
					<top>290</top>
					<width>560</width>
					<height>315</height>
					<texture>tile.png</texture>
				</control>
				<!--  Black Background -->
				<control type="image">
					<left>370</left>
					<top>290</top>
					<width>560</width>
					<height>315</height>
					<texture>black.png</texture>
					<bordersize>5</bordersize>
				</control>
				<!-- Fanart Image For Audio -->
				<control type="group">
					<visible>Player.HasAudio</visible>
					<!-- Color Walls -->
					<control type="multiimage">
						<left>375</left>
						<top>295</top>
						<width>550</width>
						<height>305</height>
						<randomize>true</randomize>
						<timeperimage>4000</timeperimage>
						<fadetime>3300</fadetime>
						<pauseatend>0</pauseatend>
						<loop>true</loop>
						<aspectratio aligny="top">stretch</aspectratio>
						<imagepath background="true">walls</imagepath>
						<animation effect="fade" start="0" end="100" time="550" delay="0" tween="sine" easing="out">Visible</animation>
					</control>
					<control type="image">
						<left>375</left>
						<top>295</top>
						<width>550</width>
						<height>305</height>
						<aspectratio aligny="top">scale</aspectratio>
						<texture>$INFO[MusicPlayer.Property(Fanart_Image)]</texture>
						<animation effect="fade" start="0" end="100" time="550" delay="0" tween="sine" easing="out">Visible</animation>
					</control>
					<control type="image">
						<left>375</left>
						<top>295</top>
						<width>550</width>
						<height>305</height>
						<aspectratio aligny="top">scale</aspectratio>
						<texture>music_fanart_diffuse.png</texture>
						<animation effect="fade" start="0" end="100" time="550" delay="0" tween="sine" easing="out">Visible</animation>
					</control>
					<control type="group">
						<left>385</left>
						<top>310</top>
						<!-- Artist Name -->
						<control type="label">
							<description>Artist</description>
							<width>530</width>
							<label>$INFO[MusicPlayer.Artist]</label>
							<scroll>true</scroll>
							<font>Music_Vis_Title</font>
							<align>left</align>
							<shadowcolor>black</shadowcolor>
						</control>
						 <!-- Album & Year -->
						<control type="label">
							<description>Album</description>
							<top>52</top>
							<width>540</width>
							<label>$INFO[MusicPlayer.Album] [COLOR Accent]$INFO[MusicPlayer.Year][/COLOR]</label>
							<scroll>true</scroll>
							<font>Music_Vis_Title2</font>
							<align>left</align>
							<shadowcolor>black</shadowcolor>
						</control>
						<!-- Track Nr & Title -->
						<control type="label">
							<description>Track</description>
							<top>97</top>
							<width>540</width>
							<label>[COLOR Accent]$INFO[MusicPlayer.TrackNumber][/COLOR] $INFO[MusicPlayer.Title]</label>
							<scroll>true</scroll>
							<font>Music_Vis_Title3</font>
							<align>left</align>
							<shadowcolor>black</shadowcolor>
						</control>
						<!-- Track Rating -->
						<control type="image">
							<description>Rating image</description>
							<left>0</left>
							<top>130</top>
							<width>140</width>
							<height>60</height>
							<aspectratio align="left">keep</aspectratio>
							<texture>other_textures/colorrating/$INFO[MusicPlayer.UserRating,rating,.png]</texture>
						</control>
					</control>
				</control>
				<!-- Video Display -->
				<control type="videowindow">
					<description>video</description>
					<left>375</left>
					<top>295</top>
					<width>550</width>
					<height>305</height>
				</control>
				<!-- Tv Show Poster -->
				<control type="image">
					<left>935</left>
					<top>290</top>
					<width>214</width>
					<height>315</height>
					<texture>$INFO[Player.Art(tvshow.poster)]</texture>
					<bordertexture>tile.png</bordertexture>
					<bordersize>5</bordersize>
					<aspectratio align="right" aligny="top">stretch</aspectratio>
					<visible>VideoPlayer.Content(episodes)</visible>
				</control>
				<!-- Movies Poster-->
				<control type="image">
					<left>935</left>
					<top>290</top>
					<width>214</width>
					<height>315</height>
					<texture>$INFO[VideoPlayer.Cover]</texture>
					<bordertexture>tile.png</bordertexture>
					<bordersize>5</bordersize>
					<aspectratio align="right" aligny="top">stretch</aspectratio>
					<visible>VideoPlayer.Content(movies)</visible>
				</control> 
				<!-- Music Videos Poster -->
				<control type="image">
					<left>935</left>
					<top>290</top>
					<width>315</width>
					<height>315</height>
					<texture border="2">$INFO[Player.Art(poster)]</texture>
					<bordertexture border="5">tile.png</bordertexture>
					<bordersize>5</bordersize>
					<aspectratio align="right" aligny="top">stretch</aspectratio>
					<visible>VideoPlayer.Content(musicvideos)</visible>
				</control>
				<!-- Music Poster -->
				<control type="image">
					<left>935</left>
					<top>290</top>
					<width>315</width>
					<height>315</height>
					<texture border="2">$INFO[MusicPlayer.Cover]</texture>
					<bordertexture border="5">tile.png</bordertexture>
					<bordersize>5</bordersize>
					<aspectratio align="right" aligny="top">stretch</aspectratio>
					<visible>Player.HasAudio</visible>
				</control>
				<!-- This control displays the name of the current playing item as a footer -->
				<control type="label">
					<label>[COLOR Accent]$LOCALIZE[31707][/COLOR] $INFO[VideoPlayer.TVShowTitle,, • ]$INFO[VideoPlayer.Title,, • ]$INFO[VideoPlayer.Season,S]$INFO[VideoPlayer.Episode,E]</label>
					<left>380</left>
					<top>610</top>
					<height>30</height>
					<width>800</width>
					<font>Panel_Hint</font>
					<align>left</align>
					<shadowcolor>black</shadowcolor>
					<visible>VideoPlayer.Content(episodes)</visible>
				</control>
				<control type="label">
					<label>[COLOR Accent]$LOCALIZE[31707][/COLOR] $INFO[VideoPlayer.Artist,, • ]$INFO[VideoPlayer.Album,, ]$INFO[VideoPlayer.Year,(,) • ]$INFO[VideoPlayer.Title]</label>
					<left>380</left>
					<top>610</top>
					<height>30</height>
					<width>800</width>
					<font>Panel_Hint</font>
					<align>left</align>
					<shadowcolor>black</shadowcolor>
					<visible>VideoPlayer.Content(musicvideos)</visible>
				</control>	
				<control type="label">
					<label>[COLOR Accent]$LOCALIZE[31707][/COLOR] $INFO[MusicPlayer.Artist,, • ]$INFO[MusicPlayer.Album,, ]$INFO[MusicPlayer.Year,(,) • ]$INFO[MusicPlayer.Title]</label>
					<left>380</left>
					<top>610</top>
					<height>30</height>
					<width>800</width>
					<font>Panel_Hint</font>
					<align>left</align>
					<shadowcolor>black</shadowcolor>
					<visible>Player.HasAudio</visible>
				</control>
				<control type="label">
					<label>[COLOR Accent]$LOCALIZE[31707][/COLOR] $INFO[VideoPlayer.Title,, • ]$INFO[VideoPlayer.Year]</label>
					<left>380</left>
					<top>610</top>
					<height>30</height>
					<width>800</width>
					<font>Panel_Hint</font>
					<align>left</align>
					<shadowcolor>black</shadowcolor>
					<visible>VideoPlayer.Content(movies)</visible>
				</control>				
			
			</control>
		</control>
	</control>
	</control>
	<!-- Side Menu -->
	<control type="group">
			<animation type="WindowClose">
				<effect type="fade" time="300" />
				<effect type="slide" end="-215,0" time="300" />
			</animation>
			<animation type="WindowOpen">
				<effect type="fade" time="300" />
				<effect type="slide" start="-215,0" time="300" />
			</animation>
			<animation type="Conditional" condition="Window.IsVisible(favourites)" reversible="false">
				<effect type="slide" start="0,0" end="-1280,0" time="300" />
			</animation>
			<animation type="Conditional" condition="!Window.IsVisible(favourites)" reversible="false">
				<effect type="slide" start="-1280,0" end="0,0" time="300" />
			</animation>
			<animation type="Conditional" condition="Skin.HasSetting(showHomeHiddenMenu)">
				<effect type="slide" start="0,0" end="1170,0" time="200" />
			</animation>
			<control type="panel" id="20000">
					<left>-1120</left>
					<top>290</top>
					<width>1120</width>
					<height>320</height>
					<scrolltime>200</scrolltime>
					<orientation>horizontal</orientation>
					<onup>noop</onup>
					<onleft>20000</onleft>
					<onright>Skin.Reset(showHomeHiddenMenu)</onright>
					<onright condition="String.IsEqual(Container(100).ListItem.Property(SelectedMainMenu),MainMenu1)">100000</onright>
					<onright condition="String.IsEqual(Container(100).ListItem.Property(SelectedMainMenu),MainMenu2)">200000</onright>
					<onright condition="String.IsEqual(Container(100).ListItem.Property(SelectedMainMenu),MainMenu3)">300000</onright>
					<onright condition="String.IsEqual(Container(100).ListItem.Property(SelectedMainMenu),MainMenu4)">400000</onright>
					<onright condition="String.IsEqual(Container(100).ListItem.Property(SelectedMainMenu),MainMenu5)">500000</onright>
					<onright condition="String.IsEqual(Container(100).ListItem.Property(SelectedMainMenu),MainMenu6)">600000</onright>
					<onright condition="String.IsEqual(Container(100).ListItem.Property(SelectedMainMenu),MainMenu7)">700000</onright>
					<onright condition="String.IsEqual(Container(100).ListItem.Property(SelectedMainMenu),MainMenu8)">800000</onright>
					<onright condition="String.IsEqual(Container(100).ListItem.Property(SelectedMainMenu),MainMenu9)">900000</onright>
					<onright condition="String.IsEqual(Container(100).ListItem.Property(SelectedMainMenu),MainMenu10)">1000000</onright>
					<itemlayout width="160" height="160">
						<control type="image">
							<include>PanelButtonImageNF</include>
						</control>
						<control type="image">
							<include>PanelButtonIcon</include>
							<texture>$INFO[ListItem.Art(thumb)]</texture>
							<visible>!String.IsEqual(ListItem.Property(ImageType),FullIcon)</visible>
						</control>
						<control type="label">
							<label>$INFO[ListItem.Label]</label>
							<include>PanelButtonTitle</include>
							<visible>!String.IsEqual(ListItem.Property(ImageType),FullIcon)</visible>
						</control>
						<control type="image">
							<include>PanelButtonFullIcon</include>
							<texture>$INFO[ListItem.Art(thumb)]</texture>
							<visible>String.IsEqual(ListItem.Property(ImageType),FullIcon)</visible>
						</control>
					</itemlayout>
					<focusedlayout width="160" height="160">
						<control type="image">
							<include>PanelButtonImageFO</include>
						</control>
						<control type="image">
							<include>PanelButtonIcon</include>
							<texture>$INFO[ListItem.Art(thumb)]</texture>
							<visible>!String.IsEqual(ListItem.Property(ImageType),FullIcon)</visible>
						</control>
						<control type="label">
							<label>$INFO[ListItem.Label]</label>
							<include>PanelButtonTitle</include>
							<visible>!String.IsEqual(ListItem.Property(ImageType),FullIcon)</visible>
						</control>
						<control type="image">
							<include>PanelButtonFullIcon</include>
							<texture>$INFO[ListItem.Art(thumb)]</texture>
							<visible>String.IsEqual(ListItem.Property(ImageType),FullIcon)</visible>
						</control>
					</focusedlayout>
					<content>
						<include>SideMenuContent</include>
					</content>
			
			</control>
		</control>	
	<!-- Navigation Hint Extra Menu -->
	<control type="group">
		<animation effect="slide" end="-55" time="300">WindowClose</animation>
        <animation effect="slide" start="-55" time="300">WindowOpen</animation>
		<animation effect="slide" end="-55" condition="Window.IsVisible(favourites)" reversible="false">conditional</animation>
		<animation effect="slide" start="-55" end="0" time="200" delay="100" condition="!Window.IsVisible(favourites)" reversible="false">conditional</animation>
		<control type="group">
			<animation effect="slide" start="-55" end="0" time="200" delay="300">Visible</animation>
			<visible>!Skin.HasSetting(showHomeHiddenMenu) + !Window.IsVisible(2003) + !Window.IsVisible(DialogAddonInfo.xml) + !Window.IsVisible(DialogMusicInfo.xml) + !Window.IsVisible(DialogAddonSettings.xml) + !Window.IsVisible(DialogPVRInfo.xml) + !Window.IsVisible(DialogPVRChannelGuide.xml)</visible>
			<control type="button" id="6789">
				<left>0</left>
				<top>400</top>
				<width>50</width>
				<height>95</height>
				<onclick>Skin.ToggleSetting(showHomeHiddenMenu)</onclick>
				<onclick>SetFocus(20000)</onclick>
				<texturefocus></texturefocus>
			</control>
			<control type="image">
				<left>0</left>
				<top>425</top>
				<width>25</width>
				<height>45</height>
				<texture>tile.png</texture>
			</control>
			<control type="image">
				<left>-15</left>
				<top>420</top>
				<width>55</width>
				<height>55</height>
				<texture flipx="true">icons/music.png</texture>
			</control>
		</control>
		<control type="group">
			<animation effect="slide" start="-55" end="0" time="200" delay="300">Visible</animation>
			<visible>Skin.HasSetting(showHomeHiddenMenu)+ !Window.IsVisible(2003) + !Window.IsVisible(DialogAddonInfo.xml) + !Window.IsVisible(DialogMusicInfo.xml) + !Window.IsVisible(DialogAddonSettings.xml) + !Window.IsVisible(DialogPVRInfo.xml) + !Window.IsVisible(DialogPVRChannelGuide.xml)</visible>
			<control type="button" id="9876">
				<left>0</left>
				<top>400</top>
				<width>50</width>
				<height>95</height>
				<onleft>20000</onleft>
				<onclick>Skin.Reset(showHomeHiddenMenu)</onclick>
				<onclick>right</onclick>
				<onright condition="String.IsEqual(Container(100).ListItem.Property(SelectedMainMenu),MainMenu1)">100000</onright>
				<onright condition="String.IsEqual(Container(100).ListItem.Property(SelectedMainMenu),MainMenu2)">200000</onright>
				<onright condition="String.IsEqual(Container(100).ListItem.Property(SelectedMainMenu),MainMenu3)">300000</onright>
				<onright condition="String.IsEqual(Container(100).ListItem.Property(SelectedMainMenu),MainMenu4)">400000</onright>
				<onright condition="String.IsEqual(Container(100).ListItem.Property(SelectedMainMenu),MainMenu5)">500000</onright>
				<onright condition="String.IsEqual(Container(100).ListItem.Property(SelectedMainMenu),MainMenu6)">600000</onright>
				<onright condition="String.IsEqual(Container(100).ListItem.Property(SelectedMainMenu),MainMenu7)">700000</onright>
				<onright condition="String.IsEqual(Container(100).ListItem.Property(SelectedMainMenu),MainMenu8)">800000</onright>
				<onright condition="String.IsEqual(Container(100).ListItem.Property(SelectedMainMenu),MainMenu9)">900000</onright>
				<onright condition="String.IsEqual(Container(100).ListItem.Property(SelectedMainMenu),MainMenu10)">1000000</onright>
				<texturefocus></texturefocus>				
			</control>
			<control type="image">
				<left>0</left>
				<top>425</top>
				<width>25</width>
				<height>45</height>
				<texture>tile.png</texture>
			</control>
			<control type="image">
				<left>-15</left>
				<top>420</top>
				<width>55</width>
				<height>55</height>
				<texture>icons/music.png</texture>
			</control>
		</control>
	</control>	
	<!-- Home Dimming -->
	<control type="group">
		<animation type="Conditional" condition="Control.HasFocus(100)">
			<effect type="fade" start="0" end="100" time="300" />
		</animation>
		<control type="image">
			<include>Dimensions_Fullscreen</include>
			<texture>music_fanart_diffuse.png</texture>
		</control>
		<visible>Skin.HasSetting(showHomeZoomAnimation)</visible>
	</control>
	<!-- Main Menu  -->
	<control type="list" id="100">
		<animation type="WindowClose">
			<effect type="fade" time="300" />
			<effect type="slide" end="+1500,0" time="300" />
		</animation>
		<animation type="WindowOpen">
			<effect type="fade" time="300" />
			<effect type="slide" start="+1500,0" time="300" />
		</animation>
		<animation type="Conditional" condition="Window.IsActive(151) | Window.IsActive(138) | Window.IsActive(107)">
				<effect type="slide" time="300" end="0,40" easing="out" tween="cubic"/>
		</animation>
		<animation type="Conditional" condition="Skin.HasSetting(HideHomeMenuIcons)">
			<effect type="slide" start="0,0" end="-2500,0" time="200" />
		</animation>
		<animation type="Conditional" condition="Skin.HasSetting(showHomeHiddenMenu)">
			<effect type="slide" start="0,0" end="1230,0" time="200" />
		</animation>		
		
		
	   <animation type="TYPE" condition="Window.IsVisible(2003)| Window.IsVisible(DialogAddonInfo.xml) | Window.IsVisible(DialogMusicInfo.xml) | Window.IsVisible(DialogAddonSettings.xml) | Window.IsVisible(DialogPVRInfo.xml) | Window.IsVisible(DialogPVRChannelGuide.xml)" reversible="false">
                <effect type="slide" end="-1500,0" time="200" />
            </animation>
		<animation type="TYPE" condition="!Window.IsVisible(2003) + !Window.IsVisible(DialogAddonInfo.xml) + !Window.IsVisible(DialogMusicInfo.xml) + !Window.IsVisible(DialogAddonSettings.xml) + !Window.IsVisible(DialogPVRInfo.xml) + !Window.IsVisible(DialogPVRChannelGuide.xml)" reversible="false">
			<effect type="slide" start="-1500,0" time="200" />
		</animation>
		
		<left>50</left>
		<top>10</top>
		<width>1050</width>
		<height>70</height>
		<orientation>horizontal</orientation>
		<ondown condition="String.IsEqual(Container(100).ListItem.Property(SelectedMainMenu),MainMenu1)">100000</ondown>
		<ondown condition="String.IsEqual(Container(100).ListItem.Property(SelectedMainMenu),MainMenu2)">200000</ondown>
		<ondown condition="String.IsEqual(Container(100).ListItem.Property(SelectedMainMenu),MainMenu3)">300000</ondown>
		<ondown condition="String.IsEqual(Container(100).ListItem.Property(SelectedMainMenu),MainMenu4)">400000</ondown>
		<ondown condition="String.IsEqual(Container(100).ListItem.Property(SelectedMainMenu),MainMenu5)">500000</ondown>
		<ondown condition="String.IsEqual(Container(100).ListItem.Property(SelectedMainMenu),MainMenu6)">600000</ondown>
		<ondown condition="String.IsEqual(Container(100).ListItem.Property(SelectedMainMenu),MainMenu7)">700000</ondown>
		<ondown condition="String.IsEqual(Container(100).ListItem.Property(SelectedMainMenu),MainMenu8)">800000</ondown>
		<ondown condition="String.IsEqual(Container(100).ListItem.Property(SelectedMainMenu),MainMenu9)">900000</ondown>
		<ondown condition="String.IsEqual(Container(100).ListItem.Property(SelectedMainMenu),MainMenu10)">1000000</ondown>
		<itemlayout width="65" height="55">
			<control type="image">
				<width>55</width>
				<height>55</height>
				<texture>RingNF.png</texture>
			</control>
			<control type="image">
				<left>15</left>
				<top>15</top>
				<width>25</width>
				<height>25</height>
				<texture>$INFO[ListItem.Icon]</texture>
			</control>
		</itemlayout>
		<focusedlayout width="65" height="55">
			<control type="image">
				<width>55</width>
				<height>55</height>
				<texture colordiffuse="Accent">RingNF.png</texture>
			</control>
			<control type="image">
				<left>15</left>
				<top>15</top>
				<width>25</width>
				<height>25</height>
				<texture>$INFO[ListItem.Icon]</texture>
				<visible>!Control.HasFocus(100)</visible>
			</control>
			<control type="image">
				<left>15</left>
				<top>15</top>
				<width>25</width>
				<height>25</height>
				<texture colordiffuse="Accent">$INFO[ListItem.Icon]</texture>
				<visible>Control.HasFocus(100)</visible>
			</control>
			<control type="image">
				<left></left>
				<top>60</top>
				<width>55</width>
				<height>5</height>
				<texture>button.png</texture>
				<visible>Control.HasFocus(100)</visible>
			</control>			
		</focusedlayout>
		<content>	
			<include>MainMenu</include>
		</content>
	</control>	

	</controls>
</window>