<?xml version="1.0" encoding="utf-8"?>
<window>
    <defaultcontrol>600</defaultcontrol>
	<onload>Skin.Reset(showViewOptions)</onload>
	<onunload>Skin.Reset(showViewOptions)</onunload>	
    <views>600</views>
    <controls>
	
        <include>SkinFanart</include>
        <include>BarClock</include>
		
		
		<control type="group"><visible>![Window.IsVisible(2003) | Window.IsVisible(DialogAddonInfo.xml) | Window.IsVisible(DialogMusicInfo.xml) | Window.IsVisible(DialogFavourites.xml)]</visible><include>NowPlayingControls</include><include>TouchscreenNavigation</include></control>        <control type="group">
			<include>ViewOptionsAnimation</include>
			<include>BackgroundTextScroll</include>
    		<include>View_Playlist</include><!-- id 600-->
		 </control>
		<control type="image">
			<visible>Skin.HasSetting(showViewOptions)</visible>
            <animation type="Visible">
                <effect type="fade" time="300" start="0" end="100" />
            </animation>
            <animation type="Hidden">
                <effect type="fade" time="300" start="100" end="0" />
            </animation>
            <include>Dimensions_Fullscreen</include>
            <texture>other_textures/black-back.png</texture>
        </control>
	
		<!-- This Control shows the background of the left settings menu -->
		<control type="group">
		 	<animation type="Conditional" condition="!Skin.HasSetting(showViewOptions)">
                <effect type="slide" start="0,0" end="-320,0" time="300" easing="inout" tween="cubic" />
            </animation>
			<include>LeftMenuBackground</include>
			<control type="label">
                <description>Menu Title</description>
                <include>LeftMenuTitle</include>
                <label>$LOCALIZE[14018]</label>
            </control>
		</control>	
		
		<control type="radiobutton" id="19">
            <description>Filter (hidden)</description>
            <include>HiddenButton</include>
        </control>
        <control type="grouplist" id="9000">
            <left>20</left>
            <top>70</top>
            <width>280</width>
            <height>500</height>
            <itemgap>0</itemgap>
			<onright>Skin.Reset(showViewOptions)</onright>
            <onright>600</onright>
            <onup>noop</onup>
            <ondown>noop</ondown>
            <orientation>vertical</orientation>
            <animation type="Conditional" condition="!Skin.HasSetting(showViewOptions)">
                <effect type="slide" start="0,0" end="-320,0" time="300" easing="inout" tween="cubic" />
            </animation>
			<control type="button" id="2">
                <description>View</description>
                <width>280</width>
				<textoffsetx>10</textoffsetx>
				<align>left</align>
                <font>List_Left_Menu</font>
            </control>
            <control type="button" id="3">
                <description>Sort</description>
                <width>280</width>
				<textoffsetx>10</textoffsetx>
                <align>left</align>
                <font>List_Left_Menu</font>
            </control>
            <control type="togglebutton" id="4">
                <description>Ascending</description>
                <width>280</width>
				<textoffsetx>10</textoffsetx>
                <align>left</align>
                <label>584</label>
                <altlabel>585</altlabel>
                <font>List_Left_Menu</font>
            </control>
            <control type="radiobutton" id="20">
                <description>Shuffle</description>
                <width>280</width>
				<textoffsetx>10</textoffsetx>
                <align>left</align>
                <label>191</label>
                <font>List_Left_Menu</font>
            </control>
            <control type="button" id="21">
                <description>Save</description>
                <width>280</width>
				<textoffsetx>10</textoffsetx>
                <align>left</align>
                <label>190</label>
                <font>List_Left_Menu</font>
            </control>
            <control type="button" id="22">
                <description>Clear</description>
                <width>280</width>
				<textoffsetx>10</textoffsetx>
                <align>left</align>
                <label>192</label>
                <font>List_Left_Menu</font>
	        </control>
            <control type="button" id="23">
                <description>Play</description>
                <width>280</width>
				<textoffsetx>10</textoffsetx>
                <align>left</align>
                <label>208</label>
                <font>List_Left_Menu</font>
			</control>
          </control>
		<!-- Close Button for Options Menu	-->
		<control type="button" id="9876">
			<top>-5</top>
			<left>270</left>
			<width>50</width>
			<height>50</height>
			<onclick>Skin.Reset(showViewOptions)</onclick>
			<onclick>right</onclick>
			<onright>503</onright>
			<texturefocus>down_arrow.png</texturefocus>
			<texturenofocus>down_arrow.png</texturenofocus>
			<animation type="Conditional" condition="!Skin.HasSetting(showViewOptions)">
                <effect type="slide" start="0,0" end="-320,0" time="300" easing="inout" tween="cubic" />
            </animation>
			<animation effect="rotate" end="90" center="295,20" time="0" condition="true" reversible="false">Conditional</animation>
			<visible>[System.Platform.IOS | System.Platform.Android | System.getbool(input.enablemouse)]</visible>
		</control>		  
	<!-- Open Button for View Options Menu-->
	<control type="group">
		<animation effect="slide" end="-55" time="300">WindowClose</animation>
        <animation effect="slide" start="-55" time="300">WindowOpen</animation>
		<control type="group">
			<top>400</top>		
			<animation effect="slide" start="-55" end="0" time="200" delay="300">Visible</animation>
			<visible>!Skin.HasSetting(showViewOptions) + [System.Platform.IOS | System.Platform.Android | System.getbool(input.enablemouse)]</visible>
			<control type="button" id="6789">
				<left>0</left>
				<width>50</width>
				<height>95</height>
				<onclick>Skin.ToggleSetting(showViewOptions)</onclick>
				<onclick>SetFocus(9000)</onclick>
				<texturefocus></texturefocus>
			</control>
			<control type="image">
				<left>0</left>
				<top>25</top>
				<width>25</width>
				<height>45</height>
				<texture>tile.png</texture>
			</control>
			<control type="image">
				<left>-15</left>
				<top>20</top>
				<width>55</width>
				<height>55</height>
				<texture flipx="true">icons/music.png</texture>
			</control>
		</control>

	</control>		  
		  
    </controls>
</window>