<?xml version="1.0" encoding="utf-8"?>
<window id="601">
     <defaultcontrol always="true">50</defaultcontrol>
	<onload>Skin.Reset(showViewOptions)</onload>
	<onunload>Skin.Reset(showViewOptions)</onunload>	
     
	<views>50</views>
    <controls>
        <include>SkinFanart</include>
        <include>BarClock</include>
		
		
		<control type="group"><visible>![Window.IsVisible(2003) | Window.IsVisible(DialogAddonInfo.xml) | Window.IsVisible(DialogMusicInfo.xml) | Window.IsVisible(DialogFavourites.xml)]</visible><include>NowPlayingControls</include><include>TouchscreenNavigation</include></control>        <control type="group">
            <animation type="TYPE" condition="Window.IsVisible(DialogPVRInfo.xml) | Window.IsVisible(DialogPVRGuideSearch.xml) | Window.IsVisible(DialogPVRGroupManager.xml)" reversible="false">
                <effect type="slide" end="-1500,0" time="200" />
            </animation>
            <animation type="TYPE" condition="!Window.IsVisible(DialogPVRInfo.xml) + !Window.IsVisible(DialogPVRGuideSearch.xml) + !Window.IsVisible(DialogPVRGroupManager.xml)" reversible="false">
                <effect type="slide" start="-1500,0" time="200" />
            </animation>
            <animation type="WindowClose">
                <effect type="fade" time="300" />
                <effect type="slide" end="+1500,0" time="300" />
            </animation>
            <animation type="WindowOpen">
                <effect type="fade" time="300" />
                <effect type="slide" start="+1500,0" time="300" />
            </animation>
			<include>ViewOptionsAnimation</include>

			<control type="label">
                <include>ViewMainTitle</include>	
                <label>$LOCALIZE[19138]</label>
				<visible>Window.IsVisible(TVTimerRules) | Window.IsVisible(RadioTimerRules)</visible>
            </control>
			<control type="label">
                <include>ViewMainTitle</include>	
                <label>$LOCALIZE[19040]</label>
				<visible>Window.IsVisible(TVTimers) | Window.IsVisible(RadioTimers)</visible>
            </control>
			<!-- Backgrounds -->
            <control type="group">
				<include>PanelCoordinates</include>
				<control type="image">
					<width>185</width>
					<height>40</height>
					<texture>other_textures/black-back.png</texture>
					<fadetime>200</fadetime>
					<aspectratio scalediffuse="false">stretch</aspectratio>
				</control>
				<control type="image">
					<left>190</left>
					<width>840</width>
					<height>40</height>
					<texture>other_textures/black-back.png</texture>
					<fadetime>200</fadetime>
					<aspectratio scalediffuse="false">stretch</aspectratio>
				</control>
				<control type="image">
					<left>1035</left>
					<width>150</width>
					<height>40</height>
					<texture>other_textures/black-back.png</texture>
					<fadetime>200</fadetime>
					<aspectratio scalediffuse="false">stretch</aspectratio>
				</control>
				<control type="image">
					<top>45</top>
					<width>185</width>
					<height>270</height>
					<texture>other_textures/black-back.png</texture>
					<fadetime>200</fadetime>
					<aspectratio scalediffuse="false">stretch</aspectratio>
				</control>
				<control type="image">
					<top>45</top>
					<left>190</left>
					<width>840</width>
					<height>270</height>
					<texture>music_fanart_diffuse.png</texture>
					<fadetime>200</fadetime>
					<aspectratio scalediffuse="false">stretch</aspectratio>
				</control>
				<control type="image">
					<left>1035</left>
					<top>45</top>
					<width>150</width>
					<height>270</height>>
					<texture>other_textures/black-back.png</texture>
					<fadetime>200</fadetime>
					<aspectratio scalediffuse="false">stretch</aspectratio>
				</control>
			</control>
            <!-- Header Titles -->
			<control type="group">
                <include>PanelCoordinates</include>
				<control type="label">
                    <description>Channel header label</description>
                    <left>10</left>
					<width>90</width>
					<height>40</height>
					<align>center</align>
					<font>List_Focused</font>
                    <label>$LOCALIZE[19029]</label>
                </control>
                <control type="label">
                    <description>Title header label</description>
                    <left>200</left>
                    <width>300</width>
                    <height>40</height>
					<font>List_Focused</font>
                    <label>$LOCALIZE[369]</label>
                </control>
                <control type="label">
                    <description>Status header label</description>
                    <left>1035</left>
                    <width>150</width>
                    <height>40</height>
					<font>List_Focused</font>
					<align>center</align>
                    <label>$LOCALIZE[126]</label>
                </control>
            </control>
            <control type="list" id="50">
                <left>50</left>
                <top>335</top>
                <width>1204</width>
                <height>270</height>
                <onup>50</onup>
                <ondown>50</ondown>
                  <onleft>9000</onleft>
				<onleft>Skin.ToggleSetting(showViewOptions)</onleft>
                <pagecontrol>73</pagecontrol>
                <scrolltime>200</scrolltime>
                <itemlayout height="45">
                    <control type="label">
                        <left>10</left>
                        <top>0</top>
                        <width>210</width>
						<font>List_Unfocused</font>
                        <info>ListItem.ChannelName</info>
                    </control>
                    <control type="label">
                        <left>200</left>
                        <top>0</top>
                        <width>410</width>
						<font>List_Settings</font>
                        <info>ListItem.Label</info>
                    </control>
                    <control type="label">
                        <left>620</left>
                        <top>0</top>
                        <width>400</width>
						<font>List_Settings</font>
						<align>right</align>
                        <info>ListItem.Date</info>
                    </control>
                    <control type="label">
                        <left>1035</left>
                        <width>150</width>
						<font>List_Settings</font>
						<align>center</align>
                        <info>ListItem.Comment</info>
                    </control>
                </itemlayout>
                <focusedlayout height="45">
					<control type="image">
						<width>185</width>
						<height>45</height>
						<texture>button.png</texture>
					</control>
					<control type="image">
						<left>190</left>
						<width>840</width>
						<height>45</height>
						<texture>button.png</texture>
					</control>
					<control type="image">
						<left>1035</left>
						<width>150</width>
						<height>45</height>
						<texture>button.png</texture>
					</control>
                    <control type="label">
                        <left>10</left>
                        <top>0</top>
                        <width>165</width>
						<font>List_Unfocused</font>
                        <label>$INFO[ListItem.ChannelName]</label>
                    </control>
                    <control type="label">
                        <left>200</left>
                        <top>0</top>
                        <width>410</width>
						<font>List_Settings</font>
                        <label>[B]$INFO[ListItem.Label][/B]</label>
                    </control>
                    <control type="label">
                        <left>620</left>
                        <top>0</top>
                        <width>400</width>
						<font>List_Settings</font>
						<align>right</align>
                        <label>[B]$INFO[ListItem.Date][/B]</label>
                    </control>
                    <control type="label">
                        <left>1035</left>
                        <width>150</width>
						<font>List_Settings</font>
						<align>center</align>
                        <label>[B]$INFO[ListItem.Comment][/B]</label>
                    </control>
                </focusedlayout>
            </control>
            <control type="scrollbar" id="73">
                <left>1240</left>
                <top>335</top>
                <width>5</width>
                <height>270</height>
                <texturesliderbackground></texturesliderbackground>
                <textureslidernib>bar.png</textureslidernib>
                <textureslidernibfocus>scroll_nib.png</textureslidernibfocus>
                <texturesliderbar></texturesliderbar>
                <texturesliderbarfocus></texturesliderbarfocus>
                <showonepage>true</showonepage>
                <orientation>vertical</orientation>
            </control>
        </control>
		
		<!--This Control Adds the Left Options Menu -->
		<include>PVRSideMenu</include>
    </controls>
</window>