<?xml version="1.0" encoding="utf-8"?>
<window id="601">
    <defaultcontrol always="true">50</defaultcontrol>
	<onload>Skin.Reset(showViewOptions)</onload>
	<onunload>Skin.Reset(showViewOptions)</onunload>	
     
	<views>10</views>
    <controls>
        <include>SkinFanart</include>
        <include>BarClock</include>
		
		
		<control type="group">
			<visible>![Window.IsVisible(2003) | Window.IsVisible(DialogAddonInfo.xml) | Window.IsVisible(DialogMusicInfo.xml) | Window.IsVisible(DialogFavourites.xml)]</visible>
			<include>NowPlayingControls</include>
			<include>TouchscreenNavigation</include>
		</control>        
		<control type="group">
            <animation type="TYPE" condition="Window.IsVisible(DialogPVRInfo.xml) | Window.IsVisible(DialogPVRGuideSearch.xml) | Window.IsVisible(DialogPVRGroupManager.xml)" reversible="false">
                <effect type="slide" end="-1500,0" time="200" />
            </animation>
            <animation type="TYPE" condition="!Window.IsVisible(DialogPVRInfo.xml) + !Window.IsVisible(DialogPVRGuideSearch.xml) + !Window.IsVisible(DialogPVRGroupManager.xml)" reversible="false">
                <effect type="slide" start="-1500,0" time="200" />
            </animation>
            <animation type="WindowClose">
                <effect type="fade" time="300" />
                <effect type="slide" end="+1500,0" time="300" />
            </animation>
            <animation type="WindowOpen">
                <effect type="fade" time="300" />
                <effect type="slide" start="+1500,0" time="300" />
            </animation>
			<include>ViewOptionsAnimation</include>
            <control type="group" id="50">
				
				<include>EPGTimelineView</include>
				<!--
                <include>LiveTVGuideChannelView</include>
				<include>LiveTVGuideNowView</include>
				<include>LiveTVGuideNextView</include>-->
				
				

			
            </control>
        </control>
		
		<!--This Control Adds the Left Options Menu -->
		<include>PVRSideMenu</include>
		</controls>
</window>