<?xml version="1.0" encoding="UTF-8"?>
<window  type="dialog" id="4069">
    <defaultcontrol>9000</defaultcontrol>
    <controls>
		<include>SkinFanart</include>
		<!-- Fanart -->
		<control type="image" id="102">
            <description>Fanart Slideshow Image</description>
            <include>Dimensions_Fullscreen</include>
            <aspectratio>scale</aspectratio>
            <fadetime>1000</fadetime>
            <texture background="true">$INFO[Container(112).ListItem.Art(thumb)]</texture>
		</control>
		<control type="image">
            <description>Fanart Slideshow Image</description>
            <include>Dimensions_Fullscreen</include>
            <aspectratio>scale</aspectratio>
            <texture>music_fanart_diffuse.png</texture>
        </control>
		<include>NowPlayingControls</include>
		<include>TouchscreenNavigation</include>
		<!-- Description Background -->
		<control type="image">
			<left>465</left>
			<top>180</top>
			<width>785</width>
			<height>425</height>
			<texture>music_fanart_diffuse.png</texture>
		</control>
		<!-- Data List -->
		<control type="list" id="113">
            <description>Invisible List for Info</description>
            <posx>1</posx>
            <posy>1</posy>
            <itemlayout width="0" height="0"></itemlayout>
            <focusedlayout width="0" height="0"></focusedlayout>
        </control>
        <!-- Poster List -->
		<control type="wraplist" id="111">
            <description>Poster Slideshow List</description>
            <top>-1280</top>
            <left>-720</left>
            <orientation>vertical</orientation>
            <scrolltime>10000</scrolltime>
            <autoscroll>True</autoscroll>
			<itemlayout width="0" height="0"></itemlayout>
            <focusedlayout width="0" height="0"></focusedlayout>
        </control>
        <!-- Poster -->
		<control type="image" id="101">
             <description>Cover for Movies and Tv Shows</description>
			<left>165</left>
			<top>180</top>
			<width>290</width>
			<height>425</height>
			<aspectratio align="right" aligny="top">keep</aspectratio>
			<bordertexture border="5">white_box.png</bordertexture>
			<bordersize>5</bordersize>
			<fadetime>1000</fadetime>
            <texture background="true">$INFO[Container(111).ListItem.Art(thumb)]</texture>
        </control>
		<control type="image">
		 <description>Trailer Background</description>
			<left>485</left>
			<top>302</top>
			<width>745</width>
			<height>250</height>
            <texture>other_textures/black-back.png</texture>
			<visible>Player.HasVideo</visible>
		</control>
	   <!-- Trailer Window -->
		<control type="videowindow" id="105">
            <description>Trailer Window</description>
            <left>485</left>
			<top>302</top>
			<width>745</width>
			<height>250</height>
			<visible>false</visible>
        </control>
        <!-- Fanart List -->
		<control type="wraplist" id="112">
            <description>Fanart Slideshow List</description>
            <top>-1280</top>
            <left>-720</left>
            <orientation>horizontal</orientation>
            <scrolltime>10000</scrolltime>
            <autoscroll>True</autoscroll>
            <itemlayout width="0" height="0"></itemlayout>
            <focusedlayout width="0" height="0"></focusedlayout>
        </control>
        <!-- Description -->
		<control type="textbox" id="104">
			<description>Plot</description>
			<left>485</left>
			<top>302</top>
			<width>745</width>
			<height>250</height>
			<align>justify</align>
			<font>Panel_Description</font>
			<!--<scrolltime>200</scrolltime>
			<autoscroll delay="3000" time="1000" repeat="10000"></autoscroll>-->
			<label>$INFO[Container(113).ListItem.Property(rom_plot)]</label>
        </control>
        <!-- Logo -->
		<control type="image" id="103">
            <description>Logo Image</description>
            <left>25</left>
			<top>100</top>
			<width>130</width>
			<height>130</height>
            <aspectratio align="center" aligny="bottom">keep</aspectratio>
            <texture>$INFO[Container(113).ListItem.Property(emu_logo)]</texture>
        </control>
		<!-- Main Title -->
		<control type="fadelabel">
			<left>485</left>
			<top>185</top>
			<height>30</height>
			<width>650</width>
			<font>Panel_Title</font>
			<aligny>top</aligny>
			<label>$INFO[Container(113).ListItem.Property(rom_title)]</label>
			<scroll>true</scroll>
			<scrollout>false</scrollout>
			<pauseatend>600</pauseatend>
			<scrollspeed>50</scrollspeed>
		</control>
		<!-- Year -->
		<control type="fadelabel">
			<left>1130</left>
			<top>185</top>
			<height>30</height>
			<width>100</width>
			<font>Panel_Title</font>
			<aligny>top</aligny>
			<align>right</align>
			<label>[COLOR Accent]$INFO[Container(113).ListItem.Property(rom_year)][/COLOR]</label>
			<scroll>true</scroll>
			<scrollout>false</scrollout>
			<pauseatend>600</pauseatend>
			<scrollspeed>50</scrollspeed>
		</control>
		<!-- Rom Studio -->
		<control type="label">
			<left>485</left>
			<top>245</top>
			<width>745</width>
			<height>50</height>
			<aligny>top</aligny>
			<font>Panel_Title_Footer</font>
			<textcolor>white</textcolor>
			<label>$INFO[Container(113).ListItem.Property(rom_studio)]</label>
		</control>
		<!-- Tags -->
		<control type="label">
			<left>950</left>
			<top>245</top>
			<width>280</width>
			<height>25</height>
			<align>right</align>
			<font>Panel_Description_Footer</font>
		   <label>$INFO[Container(113).ListItem.Property(tag),[,]]</label>
		</control>
		<!-- Rating -->
		<control type="image">
			<left>485</left>
			<top>275</top>
			<width>100</width>
			<height>25</height>
			<texture>$VAR[IarlRating]</texture>
			<aspectratio scalediffuse="false">keep</aspectratio>
		</control>
		<!-- Genre -->
		<control type="label">
			<left>485</left>
			<top>550</top>
			<width>300</width>
			<height>50</height>
			<align>left</align>
			<font>Panel_Description_Footer</font>
			<label>$INFO[Container(113).ListItem.Property(rom_genre),[COLOR Accent]$LOCALIZE[515] [/COLOR]]</label>
		</control>
		<!-- Nr of Players -->
		<control type="label">
			<left>950</left>
			<top>565</top>
			<width>280</width>
			<height>25</height>
			<align>right</align>
			<font>Panel_Description_Footer</font>
		   <label>$INFO[Container(113).ListItem.Property(nplayers),, [COLOR Accent]$LOCALIZE[31051] [/COLOR]]</label>
		</control>
		<!-- Left Menu-->
		<control type="grouplist" id="9000">
                <left>25</left>
                <top>240</top>
                <width>130</width>
                <height>430</height>
                <itemgap></itemgap>
                <onup>9000</onup>
                <ondown>9000</ondown>
                <onleft>9000</onleft>
				<onright condition="String.Contains(Control.GetLabel(5),Plot)">50</onright>
                <orientation>vertical</orientation>
				<control type="button" id="3001">
                    <description>Play</description>
                    <label></label>
                    <width>130</width>
					<textoffsetx>10</textoffsetx>
                    <align>center</align>
					<font>Panel_Hint</font>
                </control>
				<control type="button" id="3002">
                    <description>Resume</description>
                    <label></label>
                    <width>130</width>
					<textoffsetx>10</textoffsetx>
                    <align>center</align>
					<font>Panel_Hint</font>
                </control>
				<control type="button" id="3003">
                    <description></description>
                    <label>206</label>
                    <width>130</width>
					<textoffsetx>10</textoffsetx>
                    <align>center</align>
                    <font>Panel_Hint</font>
                </control>
				<control type="button" id="3005">
                    <description>Trailer</description>
                    <label>Trailer</label>
                    <width>130</width>
					<textoffsetx>10</textoffsetx>
                    <align>center</align>
					<font>Panel_Hint</font>
                </control>
                <control type="button" id="3006">
                    <description>Refresh</description>
                    <label>Stop</label>
                    <width>130</width>
					<textoffsetx>10</textoffsetx>
                    <align>center</align>
					<font>Panel_Hint</font>
                </control>

			</control>
		<!-- ESRB Logo -->
		<control type="image">
			<description>Esrb Logo</description>
			<left>25</left>
			<top>425</top>
			<width>130</width>
			<height>180</height>
			<aspectratio align="center" aligny="center">keep</aspectratio>
			<texture>$VAR[IarlEsrb]</texture>
		</control>
		<!-- OLD Game Title -->
		<control type="textbox" id="3007">
           <description>Title</description>
           <posx>5</posx>
           <posy>5</posy>
           <width>300</width>
           <height>65</height>
           <align>center</align>
           <ondown>3001</ondown>
           <onup>3001</onup>
           <onleft>3001</onleft>
           <onright>3001</onright>
           <visible>false</visible>
           <colordiffuse>FFFFFFFF</colordiffuse>
           <font>Panel_Hint</font>
           <textcolor>black</textcolor>
           <scrolltime>200</scrolltime>
           <autoscroll delay="3000" time="1000" repeat="10000"></autoscroll>
           <label>$INFO[Container(113).ListItem.Property(rom_name)]</label>
       </control>
        <!-- OLD Game Genre -->
		<control type="textbox" id="3008">
           <description>Genre</description>
           <posx>350</posx>
           <posy>5</posy>
           <width>150</width>
           <height>65</height>
           <align>center</align>
           <ondown>3001</ondown>
           <onup>3001</onup>
           <onleft>3001</onleft>
           <onright>3001</onright>
           <visible>false</visible>
           <colordiffuse>FFFFFFFF</colordiffuse>
           <font>Panel_Hint</font>
           <textcolor>black</textcolor>
           <scrolltime>200</scrolltime>
           <autoscroll delay="3000" time="1000" repeat="10000"></autoscroll>
           <label>Unknown</label>
       </control>
        <!-- OLD Players Nr-->
		<control type="textbox" id="3009">
           <description>Players</description>
           <posx>795</posx>
           <posy>5</posy>
           <width>75</width>
           <height>65</height>
           <align>center</align>
           <ondown>3001</ondown>
           <onup>3001</onup>
           <onleft>3001</onleft>
           <onright>3001</onright>
           <visible>false</visible>
           <colordiffuse>FFFFFFFF</colordiffuse>
           <font>Panel_Hint</font>
           <textcolor>black</textcolor>
           <scrolltime>200</scrolltime>
           <autoscroll delay="3000" time="1000" repeat="10000"></autoscroll>
           <label>Unknown</label>
       </control>
        <!-- OLD Studio -->
		<control type="textbox" id="3010">
           <description>Studio</description>
           <posx>1000</posx>
           <posy>5</posy>
           <width>250</width>
           <height>65</height>
           <align>center</align>
           <ondown>3001</ondown>
           <onup>3001</onup>
           <onleft>3001</onleft>
           <onright>3001</onright>
           <visible>false</visible>
           <colordiffuse>FFFFFFFF</colordiffuse>
           <font>Panel_Hint</font>
           <textcolor>black</textcolor>
           <scrolltime>200</scrolltime>
           <autoscroll delay="3000" time="1000" repeat="10000"></autoscroll>
           <label>Unknown</label>
       </control>

   
   </controls>
</window>