<?xml version="1.0" encoding="utf-8"?>
<window id="7">
    <defaultcontrol always="true">9000</defaultcontrol>
     
    <controls>
        <include>SkinFanart</include>
        <include>BarClock</include>
		
		
		<control type="group"><visible>![Window.IsVisible(2003) | Window.IsVisible(DialogAddonInfo.xml) | Window.IsVisible(DialogMusicInfo.xml) | Window.IsVisible(DialogFavourites.xml)]</visible><include>NowPlayingControls</include><include>TouchscreenNavigation</include></control>        <control type="group">
            <animation type="WindowClose">
                <effect type="fade" time="300" />
                <effect type="slide" end="+1500,0" time="300" />
            </animation>
            <animation type="WindowOpen">
                <effect type="fade" time="300" />
                <effect type="slide" start="+1500,0" time="300" />
            </animation>
            <control type="image">
                <description>background image</description>
                <left>50</left>
                <top>290</top>
                <width>290</width>
                <height>370</height>
                <aspectratio>scale</aspectratio>
                <texture>tile.png</texture>
            </control>			
			 <control type="image">
                <description>background image</description>
                <left>345</left>
                <top>290</top>
                <width>810</width>
                <height>370</height>
                <aspectratio>scale</aspectratio>
                <texture>tile.png</texture>
            </control>
			
			
			<control type="label">
                <label>$LOCALIZE[13000]</label>
                <left>50</left>
                <top>215</top>
                <height>30</height>
                <width>810</width>
                <font>Panel_Title</font>
                <align>left</align>
				<aligny>top</aligny>
            </control>
            <control type="fadelabel" id="52">
                <description>XBMC XBE BUILD Version</description>
                <left>345</left>
                <top>665</top>
                <height>30</height>
                <width>810</width>
                <font>Panel_Hint</font>
                <scroll>true</scroll>
                <aligny>top</aligny>
                <textcolor>Accent</textcolor>
                <align>right</align>
	        </control>
            <control type="group">
                <left>345</left>
                <top>200</top>
                <control type="label" id="21">
                    <description>CPU Text</description>
                    <width>810</width>
                    <label>$LOCALIZE[13271] $INFO[System.CPUUsage]</label>
					<font>Panel_Hint</font>
                </control>
                <control type="progress" id="22">
                    <description>CPU BAR</description>
                    <left>0</left>
                    <top>40</top>
                    <width>810</width>
                    <info>System.CPUUsage</info>
                    <height>5</height>
                    <texturebg>progressmidgreen.png</texturebg>
                    <midtexture>progresslime.png</midtexture>
                </control>
			</control>
			<control type="group">
                <left>345</left>
                <top>240</top>
				<control type="label" id="23">
                    <description>Memory Text</description>
                    <left>0</left>
                    <width>810</width>
                    <label>$LOCALIZE[22012]: $INFO[system.memory(used.percent)]</label>
					<font>Panel_Hint</font>
                </control>
                <control type="progress" id="24">
                    <left>0</left>
                    <top>40</top>
                    <description>Memory BAR</description>
                    <width>810</width>
                    <info>system.memory(used)</info>
                    <height>5</height>
                    <texturebg>progressmidgreen.png</texturebg>
                    <midtexture>progresslime.png</midtexture>
                </control>
            </control>
			
			
            <control type="group">
				<control type="grouplist" id="9000">
                    <left>50</left>
                    <top>290</top>
                    <width>290</width>
                    <height>345</height>
                    <itemgap>2</itemgap>
                    <onleft>noop</onleft>
                    <onright>noop</onright>
                    <onup>9000</onup>
                    <ondown>9000</ondown>
                    <control type="button" id="95">
                        <description>General</description>
                        <width>300</width>
                        <label>20037</label>
                        <align>right</align>
                        <focusedcolor>Accent</focusedcolor>
						<font>List_Unfocused</font>
                    </control>
                    <control type="button" id="94">
                        <description>Storage</description>
                        <width>300</width>
                        <label>13277</label>
                        <align>right</align>
                        <focusedcolor>Accent</focusedcolor>
						<font>List_Unfocused</font>
                    </control>
                    <control type="button" id="96">
                        <description>Network</description>
                        <width>300</width>
                        <label>13279</label>
                        <align>right</align>
                        <focusedcolor>Accent</focusedcolor>
						<font>List_Unfocused</font>
                    </control>
                    <control type="button" id="97">
                        <description>Video</description>
                        <width>300</width>
                        <label>13280</label>
                        <align>right</align>
                        <focusedcolor>Accent</focusedcolor>
						<font>List_Unfocused</font>
                    </control>
                    <control type="button" id="98">
                        <description>Hardware</description>
                        <width>300</width>
                        <label>13281</label>
                        <align>right</align>
                        <focusedcolor>Accent</focusedcolor>
						<font>List_Unfocused</font>
                    </control>
					<control type="button" id="100">
                        <description>Privacy Policy</description>
                        <width>300</width>
                        <label>12389</label>
                        <align>right</align>
                        <focusedcolor>Accent</focusedcolor>
						<font>List_Unfocused</font>
                    </control>
                </control>
                <control type="grouplist">
                    <left>355</left>
                    <top>290</top>
                    <width>810</width>
                    <height>370</height>
					<itemgap>2</itemgap>
					<control type="textbox" id="30">
			            <description>Privacy Policy</description>
                        <width>795</width>
						<height>350</height>
						<font>List_Settings</font>
                    </control>
                    <control type="label" id="2">
                        <description>Label 2</description>
                        <width>810</width>
						<height>44</height>
						<font>List_Settings</font>
                    </control>
                    <control type="label" id="3">
                        <description>Label 3</description>
                        <width>810</width>
						<height>44</height>
						<font>List_Settings</font>
                    </control>
                    <control type="label" id="4">
                        <description>Label 4</description>
                        <width>810</width>
						<height>44</height>
						<font>List_Settings</font>
                    </control>
                    <control type="fadelabel" id="5">
                        <description>Label 5</description>
                        <width>810</width>
						<height>44</height>
						<font>List_Settings</font>
                    </control>
                    <control type="label" id="6">
                        <description>Label 6</description>
                        <width>810</width>
						<height>44</height>
						<font>List_Settings</font>
                    </control>
                    <control type="label" id="7">
                        <description>Label 7</description>
                        <width>810</width>
						<height>44</height>
						<font>List_Settings</font>
                    </control>
                    <control type="label" id="8">
                        <description>Label 8</description>
                        <width>810</width>
						<height>44</height>
						<font>List_Settings</font>
                    </control>
                    <control type="label" id="9">
                        <description>Label 9</description>
						<font>List_Settings</font>
						<height>44</height>
                        <width>810</width>
                    </control>
                    <control type="label" id="10">
                        <description>Label 10</description>
                        <width>810</width>
						<height>44</height>
						<font>List_Settings</font>
                    </control>
                    <control type="label" id="11">
                        <description>Label 11</description>
                        <width>810</width>
						<height>44</height>
						<font>List_Settings</font>
                    </control>
                </control>
            </control>
        </control>
    </controls>
</window>