<?xml version="1.0" encoding="utf-8"?>
<window id="56">
    <defaultcontrol always="true">1000</defaultcontrol>
     
    <controls>
        <include>SkinFanart</include>
        <include>BarClock</include>
		
		
		<control type="group"><visible>![Window.IsVisible(2003) | Window.IsVisible(DialogAddonInfo.xml) | Window.IsVisible(DialogMusicInfo.xml) | Window.IsVisible(DialogFavourites.xml)]</visible><include>NowPlayingControls</include><include>TouchscreenNavigation</include></control>        <control type="group">
            <animation type="WindowClose">
                <effect type="fade" time="300" />
                <effect type="slide" end="+1500,0" time="300" />
            </animation>
            <animation type="WindowOpen">
                <effect type="fade" time="300" />
                <effect type="slide" start="+1500,0" time="300" />
            </animation>
            <animation type="Hidden">
                <effect type="fade" time="300" />
                <effect type="slide" end="+1500,0" time="300" />
            </animation>
            <animation type="Visible">
                <effect type="fade" time="300" />
                <effect type="slide" start="+1500,0" time="300" />
            </animation>
            
			<control type="image">
                <description>background image</description>
                <left>50</left>
                <top>290</top>
                <width>290</width>
                <height>315</height>
                <aspectratio>scale</aspectratio>
                <texture>tile.png</texture>
            </control>			
			 <control type="image">
                <description>background image</description>
                <left>345</left>
                <top>290</top>
                <width>810</width>
                <height>315</height>
                <aspectratio>scale</aspectratio>
                <texture>tile.png</texture>
            </control>
			<control type="label">
                <label>$LOCALIZE[31720]</label>
                <left>50</left>
                <top>215</top>
                <height>30</height>
                <width>250</width>
                <font>Panel_Title</font>
                <align>left</align>
				<aligny>top</aligny>
            </control>
            <control type="label">
                <label>[COLOR Accent]$LOCALIZE[5][/COLOR]</label>
                <left>345</left>
                <top>215</top>
                <height>30</height>
                <width>450</width>
                <font>Panel_Title</font>
                <align>left</align>
				<aligny>top</aligny>
            </control>
            <control type="list" id="1000">
                <description>List</description>
                <left>50</left>
                <top>290</top>
                <width>290</width>
                <height>315</height>
                <onup>1000</onup>
                <ondown>1000</ondown>
                <onleft>noop</onleft>
                <onright>99</onright>
                <scrolltime>0</scrolltime>
                <orientation>vertical</orientation>
                <pagecontrol></pagecontrol>
                <itemlayout height="46" width="290">
                    <control type="image">
                        <width>300</width>
                        <height>45</height>
                        <texture border="2">other_textures/buttonnf.png</texture>
                    </control>
                    <control type="label">
                        <width>270</width>
                        <align>right</align>
                        <label>$INFO[ListItem.Label]</label>
						<font>List_Unfocused</font>
                    </control>
                </itemlayout>
                <focusedlayout height="46" width="290">
                    <control type="image">
                        <width>300</width>
                        <height>45</height>
                        <texture border="5">other_textures/buttonfo.png</texture>
                        <animation effect="fade" start="100" end="50" condition="!Control.HasFocus(1000)">Conditional</animation>
                    </control>
                    <control type="label">
                        <width>270</width>
                        <align>right</align>
						<font>List_Unfocused</font>
                        <label>[COLOR Accent]$INFO[ListItem.Label][/COLOR]</label>
                    </control>
                </focusedlayout>
                <content>
                    <item id="1">
                        <description>Home</description>
                        <label>10000</label>
                        <onclick>noop</onclick>
                    </item>
                    <item id="2">
                        <description>General</description>
                        <label>16000</label>
                        <onclick>noop</onclick>
                    </item>
					<item id="3">
						<description>Scripts</description>
						<label>24001</label>
						<onclick>noop</onclick>
					</item>
                </content>
            </control>
            <control type="group" id="99">
                <left>345</left>
                <top>290</top>
                <control type="grouplist" id="100">
                    <description>Control Area</description>
                    <width>810</width>
                    <height>315</height>
                    <itemgap>0</itemgap>
                    <onup>100</onup>
                    <ondown>100</ondown>
                    <onleft>1000</onleft>
                    <onright>noop</onright>
                    <orientation>vertical</orientation>
                    <visible>Container(1000).Hasfocus(1)</visible>
					<control type="radiobutton" id="101">
                        <description>Disable Home Slide Animation</description>
                        <width>810</width>
                        <align>left</align>
                        <label>$LOCALIZE[31005]</label>
                        <focusedcolor>Accent</focusedcolor>
						<font>List_Settings</font>
                        <onclick>Skin.ToggleSetting(DisableHomeAnimations)</onclick>
                        <selected>Skin.HasSetting(DisableHomeAnimations)</selected>
                    </control>
					<control type="radiobutton" id="102">
                        <description>Enable Home Zoom Animation</description>
                        <width>810</width>
                        <align>left</align>
                        <label>$LOCALIZE[31732]</label>
                        <focusedcolor>Accent</focusedcolor>
						<font>List_Settings</font>
                        <onclick>Skin.ToggleSetting(showHomeZoomAnimation)</onclick>
                        <selected>Skin.HasSetting(showHomeZoomAnimation)</selected>
                    </control>					
					<control type="radiobutton" id="103">
                        <description>Home Menu</description>
                        <width>810</width>
                        <align>left</align>
                        <label>$LOCALIZE[31006]</label>
                        <focusedcolor>Accent</focusedcolor>
						<font>List_Settings</font>
                        <onclick>Skin.ToggleSetting(HideHomeMenuIcons)</onclick>
                        <selected>Skin.HasSetting(HideHomeMenuIcons)</selected>
                    </control>
					<control type="radiobutton" id="104">
                        <description>Disable Home Fanart</description>
                        <width>810</width>
                        <align>left</align>
                        <label>$LOCALIZE[31007]</label>
                        <focusedcolor>Accent</focusedcolor>
						<font>List_Settings</font>
                        <onclick>Skin.ToggleSetting(DisableHomeFanart)</onclick>
                        <selected>Skin.HasSetting(DisableHomeFanart)</selected>
                    </control>
					<control type="radiobutton" id="105">
                        <description>Enable Now Playing on Home Window</description>
                        <width>810</width>
                        <align>left</align>
                        <label>$LOCALIZE[31207]</label>
                        <focusedcolor>Accent</focusedcolor>
						<font>List_Settings</font>
                        <onclick>Skin.ToggleSetting(showNowPlayingOnHome)</onclick>
                        <selected>Skin.HasSetting(showNowPlayingOnHome)</selected>
                    </control>
					 <control type="button" id="106">
						<description>Open Customization Window</description>
                        <width>810</width>
                        <align>left</align>
                        <label>$LOCALIZE[31008]</label>
                        <focusedcolor>Accent</focusedcolor>
						<font>List_Settings</font>
                        <onclick>ActivateWindow(3333)</onclick>
					 </control>
					 <control type="button" id="107">
						<description>Open Customization Window</description>
                        <width>810</width>
                        <align>left</align>
                        <label>$LOCALIZE[31028]</label>
                        <focusedcolor>Accent</focusedcolor>
						<font>List_Settings</font>
						<onclick>Skin.SetString(SubMenu1Tile1.Type,Movies)</onclick>
						<onclick>Skin.SetString(SubMenu1Tile2.Type,MovieLibrary)</onclick>
						<onclick>Skin.SetString(SubMenu1Tile3.Type,RecentylAddedMovies)</onclick>
						<onclick>Skin.SetString(SubMenu1Tile4.Type,VideoLibrary)</onclick>
						<onclick>Skin.SetString(SubMenu1Tile5.Type,VideoAddons)</onclick>
						<onclick>Skin.SetString(SubMenu2Tile1.Type,TvShows)</onclick>
						<onclick>Skin.SetString(SubMenu2Tile2.Type,TVShowLibrary)</onclick>
						<onclick>Skin.SetString(SubMenu2Tile3.Type,RecentylAddedEpisodes)</onclick>
						<onclick>Skin.SetString(SubMenu2Tile4.Type,VideoLibrary)</onclick>
						<onclick>Skin.SetString(SubMenu2Tile5.Type,VideoAddons)</onclick>
						<onclick>Skin.SetString(SubMenu3Tile1.Type,Albums)</onclick>
						<onclick>Skin.SetString(SubMenu3Tile2.Type,MusicLibrary)</onclick>
						<onclick>Skin.SetString(SubMenu3Tile3.Type,Artists)</onclick>
						<onclick>Skin.SetString(SubMenu3Tile4.Type,MusicFiles)</onclick>
						<onclick>Skin.SetString(SubMenu3Tile5.Type,MusicAddons)</onclick>
						<onclick>Skin.SetString(SubMenu4Tile1.Type,TvChannels)</onclick>
						<onclick>Skin.SetString(SubMenu4Tile2.Type,EPG)</onclick>
						<onclick>Skin.SetString(SubMenu4Tile3.Type,RadioChannels)</onclick>
						<onclick>Skin.SetString(SubMenu4Tile4.Type,Recordings)</onclick>
						<onclick>Skin.SetString(SubMenu4Tile5.Type,Timers)</onclick>
						<onclick>Skin.SetString(SubMenu5Tile1.Type,Games)</onclick>
						<onclick>Skin.SetString(SubMenu5Tile2.Type,GameAddons)</onclick>
						<onclick>Skin.SetString(SubMenu5Tile3.Type,GameSettings)</onclick>
						<onclick>Skin.Reset(SubMenu5Tile4.Type)</onclick>
						<onclick>Skin.Reset(SubMenu5Tile5.Type)</onclick>
						<onclick>Skin.Reset(SubMenu6Tile1.Type)</onclick>
						<onclick>Skin.Reset(SubMenu6Tile2.Type)</onclick>
						<onclick>Skin.Reset(SubMenu6Tile3.Type)</onclick>
						<onclick>Skin.Reset(SubMenu6Tile4.Type)</onclick>
						<onclick>Skin.Reset(SubMenu6Tile5.Type)</onclick>
						<onclick>Skin.Reset(SubMenu7Tile1.Type)</onclick>
						<onclick>Skin.Reset(SubMenu7Tile2.Type)</onclick>
						<onclick>Skin.Reset(SubMenu7Tile3.Type)</onclick>
						<onclick>Skin.Reset(SubMenu7Tile4.Type)</onclick>
						<onclick>Skin.Reset(SubMenu7Tile5.Type)</onclick>
						<onclick>Skin.Reset(SubMenu8Tile1.Type)</onclick>
						<onclick>Skin.Reset(SubMenu8Tile2.Type)</onclick>
						<onclick>Skin.Reset(SubMenu8Tile3.Type)</onclick>
						<onclick>Skin.Reset(SubMenu8Tile4.Type)</onclick>
						<onclick>Skin.Reset(SubMenu8Tile5.Type)</onclick>
						<onclick>Skin.Reset(SubMenu9Tile1.Type)</onclick>
						<onclick>Skin.Reset(SubMenu9Tile2.Type)</onclick>
						<onclick>Skin.Reset(SubMenu9Tile3.Type)</onclick>
						<onclick>Skin.Reset(SubMenu9Tile4.Type)</onclick>
						<onclick>Skin.Reset(SubMenu9Tile5.Type)</onclick>
						<onclick>Skin.Reset(SubMenu10Tile1.Type)</onclick>
						<onclick>Skin.Reset(SubMenu10Tile2.Type)</onclick>
						<onclick>Skin.Reset(SubMenu10Tile3.Type)</onclick>
						<onclick>Skin.Reset(SubMenu10Tile4.Type)</onclick>
						<onclick>Skin.Reset(SubMenu10Tile5.Type)</onclick>
						<onclick condition="!Skin.HasSetting(EnableHomeMenu1)">Skin.ToggleSetting(EnableHomeMenu1)</onclick>
						<onclick condition="!Skin.HasSetting(EnableHomeMenu2)">Skin.ToggleSetting(EnableHomeMenu2)</onclick>	
						<onclick condition="!Skin.HasSetting(EnableHomeMenu3)">Skin.ToggleSetting(EnableHomeMenu3)</onclick>	
						<onclick>Skin.Reset(EnableHomeMenu4)</onclick>	
						<onclick>Skin.Reset(EnableHomeMenu5)</onclick>	
						<onclick>Skin.Reset(EnableHomeMenu6)</onclick>	
						<onclick>Skin.Reset(EnableHomeMenu7)</onclick>	
						<onclick>Skin.Reset(EnableHomeMenu8)</onclick>	
						<onclick>Skin.Reset(EnableHomeMenu9)</onclick>	
						<onclick>Skin.Reset(EnableHomeMenu10)</onclick>	
						<onclick>Skin.SetString(HomeMenu1.Label,Movies)</onclick>
						<onclick>Skin.SetString(HomeMenu2.Label,Tv Shows)</onclick>
						<onclick>Skin.SetString(HomeMenu3.Label,Music)</onclick>
						<onclick>Skin.SetString(HomeMenu4.Label,Live Tv)</onclick>
						<onclick>Skin.SetString(HomeMenu5.Label,Games)</onclick>
						<onclick>Skin.Reset(HomeMenu6.Label)</onclick>
						<onclick>Skin.Reset(HomeMenu7.Label)</onclick>
						<onclick>Skin.Reset(HomeMenu8.Label)</onclick>
						<onclick>Skin.Reset(HomeMenu9.Label)</onclick>
						<onclick>Skin.Reset(HomeMenu10.Label)</onclick>
						<onclick>Skin.SetString(HomeMenu1.Image,HomeIcons/Movies.png)</onclick>
						<onclick>Skin.SetString(HomeMenu2.Image,HomeIcons/TvShows.png)</onclick>
						<onclick>Skin.SetString(HomeMenu3.Image,HomeIcons/Music.png)</onclick>
						<onclick>Skin.SetString(HomeMenu4.Image,HomeIcons/LiveTv.png)</onclick>
						<onclick>Skin.SetString(HomeMenu5.Image,HomeIcons/Games.png)</onclick>
						<onclick>Skin.Reset(HomeMenu6.Image)</onclick>
						<onclick>Skin.Reset(HomeMenu7.Image)</onclick>
						<onclick>Skin.Reset(HomeMenu8.Image)</onclick>
						<onclick>Skin.Reset(HomeMenu9.Image)</onclick>
						<onclick>Skin.Reset(HomeMenu10.Image)</onclick>
						<onclick>Skin.Reset(HomeMenu1.Background)</onclick>
						<onclick>Skin.Reset(HomeMenu2.Background)</onclick>
						<onclick>Skin.Reset(HomeMenu3.Background)</onclick>
						<onclick>Skin.Reset(HomeMenu4.Background)</onclick>
						<onclick>Skin.Reset(HomeMenu5.Background)</onclick>
						<onclick>Skin.Reset(HomeMenu6.Background)</onclick>
						<onclick>Skin.Reset(HomeMenu7.Background)</onclick>
						<onclick>Skin.Reset(HomeMenu8.Background)</onclick>
						<onclick>Skin.Reset(HomeMenu9.Background)</onclick>
						<onclick>Skin.Reset(HomeMenu10.Background)</onclick>
						<onclick>Skin.SetString(SideMenuTile1.Type,Weather)</onclick>
						<onclick>Skin.SetString(SideMenuTile2.Type,Pictures)</onclick>
						<onclick>Skin.SetString(SideMenuTile3.Type,Programs)</onclick>
						<onclick>Skin.SetString(SideMenuTile4.Type,Favourites)</onclick>
						<onclick>Skin.SetString(SideMenuTile5.Type,Addons)</onclick>
						<onclick>Skin.SetString(SideMenuTile6.Type,SkinSettings)</onclick>
						<onclick>Skin.SetString(SideMenuTile7.Type,Settings)</onclick>
						<onclick>Skin.SetString(SideMenuTile8.Type,Shutdown)</onclick>
						<onclick>Skin.Reset(SideMenuTile9.Type)</onclick>
						<onclick>Skin.Reset(SideMenuTile10.Type)</onclick>
						<onclick>Skin.Reset(SideMenuTile11.Type)</onclick>
						<onclick>Skin.Reset(SideMenuTile12.Type)</onclick>
						<onclick>Skin.Reset(SideMenuTile13.Type)</onclick>
						<onclick>Skin.Reset(SideMenuTile14.Type)</onclick>
						<onclick>Skin.SetString(HomeWidget1.Type,RandomMovies)</onclick>
						<onclick>Skin.SetString(HomeWidget1.Layout,Poster)</onclick>
						<onclick>Skin.SetString(HomeWidget2.Type,RecentTvShows)</onclick>
						<onclick>Skin.SetString(HomeWidget2.Layout,Poster)</onclick>
						<onclick>Skin.SetString(HomeWidget3.Type,RecentAlbums)</onclick>
						<onclick>Skin.SetString(HomeWidget3.Layout,Cover)</onclick>
						<onclick>Skin.Reset(HomeWidget4.Type)</onclick>
						<onclick>Skin.Reset(HomeWidget5.Type)</onclick>
						<onclick>Skin.Reset(HomeWidget6.Type)</onclick>
						<onclick>Skin.Reset(HomeWidget7.Type)</onclick>
						<onclick>Skin.Reset(HomeWidget8.Type)</onclick>
						<onclick>Skin.Reset(HomeWidget9.Type)</onclick>
						<onclick>Skin.Reset(HomeWidget10.Type)</onclick>
				 </control>
				</control>
                <control type="grouplist" id="200">
                    <description>Control Area</description>
                    <width>810</width>
                    <height>315</height>
                    <itemgap>0</itemgap>
                    <onup>200</onup>
                    <ondown>200</ondown>
                    <onleft>1000</onleft>
                    <onright>noop</onright>
                    <orientation>vertical</orientation>
                    <visible>Container(1000).Hasfocus(2)</visible>
                    <control type="radiobutton" id="201">
                        <description>Toggle Fanart</description>
                        <width>810</width>
                        <align>left</align>
                        <label>31033</label>
                        <focusedcolor>Accent</focusedcolor>
						<font>List_Settings</font>
                        <onclick>Skin.ToggleSetting(Fanart)</onclick>
                        <selected>Skin.HasSetting(Fanart)</selected>
                    </control>
                    <control type="radiobutton" id="202">
                        <description>Toggle Visualization</description>
                        <width>810</width>
                        <align>left</align>
                        <label>31731</label>
                        <focusedcolor>Accent</focusedcolor>
						<font>List_Settings</font>
                        <onclick>Skin.ToggleSetting(Visualization)</onclick>
                        <selected>Skin.HasSetting(Visualization)</selected>
                    </control>
                    <control type="button" id="203">
						<description>Set Path to Music Library</description>
                        <width>810</width>
                        <align>left</align>
                        <label>$LOCALIZE[31009]</label>
                        <focusedcolor>Accent</focusedcolor>
						<label2>[COLOR Accent]$INFO[Skin.String(ArtistsFanartPath)][/COLOR]</label2>
						<font>List_Settings</font>
						<onclick>Skin.Reset(ArtistsFanartPath)</onclick>
                        <onclick>Skin.SetPath(ArtistsFanartPath)</onclick>
					</control>
					  <control type="radiobutton" id="204">
                        <description>Disable Artists Extrafanart</description>
                        <width>810</width>
                        <align>left</align>
                        <label>$LOCALIZE[31010]</label>
                        <focusedcolor>Accent</focusedcolor>
						<font>List_Settings</font>
                        <onclick>Skin.ToggleSetting(DisableArtistExtrafanartInNavigation)</onclick>
                        <selected>Skin.HasSetting(DisableArtistExtrafanartInNavigation)</selected>
						<visible>!String.IsEmpty(Skin.String(ArtistsFanartPath))</visible>
                    </control>
					<control type="radiobutton" id="205">
                        <description>Toggle Video On Background</description>
                        <width>810</width>
                        <align>left</align>
                        <label>$LOCALIZE[31011]</label>
                        <focusedcolor>Accent</focusedcolor>
						<font>List_Settings</font>
                        <onclick>Skin.ToggleSetting(PlayingVideoOnBackground)</onclick>
                        <selected>Skin.HasSetting(PlayingVideoOnBackground)</selected>
                    </control>
					<control type="radiobutton" id="206">
                        <description>Toggle Text Scroll On Background</description>
                        <width>810</width>
                        <align>left</align>
                        <label>$LOCALIZE[31050]</label>
                        <focusedcolor>Accent</focusedcolor>
						<font>List_Settings</font>
                        <onclick>Skin.ToggleSetting(HideGlobalTouchControls)</onclick>
                        <selected>Skin.HasSetting(HideGlobalTouchControls)</selected>
                    </control>
					<control type="radiobutton" id="207">
                        <description>Toggle Text Scroll On Background</description>
                        <width>810</width>
                        <align>left</align>
                        <label>$LOCALIZE[31012]</label>
                        <focusedcolor>Accent</focusedcolor>
						<font>List_Settings</font>
                        <onclick>Skin.ToggleSetting(DisplayScrollingText)</onclick>
                        <selected>Skin.HasSetting(DisplayScrollingText)</selected>
                    </control>
					<control type="radiobutton" id="208">
                        <description>Toggle Bg Color Mode</description>
                        <width>810</width>
                        <align>left</align>
                        <label>$LOCALIZE[31013]</label>
                        <focusedcolor>Accent</focusedcolor>
						<font>List_Settings</font>
                        <onclick>Skin.ToggleSetting(ThemeBackgroundColor)</onclick>
                        <selected>Skin.HasSetting(ThemeBackgroundColor)</selected>
                    </control>
					<control type="radiobutton" id="209">
                        <description>Toggle Weather Info</description>
                        <width>810</width>
                        <align>left</align>
                        <label>$LOCALIZE[31032]</label>
                        <focusedcolor>Accent</focusedcolor>
						<font>List_Settings</font>
                        <onclick>Skin.ToggleSetting(DisplayWeatherInfo)</onclick>
                        <selected>Skin.HasSetting(DisplayWeatherInfo)</selected>
                    </control>
					<control type="radiobutton" id="210">
                        <description>Toggle Artis Info</description>
                        <width>810</width>
                        <align>left</align>
                        <label>$LOCALIZE[31058]</label>
                        <focusedcolor>Accent</focusedcolor>
						<font>List_Settings</font>
                        <onclick>Skin.ToggleSetting(HideAlbumArtistDescirption)</onclick>
                        <selected>Skin.HasSetting(HideAlbumArtistDescirption)</selected>
                    </control>
					
				</control>

				<control type="grouplist" id="300">
					<description>Control Area</description>
                    <width>810</width>
                    <height>315</height>
                    <itemgap>0</itemgap>
                    <onup>200</onup>
                    <ondown>200</ondown>
                    <onleft>1000</onleft>
                    <onright>noop</onright>
                    <orientation>vertical</orientation>
                    <visible>Container(1000).Hasfocus(3)</visible>
					<control type="radiobutton" id="3001">
						<description>Tv Tunes</description>
						 <width>810</width>
                        <align>left</align>
						<label>$LOCALIZE[31014]</label>
                        <focusedcolor>Accent</focusedcolor>
						<font>List_Settings</font>
                        <onclick>Skin.ToggleSetting(ActivateTvTunes)</onclick>
						<selected>Skin.HasSetting(ActivateTvTunes)</selected>
						<visible>System.HasAddon(script.tvtunes)</visible>
					</control>
					<control type="radiobutton" id="3002">
						<description>Artist Slideshow</description>
						 <width>810</width>
                        <align>left</align>
						<label>$LOCALIZE[31015]</label>
                        <focusedcolor>Accent</focusedcolor>
						<font>List_Settings</font>
                        <onclick>Skin.ToggleSetting(EnableArtistSlideshowAddon)</onclick>
						<selected>Skin.HasSetting(EnableArtistSlideshowAddon)</selected>
						<visible>System.HasAddon(script.artistslideshow)</visible>
					</control>
					<control type="radiobutton" id="3003">
						<description>Tv Show Next Aired</description>
						 <width>810</width>
                        <align>left</align>
						<label>$LOCALIZE[31016]</label>
                        <focusedcolor>Accent</focusedcolor>
						<font>List_Settings</font>
                        <onclick>Skin.ToggleSetting(EnableTvShowNexAired)</onclick>
						<selected>Skin.HasSetting(EnableTvShowNexAired)</selected>
						<visible>System.HasAddon(script.tv.show.next.aired)</visible>
					</control>
				</control>
              </control>
        	<control type="image">
                <left>1155</left>
                <top>290</top>
                <width>40</width>
                <height>40</height>
                <texture flipy="true">down_arrow.png</texture>
                <visible>Container(100).HasPrevious + ControlGroup(100).HasFocus</visible>
                <animation effect="fade" time="400">VisibleChange</animation>
            </control>
            <control type="image">
                <left>1155</left>
                <top>565</top>
                <width>40</width>
                <height>40</height>
                <texture>down_arrow.png</texture>
                <visible>Container(100).HasNext + ControlGroup(100).HasFocus</visible>
                <animation effect="fade" time="400">VisibleChange</animation>
            </control>
		</control>
    </controls>
</window>