<?xml version="1.0" encoding="utf-8"?>
<includes>
    <include name="Viewtype_Banner_List">
        <control type="group">
            <visible>Control.IsVisible(536)</visible>
            <animation type="TYPE" condition="Window.IsVisible(2003) | Window.IsVisible(DialogAddonSettings.xml)" reversible="false">
                <effect type="slide" end="-1500,0" time="200" />
            </animation>
            <animation type="TYPE" condition="!Window.IsVisible(2003) + !Window.IsVisible(DialogAddonSettings.xml)" reversible="false">
                <effect type="slide" start="-1500,0" time="200" />
            </animation>
  			<animation type="WindowClose">
                <effect type="fade" time="300" />
                <effect type="slide" end="+1500,0" time="300" />
            </animation>
            <animation type="WindowOpen">
                <effect type="fade" time="300" />
                <effect type="slide" start="+1500,0" time="300" />
            </animation>

			<!-- Short List Background-->
			<control type="image">
				<left>50</left>
				<top>435</top>
				<width>740</width>
				<height>170</height>
				<texture>music_fanart_diffuse.png</texture>
				<fadetime>200</fadetime>
				<aspectratio scalediffuse="false">stretch</aspectratio>
				<visible>Container.Content(tvshows)</visible>
			</control>
	
			<control type="list" id="536">
				<viewtype label="Banner List">Banner List</viewtype>
				<left>50</left>
				<top>435</top>
				<width>740</width>
				<height>170</height>
				<scrolltime>200</scrolltime>
				<onleft>9000</onleft>
				<onleft>Skin.ToggleSetting(showViewOptions)</onleft>
				<onright>5361</onright>
				<onup>536</onup>
				<ondown>536</ondown>
				<pagecontrol>5361</pagecontrol>
				<visible>Container.Content(TVShows)</visible>
				<itemlayout height="42">
					<control type="label">
						<left>25</left>
						<width>00</width>
						<font>List_Unfocused</font>
						<label>$INFO[ListItem.Label]</label>
					</control>
					<control type="image">
						<left>710</left>
						<top>13</top>
						<width>18</width>
						<height>15</height>
						<texture>watchedpanel.png</texture>
						<visible>String.IsEqual(ListItem.Overlay,OverlayWatched.png)</visible>
					</control>
				</itemlayout>
				<focusedlayout height="44">
					<control type="image">
						<width>740</width>
						<height>45</height>
						<texture colordiffuse="AccentDiffuse">button.png</texture>
					 </control>
					<control type="label">
						<left>25</left>
						<width>700</width>
						<font>List_Focused</font>
						<selectedcolor>White</selectedcolor>
						<aligny>center</aligny>
						<label>$INFO[ListItem.Label]</label>
						<shadowcolor>FF000000</shadowcolor>
					</control>
					<control type="image">
						<left>711</left>
						<top>14</top>
						<width>18</width>
						<height>15</height>
						<texture>watchedpanel.png</texture>
						<colordiffuse>FF000000</colordiffuse>
						<visible>String.IsEqual(ListItem.Overlay,OverlayWatched.png)</visible>
					</control>					
					<control type="image">
						<left>710</left>
						<top>13</top>
						<width>18</width>
						<height>15</height>
						<texture>watchedpanel.png</texture>
						<visible>String.IsEqual(ListItem.Overlay,OverlayWatched.png)</visible>
					</control>
				</focusedlayout>
			</control>
			<control type="scrollbar" id="5361">
				<left>795</left>
				<top>290</top>
				<width>5</width>
				<height>315</height>
				<onleft>536</onleft>
				<orientation>vertical</orientation>
			</control>

			<control type="image">
				<left>50</left>
				<top>290</top>
				<width>740</width>
				<height>140</height>
				<texture>$INFO[ListItem.Art(banner)]</texture>
				<bordersize>5</bordersize>
				<fadetime>300</fadetime>
				<bordertexture>white_box.png</bordertexture>
				<aspectratio>stretch</aspectratio>
			</control>
			
			
			<control type="image">
				<left>50</left>
				<top>290</top>
				<width>740</width>
				<height>140</height>
				<texture>tile.png</texture>
				<visible>String.IsEmpty(ListItem.Art(banner)) + [String.IsEqual(ListItem.Label,..) | String.Contains(ListItem.Label,default)]</visible>
			</control>
			<control type="image">
				<left>50</left>
				<top>290</top>
				<width>740</width>
				<height>140</height>
				<texture>$INFO[ListItem.Icon]</texture>
				<bordersize>5</bordersize>
				<aspectratio>keep</aspectratio>
				<colordiffuse>ImageDiffuse</colordiffuse>
				<visible>String.IsEmpty(ListItem.Art(banner)) + [String.IsEqual(ListItem.Label,..) | String.Contains(ListItem.Label,default)]</visible>
			</control>

			<include>MovieTvShowPanelDescription</include>

			<!-- This control displays the Footer Text below the main Poster-->
            <control type="label">
				<include>ViewFooterTitle</include>	
                <label>$VAR[PanelFooterText]</label>
            </control>
		
		</control>
    </include>
</includes>