<?xml version="1.0" encoding="utf-8"?>
<includes>
    <include name="Viewtype_Panel_Square">
       <control type="group">
            <visible>Control.IsVisible(519)</visible>
            <animation type="TYPE" condition="Window.IsVisible(2001)" reversible="false">
                <effect type="slide" end="-1500,0" time="200" />
            </animation>
            <animation type="TYPE" condition="!Window.IsVisible(2001)" reversible="false">
                <effect type="slide" start="-1500,0" time="200" />
            </animation>
            <animation type="WindowClose">
                <effect type="fade" time="300" />
                <effect type="slide" end="+1500,0" time="300" />
            </animation>
            <animation type="WindowOpen">
                <effect type="fade" time="300" />
                <effect type="slide" start="+1500,0" time="300" />
            </animation>
			
				<!-- This Control defines the Albums Panel-->
				<control type="panel" id="519">
					<viewtype label="Thumb Info">info</viewtype>
					<left>370</left>
					<top>290</top>
					<width>400</width>
					<height>320</height>
					<scrolltime>200</scrolltime>
					<orientation>vertical</orientation>
					<onleft>9000</onleft>
					<onleft>Skin.ToggleSetting(showViewOptions)</onleft>
					<onright>5191</onright>
					<pagecontrol>5191</pagecontrol>
					<preloaditems>2</preloaditems>
					<visible>$EXP[isAlbumList]</visible>
					 <!-- This Control defines the unfocused layout of the panel items-->
					 <include>AlbumPanelItemLayout</include>
					<!-- This Control defines the focused layout of the panel items-->
					<include>AlbumPanelFocusedLayout</include>
				</control>
				 	
			
			<include>ArtistAlbumPanelCover</include>
			
            <!-- This Control defines the scrollbar managing the Albums panel-->
			<control type="scrollbar" id="5191">
                <left>770</left>
                <top>290</top>
                <width>5</width>
                <height>315</height>
				<onleft>519</onleft>
                <showonepage>true</showonepage>
                <orientation>vertical</orientation>
		    </control>
            <!-- This Control displays the Name of the Album on Top of the Main Poster-->
			<control type="label">
                <label>$INFO[ListItem.Album]</label>
                <left>50</left>
                <top>215</top>
                <height>30</height>
                <width>1100</width>
				<aligny>top</aligny>
                <font>Panel_Title</font>
                <align>left</align>
                <visible>$EXP[isAlbumList]</visible>
            </control>
			 
			<!-- This control displays the Footer Text below the main Poster-->
            <control type="label">
				<include>ViewFooterTitle</include>	
                <label>$VAR[PanelFooterText]</label>
            </control>
			
			<include>ArtistAlbumPanelDescription</include>	
			
			
            <control type="label">
                <left>796</left>
                <top>320</top>
                <width>485</width>
                <height>50</height>
                <align>center</align>
                <aligny>top</aligny>
                <font>Large_Letter_Music</font>
                <textcolor>White</textcolor>
                <label>$INFO[ListItem.SortLetter]</label>
                <animation effect="fade" time="500">VisibleChange</animation>
                <visible>Container.Scrolling + !container.content(songs)</visible>
            </control>
        </control>
    </include>
</includes>