<?xml version="1.0" encoding="utf-8"?>
<includes>
    <include name="Viewtype_Panel_Tall">
		<!-- This Control defines all aspectds of the Movies and Tv Shows Poster View with the exceptin of the display of the Left Arrow and the clock -->
        <control type="group">
            <visible>Control.IsVisible(522)</visible>
            <animation type="TYPE" condition="Window.IsVisible(2003) | Window.IsVisible(DialogAddonSettings.xml)" reversible="false">
                <effect type="slide" end="-1500,0" time="200" />
            </animation>
            <animation type="TYPE" condition="!Window.IsVisible(2003) + !Window.IsVisible(DialogAddonSettings.xml)" reversible="false">
                <effect type="slide" start="-1500,0" time="200" />
            </animation>
            <animation type="WindowClose">
                <effect type="fade" time="300" />
                <effect type="slide" end="+1500,0" time="300" />
            </animation>
            <animation type="WindowOpen">
                <effect type="fade" time="300" />
                <effect type="slide" start="+1500,0" time="300" />
            </animation>
            <!-- This definition of a Panel Container used for Movies and Tv Shows -->
			<control type="panel" id="522">
                <viewtype label="Thumb Info">Poster Info</viewtype>
                <left>270</left>
                <top>290</top>
                <width>525</width>
                <height>320</height>
                <scrolltime>200</scrolltime>
                <orientation>vertical</orientation>
                <onleft>9000</onleft>
				<onleft>Skin.ToggleSetting(showViewOptions)</onleft>
                <onright>5221</onright>
                <pagecontrol>5221</pagecontrol>
                <preloaditems>2</preloaditems>
				 <visible>Container.Content(Movies) | Container.Content(TVShows)</visible>
                <!-- The Item Layout Defines The Size Backgrounds and overlays used for any item of the Panel -->
				<include>MovieTvShowPanelItemLayout</include>
			    <!-- The Focused Layout Defines The Size Backgrounds and overlays used when an item in the Panel is selected -->
				<include>MovieTvShowPanelFocusedLayout</include>
			</control>
            
		    <!-- This control displays the scrollbar next to the Panel -->
			<control type="scrollbar" id="5221">
                <left>795</left>
                <top>290</top>
                <width>5</width>
                <height>315</height>
				<onleft>522</onleft>
				<showonepage>true</showonepage>
                <orientation>vertical</orientation>
            </control>
             
			<include>MovieTvShowPanelDescription</include>
			<include>MovieTvShowPanelPoster</include>
            
			<!-- This control displays the Movie Tv Show or Episode Title on the Top of the Poster Panel-->
			<control type="label" id="140">
                <left>50</left>
                <top>215</top>
                <height>30</height>
                <width>1220</width>
                <font>Panel_Title</font>
                <textcolor>White</textcolor>
                <aligny>top</aligny>
               <scroll>true</scroll>
                <scrollout>false</scrollout>
                <pauseatend>600</pauseatend>
                <scrollspeed>50</scrollspeed>
				<label>$INFO[ListItem.Label]</label>
                <visible>Window.IsActive(1) | Container.Content(movies) | Container.Content(tvshows) | Container.Content(seasons)</visible>
            </control>
			
			<!-- This control displays the Footer Text below the main Poster-->
            <control type="label">
				<include>ViewFooterTitle</include>	
                <label>$VAR[PanelFooterText]</label>
            </control>
        </control>
    </include>
</includes>