<?xml version="1.0" encoding="utf-8"?>
<includes>
    <include name="Viewtype_Episodes_ListInfo">
        <control type="group">
            <visible>Control.IsVisible(526)</visible>
            <description>Episode List View (id=526)</description>
            <visible>$EXP[isEpisodeList]</visible>
            <animation type="TYPE" condition="Window.IsVisible(2003)" reversible="false">
                <effect type="slide" end="-1500,0" time="200" />
            </animation>
            <animation type="TYPE" condition="!Window.IsVisible(2003)" reversible="false">
                <effect type="slide" start="-1500,0" time="200" />
            </animation>
            <animation type="WindowClose">
                <effect type="fade" time="300" />
                <effect type="slide" end="+1500,0" time="300" />
            </animation>
            <animation type="WindowOpen">
                <effect type="fade" time="300" />
                <effect type="slide" start="+1500,0" time="300" />
            </animation>
            <control type="image">
                <left>50</left>
                <top>290</top>
                <width>215</width>
                <height>315</height>
                <texture>music_fanart_diffuse.png</texture>
                 <aspectratio scalediffuse="false">stretch</aspectratio>
             </control>
			<control type="image">
                <left>50</left>
                <top>290</top>
                <width>215</width>
                <height>315</height>
                <texture background="true">defaultfolder.png</texture>
                <fadetime>200</fadetime>
                <aspectratio scalediffuse="false">keep</aspectratio>
                <visible>String.IsEmpty(ListItem.Icon)</visible>
                <bordersize>5</bordersize>
            </control>
			<control type="image">
					<left>50</left>
					<top>290</top>
					<width>215</width>
					<height>315</height>
					<texture background="true">$INFO[ListItem.Icon]</texture>
					<fadetime>200</fadetime>
					<aspectratio scalediffuse="false">keep</aspectratio>
					<visible>String.IsEqual(ListItem.Label,.. ) | String.IsEmpty(ListItem.Art(tvshow.poster))</visible>
					<bordersize>5</bordersize>
				</control>
            <control type="image">
                <left>50</left>
                <top>290</top>
                <width>215</width>
                <height>315</height>
                <texture background="true">$INFO[ListItem.Art(tvshow.poster)]</texture>
                <fadetime>200</fadetime>
                <aspectratio scalediffuse="false">scale</aspectratio>
                <visible>!String.IsEqual(ListItem.Label,.. )</visible>
                <bordersize>5</bordersize>
				<bordertexture>white_box.png</bordertexture>
            </control>
			 <!-- Main Poster from Local Season Poster
			<control type="image">
                <left>50</left>
                <top>290</top>
                <width>215</width>
                <height>315</height>
                <texture background="true">$VAR[SeasonPoster]</texture>
                <fadetime>200</fadetime>
                <aspectratio scalediffuse="false">scale</aspectratio>
                <visible>!String.IsEqual(ListItem.Label,..)</visible>
                <bordersize>5</bordersize>
            </control>
			-->
           
			<control type="image">
                <left>270</left>
                <top>290</top>
                <width>45</width>
                <height>315</height>
                <texture>other_textures/black-back.png</texture>
                <aspectratio scalediffuse="false">stretch</aspectratio>
            </control>
            		
			<control type="image">
				<left>320</left>
				<top>290</top>
				<width>475</width>
				<height>315</height>
				<texture>music_fanart_diffuse.png</texture>
				<fadetime>200</fadetime>
				<aspectratio scalediffuse="false">stretch</aspectratio>
			</control>
		
		    <control type="list" id="526">
                <left>270</left>
                <top>290</top>
                <width>525</width>
                <height>315</height>
                <scrolltime>200</scrolltime>
                <onup>526</onup>
                <ondown>526</ondown>
                <onright>5261</onright>
                <onleft>9000</onleft>
				<onleft>Skin.ToggleSetting(showViewOptions)</onleft>
                <viewtype label="List Info">Episodes List View</viewtype>
                <pagecontrol>5261</pagecontrol>
                <visible>$EXP[isEpisodeList]</visible>
                <itemlayout height="45" width="475">
                    <control type="label">
                        <width>45</width>
                        <align>center</align>
						<font>Panel_Description_Header</font>
                        <label>$INFO[ListItem.Episode]</label>
                    </control>
                    <control type="label">
                        <left>65</left>
                        <width>415</width>
						<font>List_Unfocused</font>
                        <label>$INFO[ListItem.Title]</label>
						<visible>String.IsEqual(ListItem.Overlay,OverlayWatched.png)| [ListItem.IsResumable + !String.IsEqual(ListItem.Overlay,OverlayWatched.png)]</visible>
                    </control>
					<control type="label">
                        <left>65</left>
                        <width>450</width>
						<font>List_Unfocused</font>
                        <label>$INFO[ListItem.Title]</label>
						<visible>!String.IsEqual(ListItem.Overlay,OverlayWatched.png) + !ListItem.IsResumable</visible>
                    </control>
					<control type="label">
                        <left>65</left>
                        <width>400</width>
						<font>List_Unfocused</font>
                        <label>$INFO[ListItem.Label]</label>
						<visible>String.IsEmpty(ListItem.Title)</visible>
	                </control>
						<control type="image">
							<left>480</left>
							<width>45</width>
							<height>45</height>
							<bordersize>5</bordersize>
							<texture>OverlayWatchedList.png</texture>
							<visible>String.IsEqual(ListItem.Overlay,OverlayWatched.png)</visible>
						</control>
						<control type="image">
							<left>480</left>
							<width>45</width>
							<height>45</height>
							<bordersize>5</bordersize>
							<texture>OverlayWatchingList.png</texture>
							<visible>ListItem.IsResumable + !String.IsEqual(ListItem.Overlay,OverlayWatched.png)</visible>
						</control>
                </itemlayout>
                <focusedlayout height="45" width="475">
                    <control type="image">
                        <width>45</width>
                        <height>45</height>
                        <texture>button.png</texture>
                    </control>
					<control type="image">
                        <left>50</left>
						<width>475</width>
                        <height>45</height>
                        <texture colordiffuse="AccentDiffuse">button.png</texture>
                    </control>
                    <control type="image">
                        <width>45</width>
                        <height>45</height>
                        <texture border="5">tile.png</texture>
                        <visible>!String.IsEmpty(ListItem.Episode)</visible>
                    </control>
                    <control type="label">
                        <width>45</width>
                        <align>center</align>
						<font>Panel_Description_Header</font>
						<selectedcolor>White</selectedcolor>
                        <label>$INFO[ListItem.Episode]</label>
                    </control>
						<control type="image">
							<left>480</left>
							<width>45</width>
							<height>45</height>
							<bordersize>5</bordersize>
							<texture>OverlayWatchedList.png</texture>
							<visible>String.IsEqual(ListItem.Overlay,OverlayWatched.png)</visible>
						</control>
						<control type="image">
							<left>480</left>
							<width>45</width>
							<height>45</height>
							<bordersize>5</bordersize>
							<texture>OverlayWatchingList.png</texture>
							<visible>ListItem.IsResumable + !String.IsEqual(ListItem.Overlay,OverlayWatched.png)</visible>
						</control>
                    <control type="label">
                        <left>65</left>
                        <width>415</width>
						<font>List_Focused</font>
                        <label>$INFO[ListItem.Title]</label>
						<selectedcolor>White</selectedcolor>
						<shadowcolor>FF000000</shadowcolor>
                    </control>
					<control type="label">
                        <left>65</left>
                        <width>460</width>
						<font>List_Focused</font>
						<selectedcolor>White</selectedcolor>
                        <label>$INFO[ListItem.Label]</label>
						<visible>String.IsEmpty(ListItem.Title)</visible>
						<shadowcolor>FF000000</shadowcolor>
                    </control>
                </focusedlayout>
			</control>
            <control type="label" id="140">
				<left>50</left>
                <top>215</top>
                <height>30</height>
                <width>985</width>
                <font>Panel_Title</font>
                <textcolor>White</textcolor>
                <aligny>top</aligny>
                <visible>true</visible>
                <scroll>true</scroll>
                <scrollout>false</scrollout>
                <pauseatend>600</pauseatend>
                <scrollspeed>50</scrollspeed>
                <label>$INFO[ListItem.Season,$LOCALIZE[20373] ]</label>
                <visible>Container.Content(episodes)</visible>
            </control>
			<control type="label">
	            <left>50</left>
                <top>610</top>
                <width>600</width>
                <height>50</height>
                <align>left</align>
				<aligny>top</aligny>
                <font>Panel_Title_Footer</font>
                <label>$INFO[ListItem.TVShowTitle]</label>
                <visible>Container.Content(episodes)</visible>
            </control>
			<control type="image">
                <left>810</left>
                <top>290</top>
                <width>450</width>
                <height>315</height>
                <texture background="true">music_fanart_diffuse.png</texture>
                <fadetime>200</fadetime>
                <aspectratio scalediffuse="false">stretch</aspectratio>
				<visible>!Skin.HasSetting(episodewidelist)</visible>
            </control>
            <control type="scrollbar" id="5261">
                <left>800</left>
                <top>290</top>
                <width>5</width>
                <height>315</height>
				<onleft>526</onleft>
                <orientation>vertical</orientation>
            </control>
	
			<control type="label">
				<left>825</left>
				<top>300</top>
				<width>420</width>
				<height>50</height>
				<font>Panel_Description_Title</font>
				<label>$INFO[ListItem.Duration(mins),, $LOCALIZE[31299]]</label>
				<visible>!String.IsEqual(ListItem.Label,.. )</visible>
			</control>
			<control type="textbox">
			 <left>825</left>
				<top>355</top>
				<width>420</width>
				<height>190</height>
				<font>Panel_Description</font>
				<info>ListItem.Plot</info>
				<align>justify</align>
				<autoscroll time="3000" delay="6000" repeat="8000"></autoscroll>
			</control>
			<control type="image">
				<left>825</left>
				<top>565</top>
				<width>100</width>
				<height>25</height>
				<texture>$VAR[ItemStarRating]</texture>
				<aspectratio scalediffuse="false">keep</aspectratio>
				<visible>!Skin.HasSetting(ShowNumericalRatingForTvShows)</visible>
			</control>
			<!-- This control displays the rating of the Episode-->
			<control type="label">
				<left>825</left>
				<top>565</top>
				<width>200</width>
				<height>25</height>
				<textcolor>Accent</textcolor>
				<align>left</align>
				<font>Panel_Description_Footer</font>
				<label>$INFO[ListItem.Rating,[COLOR=white]$LOCALIZE[563] [/COLOR]]</label>
				<visible>Skin.HasSetting(ShowNumericalRatingForTvShows)</visible>
			</control>				
			<control type="label">
				<left>1060</left>
				<top>300</top>
				<width>180</width>
				<height>50</height>
				<textcolor>Accent</textcolor>
				<align>right</align>
				<font>Panel_Description_Title</font>
				<label>$INFO[ListItem.Mpaa]</label>
			</control>
			<control type="label">
				<left>960</left>
				<top>565</top>
				<width>280</width>
				<height>25</height>
				<align>right</align>
				<font>Panel_Description_Footer</font>
				<label>[COLOR Accent]$INFO[ListItem.Premiered][/COLOR] $LOCALIZE[20416]</label>
				<visible>!String.IsEqual(ListItem.Label,.. )</visible>
			</control>
	
		
		</control>
    </include>
</includes>