<?xml version="1.0" encoding="utf-8"?>
<includes>
    <include name="Viewtype_MusicVideosThumbs2">
        <control type="group">
            <visible>Control.IsVisible(537)</visible>
            <description>Music Videos View (id=537)</description>
            <animation type="TYPE" condition="Window.IsVisible(2003)" reversible="false">
                <effect type="slide" end="-1500,0" time="200" />
            </animation>
            <animation type="TYPE" condition="!Window.IsVisible(2003)" reversible="false">
                <effect type="slide" start="-1500,0" time="200" />
            </animation>
            <animation type="WindowClose">
                <effect type="fade" time="300" />
                <effect type="slide" end="+1500,0" time="300" />
            </animation>
            <animation type="WindowOpen">
                <effect type="fade" time="300" />
                <effect type="slide" start="+1500,0" time="300" />
            </animation>
			<control type="image">
				<left>0</left>
				<top>0</top>
				<width>1280</width>
				<height>720</height>
				<texture>$INFO[ListItem.Property(Fanart_Image)]</texture>
				<aspectratio>scale</aspectratio>
			</control>
			<control type="panel" id="537">
                <left>50</left>
                <top>290</top>
                <width>1200</width>
                <height>320</height>
                <scrolltime>100</scrolltime>
                <onup>537</onup>
                <ondown>537</ondown>
                <onright>left</onright>
                <onright>left</onright>
                <onright>left</onright>
                <onright>right</onright>
                <onright>down</onright>
                <onleft>9000</onleft>
				<onleft>Skin.ToggleSetting(showViewOptions)</onleft>
                <viewtype label="Thumb2">Music Videos View</viewtype>
                <orientation>vertical</orientation>
                <focusposition>4</focusposition>
                <pagecontrol>5371</pagecontrol>
                <visible>$EXP[isMusicVideoList]</visible>
                <itemlayout width="240" height="160">
                    <control type="image">
                        <width>235</width>
                        <height>155</height>
                        <texture>tile.png</texture>
                        <aspectratio>scale</aspectratio>
                    </control>
					<control type="image">
                        <width>235</width>
                        <height>155</height>
                        <texture>$INFO[ListItem.Icon]</texture>
                        <aspectratio>keep</aspectratio>
						<bordersize>20</bordersize>
						<visible>String.IsEqual(ListItem.Label,..)</visible>
                    </control>
					<control type="image">
                        <width>235</width>
                        <height>155</height>
                        <texture>$INFO[ListItem.Art(thumb)]</texture>
                        <aspectratio>scale</aspectratio>
						<bordersize>5</bordersize>
						<visible>!String.IsEqual(ListItem.Label,..)</visible>
                    </control>
					<control type="image">
						<left>5</left>
						<top>120</top>						
                        <width>225</width>
                        <height>30</height>
                        <texture>black.png</texture>
						<colordiffuse>CCFFFFFF</colordiffuse>
						<visible>!String.IsEqual(ListItem.Label,..)</visible>
                    </control>						
					 <control type="label">
						<left>10</left>
						<font>List_Unfocused</font>
						<width>215</width>
						<include>PanelButtonTitle</include>
				        <label>$INFO[ListItem.Title]</label>
                    </control>
                </itemlayout>
                <focusedlayout width="240" height="160">
                    <control type="image">
                        <width>235</width>
                        <height>155</height>
                        <texture>button.png</texture>
                    </control>
					<control type="image">
                        <width>235</width>
                        <height>155</height>
                        <texture>$INFO[ListItem.Icon]</texture>
                        <aspectratio>keep</aspectratio>
						<bordersize>20</bordersize>
						<visible>String.IsEqual(ListItem.Label,..)</visible>
                    </control>
					<control type="image">
                        <left>0</left>
                        <top>0</top>
                        <width>235</width>
                        <height>155</height>
                        <texture>$INFO[ListItem.Art(thumb)]</texture>
                        <aspectratio>scale</aspectratio>
						<bordersize>5</bordersize>
                        <visible>!String.IsEqual(ListItem.Label,..)</visible>
                    </control>
                    <control type="image">
						<left>5</left>
						<top>120</top>						
                        <width>225</width>
                        <height>30</height>
                        <texture>black.png</texture>
						<colordiffuse>CCFFFFFF</colordiffuse>
						<visible>!String.IsEqual(ListItem.Label,..)</visible>
                    </control>					
                    <control type="label">
						<left>10</left>
						<font>List_Unfocused</font>
						<width>215</width>
						<include>PanelButtonTitle</include>
                        <label>$INFO[ListItem.Title]</label>
	               </control>
                </focusedlayout>
            </control>
            <control type="label">
                <include>ViewMainTitle</include>
				<label>$INFO[ListItem.Title]</label>
            </control>
			<control type="scrollbar" id="5371">
                <left>1250</left>
                <top>290</top>
                <width>5</width>
                <height>315</height>
                <texturesliderbackground></texturesliderbackground>
                <textureslidernib>bar.png</textureslidernib>
                <textureslidernibfocus>scroll_nib.png</textureslidernibfocus>
                <texturesliderbar></texturesliderbar>
                <texturesliderbarfocus></texturesliderbarfocus>
                <showonepage>true</showonepage>
                <orientation>vertical</orientation>
            </control>
				<!-- This Control display the artist name and album below the main poster-->
				<control type="label" id="144">
					<left>50</left>
					<top>610</top>
					<width>700</width>
					<height>50</height>
					<font>Panel_Title_Footer</font>
					<align>left</align>
					<aligny>top</aligny>
					<visible>true</visible>
					<scroll>true</scroll>
					<scrollout>false</scrollout>
					<pauseatend>600</pauseatend>
					<scrollspeed>50</scrollspeed>
					<label>$INFO[ListItem.Artist,, • ]$INFO[ListItem.Album][COLOR Accent]$INFO[ListItem.Year, • ,][/COLOR]</label>
				</control>
		</control>
    </include>
</includes>