<?xml version="1.0" encoding="utf-8"?>
<includes>
    <include name="View_50_List">
        <control type="group">
            <visible>Control.IsVisible(50)</visible>
            <animation type="TYPE" condition="Window.IsVisible(2001) | Window.IsVisible(2003) | Window.IsVisible(139) | Window.IsVisible(136) | Window.IsVisible(135) | Window.IsVisible(addonsettings)" reversible="false">
                <effect type="slide" end="-1500,0" time="200" />
            </animation>
            <animation type="TYPE" condition="!Window.IsVisible(2001) + !Window.IsVisible(2003) + !Window.IsVisible(139) + !Window.IsVisible(136) + !Window.IsVisible(135) + !Window.IsVisible(addonsettings)" reversible="false">
                <effect type="slide" start="-1500,0" time="200" />
            </animation>
            <animation type="WindowClose">
                <effect type="fade" time="300" />
                <effect type="slide" end="+1500,0" time="300" />
            </animation>
            <animation type="WindowOpen">
                <effect type="fade" time="300" />
                <effect type="slide" start="+1500,0" time="300" />
            </animation>
			

			<!--This control displays  larger background behind the item list -->
			<control type="image">
				<left>370</left>
				<top>290</top>
				<width>880</width>
				<height>315</height>
				<texture background="true">music_fanart_diffuse.png</texture>
				<aspectratio scalediffuse="false">stretch</aspectratio>
			</control>

			<!--This control shows the Main label -->
			<control type="label">
				<include>ViewMainTitle</include>
				<label>$VAR[MainWindowTitle]</label>
			</control>
	
			<!--This control defines the list that will display the items -->
			<control type="list" id="50">
				<include>ListVisibility</include>
				<left>370</left>
                <top>290</top>
                <width>880</width>
                <height>315</height>
                <onleft>9000</onleft>
				<onleft>Skin.ToggleSetting(showViewOptions)</onleft>				
				<onright>60</onright>
                <onup>50</onup>
                <ondown>50</ondown>
                <pagecontrol>60</pagecontrol>
                <viewtype label="List">List</viewtype>
                <scrolltime>200</scrolltime>
                <itemlayout width="880" height="45">
					<control type="label">
						<left>10</left>
						<width>860</width>
						<font>List_Unfocused</font>
						<label>$INFO[ListItem.Label]</label>
					</control>
				</itemlayout>
				<focusedlayout width="880" height="45">
					<control type="image">
						<width>880</width>
						<height>45</height>
						<texture colordiffuse="AccentDiffuse">button.png</texture>
						<animation effect="fade" start="100" end="50" condition="!Control.HasFocus(50)">Conditional</animation>
					</control>
					<control type="label">
						<left>10</left>
						<width>860</width>
						<font>List_Focused</font>
						<label>$INFO[ListItem.Label]</label>
						<selectedcolor>White</selectedcolor>
					</control>
				</focusedlayout>
			</control>
			<!--This control defines the scrollbar controlling the large list list -->
			<control type="scrollbar" id="60">
				<left>1255</left>
				<top>290</top>
				<width>5</width>
				<height>315</height>
				<onleft>50</onleft>
				<orientation>vertical</orientation>
			</control>
			
			<include>ArtistAlbumPanelCover</include>
		</control>
    </include>
</includes>