<?xml version="1.0" encoding="utf-8"?>
<window>
	<coordinates>
		<left>435</left>
		<top>27</top>
	</coordinates>
	<controls>
		<control type="group">
			<visible>![Window.IsVisible(startup) | Window.IsVisible(notification) | Window.IsVisible(busydialog) | Window.IsVisible(sliderdialog) | Window.IsVisible(volumebar) | Window.IsVisible(seekbar) | Window.IsVisible(fullscreenvideo) | Window.IsVisible(selectdialog)]</visible>
			<control type="image">
				<!-- Dialog background image -->
				<left>0</left>
				<top>0</top>
				<width>1050</width>
				<height>147</height>
				<texture border="14">button-menu-background.png</texture>
			</control>
			<control type="label" id="30">
				<!-- Dialog heading -->
				<left>24</left>
				<top>15</top>
				<width>1002</width>
				<height>38</height>
				<font>apptv25</font>
				<align>center</align>
			</control>
			<control type="image">
				<left>24</left>
				<top>60</top>
				<width>1002</width>
				<height>6</height>
				<texture>separator.png</texture>
			</control>
			<control type="label" id="31">
				<!-- Dialog line 1 -->
				<left>24</left>
				<top>68</top>
				<width>1002</width>
				<height>30</height>
				<haspath>yes</haspath>
				<font>apptv20</font>
				<align>center</align>
			</control>
			<control type="progress" id="32">
				<left>18</left>
				<top>110</top>
				<width>1014</width>
				<height>18</height>
			</control>
		</control>
	</controls>
</window>