<?xml version="1.0" encoding="utf-8"?>
<window>
	<defaultcontrol always="true">450</defaultcontrol>
	<coordinates>
		<left>0</left>
		<top>0</top>
	</coordinates>
	<controls>
		<include>fadebackground</include>
		<control type="image" id="1">
			<!-- Background image -->
			<left>135</left>
			<top>144</top>
			<width>1656</width>
			<height>795</height>
			<texture border="14">button-menu-background.png</texture>
		</control>
		<control type="label" id="411">
			<!-- Heading label -->
			<left>0</left>
			<top>-300</top>
			<width>1620</width>
			<height>45</height>
			<label>$LOCALIZE[1023]</label>
			<align>center</align>
			<visible>false</visible>
		</control>
		<control type="grouplist">
			<left>153</left>
			<top>162</top>
			<width>1620</width>
			<height>45</height>
			<align>center</align>
			<aligny>center</aligny>
			<orientation>horizontal</orientation>
			<control type="label">
				<!-- Heading label -->
				<width max="1500">auto</width>
				<height>45</height>
				<label>$INFO[Control.GetLabel(411)]</label>
			</control>
			<control type="label">
				<!-- Number of files -->
				<width max="120">auto</width>
				<height>45</height>
				<label>$INFO[Container(450).NumItems,(,)]</label>
			</control>
		</control>
		<control type="image">
			<left>153</left>
			<top>218</top>
			<width>1620</width>
			<height>6</height>
			<texture>separator.png</texture>
		</control>
		<control type="list" id="450">
			<left>204</left>
			<top>237</top>
			<width>1028</width>
			<height>608</height>
			<onleft condition="String.IsEqual(Skin.String(show-scrollbar),$LOCALIZE[31877])">noop</onleft>
			<onleft condition="!String.IsEqual(Skin.String(show-scrollbar),$LOCALIZE[31877])">23</onleft>
			<onright>460</onright>
			<onup>450</onup>
			<ondown>450</ondown>
			<pagecontrol>23</pagecontrol>
			<itemlayout height="68">
				<control type="label">
					<left>34</left>
					<top>0</top>
					<width>960</width>
					<height>68</height>
					<font>apptv23</font>
					<selectedcolor>listselected-text</selectedcolor>
					<label>$INFO[ListItem.Label]</label>
				</control>
			</itemlayout>
			<focusedlayout height="68">
				<control type="image">
					<left>0</left>
					<top>0</top>
					<width>1028</width>
					<height>68</height>
					<texture border="9">button-default-focus.png</texture>
					<animation effect="fade" start="100" end="60" condition="ControlGroup(460).HasFocus() | Control.HasFocus(23)">Conditional</animation>
				</control>
				<control type="label">
					<left>34</left>
					<top>0</top>
					<width>960</width>
					<height>68</height>
					<font>apptv23</font>
					<selectedcolor>listselected-text</selectedcolor>
					<label>$INFO[ListItem.Label]</label>
				</control>
			</focusedlayout>
		</control>
		<control type="image">
			<left>1314</left>
			<top>459</top>
			<width>384</width>
			<height>384</height>
			<aspectratio>keep</aspectratio>
			<texture>$INFO[ListItem.Icon]</texture>
		</control>
		<control type="group" id="460">
			<left>1268</left>
			<top>237</top>
			<control type="button" id="413">
				<!-- OK button -->
				<left>0</left>
				<top>0</top>
				<width>477</width>
				<height>68</height>
				<align>center</align>
				<label>$LOCALIZE[186]</label>
				<font>apptv23</font>
				<onleft>450</onleft>
				<ondown>414</ondown>
			</control>
			<control type="button" id="414">
				<!-- Cancel button -->
				<left>0</left>
				<top>69</top>
				<width>477</width>
				<height>68</height>
				<align>center</align>
				<label>$LOCALIZE[222]</label>
				<font>apptv23</font>
				<onleft>450</onleft>
				<onup>413</onup>
				<ondown>415</ondown>
			</control>
			<control type="button" id="415">
				<!-- Create folder button -->
				<left>0</left>
				<top>138</top>
				<width>477</width>
				<height>68</height>
				<align>center</align>
				<label>$LOCALIZE[119]</label>
				<font>apptv23</font>
				<onleft>450</onleft>
				<onup>414</onup>
			</control>
		</control>
		<control type="label" id="412">
			<!-- Path label -->
			<left>153</left>
			<top>862</top>
			<width>1590</width>
			<height>36</height>
			<align>right</align>
			<font>apptv22</font>
			<haspath>true</haspath>
		</control>
		<control type="scrollbar" id="23">
			<left>170</left>
			<top>228</top>
			<width>18</width>
			<height>626</height>
			<onright>450</onright>
			<animation condition="!Control.HasFocus(23) + !Container.Scrolling + !String.IsEqual(Skin.String(show-scrollbar),$LOCALIZE[31875])" effect="fade" start="100" end="0" time="200" reversible="true">Conditional</animation>
			<visible>Control.IsVisible(450) + !String.IsEqual(Skin.String(show-scrollbar),$LOCALIZE[31877])</visible>
		</control>
	</controls>
</window>