<?xml version="1.0" encoding="utf-8"?>
<includes>
	<include name="MovieRecent">
		<content target="video" limit="12">videodb://recentlyaddedmovies/</content>
	</include>
	<include name="MovieRecommended">
		<content target="video" limit="12">plugin://script.skin.helper.widgets/?action=recommended&amp;mediatype=movies&amp;reload=$INFO[Window(Home).Property(widgetreload-movies)]</content>
	</include>
	<include name="EpisodeRecent">
		<content target="video" sortby="dateadded" sortorder="descending" limit="12">videodb://tvshows/titles/</content>
	</include>
	<!--<content target="video" sortby="dateadded" sortorder="desending" limit="12">videodb://recentlyaddedepisodes/</content>-->
	<include name="EpisodeRecommended">
		<content target="video" limit="12">plugin://script.skin.helper.widgets/?action=next&amp;mediatype=episodes&amp;reload=$INFO[Window(Home).Property(widgetreload-episodes)]</content>
	</include>
	<include name="AiringToday">
		<content target="video" limit="12">plugin://script.skin.helper.widgets/?action=nextaired&amp;mediatype=episodes&amp;reload=$INFO[Window(Home).Property(widgetreload2)]</content>
	</include>
	<include name="AlbumRecent">
		<content target="music" limit="12">musicdb://recentlyaddedalbums/</content>
	</include>
	<include name="AlbumRecommended">
		<content target="music" limit="12">plugin://script.skin.helper.widgets/?action=recommended&amp;mediatype=albums&amp;reload=$INFO[Window(Home).Property(widgetreload-music)]</content>
	</include>
	<include name="PVRChannels">
		<content target="pvr" limit="24">pvr://channels/tv/*</content>
	</include>
	<include name="LatestRecordings">
		<content target="pvr" limit="12">plugin://script.skin.helper.widgets/?action=recordings&amp;mediatype=pvr&amp;reload=$INFO[Window(home).Property(widgetreload2)]</content>
	</include>
	<include name="AddonRecent">
		<content target="programs" limit="12">addons://recently_updated/</content>
	</include>
	<include name="AddonUpdated">
		<content target="programs" limit="12">addons://outdated/</content>
	</include>
	<include name="AllFavourites">
		<content target="programs" limit="12">favourites://</content>
	</include>
	<include name="MediaFavourites">
		<content target="programs" limit="12">plugin://script.skin.helper.widgets/?action=favourite&amp;mediatype=media&amp;reload=$INFO[Window(Home).Property(widgetreload2)]</content>
	</include>

	<include name="movie-shelficons">
		<animation effect="slide" end="315,0" condition="![Control.HasFocus(9160) + Container(9160).Position(5)] + Skin.HasSetting(media-overlay) + [Player.HasVideo | [Player.HasAudio + String.IsEmpty(Window(home).Property(PlayingOST))]]">Conditional</animation>
		<control type="group">
			<control type="label">
				<!-- Movie shelf icons label -->
				<left>52</left>
				<top>18</top>
				<height>33</height>
				<width>600</width>
				<label>$VAR[ShelfType]</label>
				<font>apptv22</font>
				<visible>Integer.IsGreater(Container(9160).NumItems,0)</visible>
			</control>
			<control type="button" id="9165">
				<!-- Dummy button for mouse control -->
				<left>0</left>
				<top>0</top>
				<width>1920</width>
				<height>468</height>
				<texturefocus>blank.png</texturefocus>
				<texturenofocus>blank.png</texturenofocus>
				<onfocus>SetFocus(9160)</onfocus>
			</control>
			<control type="group">
				<visible>![Skin.HasSetting(media-overlay) + [[Player.HasVideo + !VideoPlayer.Content(livetv)] | Player.HasAudio + String.IsEmpty(Window(home).Property(PlayingOST))]]</visible>
				<control type="image">
					<left>0</left>
					<top>87</top>
					<width>195</width>
					<height>267</height>
					<aspectratio scalediffuse="false">stretch</aspectratio>
					<texture colordiffuse="UnFocusedPosters" fallback="DefaultVideo.png" diffuse="mask-rect.png" background="true">$VAR[MovieShelfIcon0]</texture>
					<camera x="98" y="238" />
					<animation effect="rotatey" center="0" end="-60" time="600" condition="true">Conditional</animation>
					<visible>Container(9160).HasPrevious</visible>
				</control>
				<control type="image">
					<left>1785</left>
					<top>87</top>
					<width>195</width>
					<height>267</height>
					<aspectratio scalediffuse="false">stretch</aspectratio>
					<texture colordiffuse="UnFocusedPosters" fallback="DefaultVideo.png" diffuse="mask-rect.png" background="true">$VAR[MovieShelfIcon7]</texture>
					<camera x="1822" y="238" />
					<animation effect="rotatey" center="1920" end="60" time="600" condition="true">Conditional</animation>
					<visible>Container(9160).HasNext</visible>
				</control>
			</control>
			<control type="list" id="9160">
				<left>15</left>
				<top>69</top>
				<width>1890</width>
				<height>405</height>
				<onleft>9050</onleft>
				<onright>9050</onright>
				<onup>9050</onup>
				<ondown>9000</ondown>
				<viewtype label="31028">list</viewtype>
				<orientation>horizontal</orientation>
				<itemlayout height="405" width="315">
					<control type="image">
						<left>38</left>
						<top>0</top>
						<width>240</width>
						<height>321</height>
						<aspectratio scalediffuse="false">stretch</aspectratio>
						<texture diffuse="mask-rect.png" fallback="DefaultVideo.png" background="true">$VAR[IconPoster]</texture>
					</control>
					<control type="image">
						<left>38</left>
						<top>322</top>
						<width>240</width>
						<height>321</height>
						<aspectratio scalediffuse="false">stretch</aspectratio>
						<texture flipy="true" diffuse="mask-fade.png" fallback="DefaultVideo.png" background="true">$VAR[IconPoster]</texture>
					</control>
				</itemlayout>
				<focusedlayout height="405" width="315">
					<control type="image">
						<left>38</left>
						<top>0</top>
						<width>240</width>
						<height>321</height>
						<aspectratio scalediffuse="false">stretch</aspectratio>
						<texture fallback="DefaultVideo.png" diffuse="mask-rect.png" background="true">$VAR[IconPoster]</texture>
						<animation effect="zoom" start="100" end="104" center="auto" time="200" tween="back" easing="out" reversible="false">focus</animation>
					</control>
					<control type="image">
						<left>38</left>
						<top>322</top>
						<width>240</width>
						<height>321</height>
						<aspectratio scalediffuse="false">stretch</aspectratio>
						<texture fallback="DefaultVideo.png" flipy="true" diffuse="mask-fade.png" background="true">$VAR[IconPoster]</texture>
						<animation effect="zoom" start="100" end="104" center="188,156" time="200" tween="back" easing="out" reversible="false">focus</animation>
					</control>
					<control type="textbox">
						<left>0</left>
						<top>325</top>
						<height>74</height>
						<width>315</width>
						<font>apptv20</font>
						<align>center</align>
						<aligny>top</aligny>
						<label>$INFO[ListItem.Label]</label>
						<include condition="Skin.HasSetting(text-autoscroll)">scrolltext</include>
						<animation effect="fade" time="100" delay="100">Focus</animation>
						<visible>Control.HasFocus(9160) | Control.HasFocus(9165)</visible>
					</control>
				</focusedlayout>
				<include condition="String.IsEqual(Skin.String(shelf-movieimages),$LOCALIZE[31954])">MovieRecent</include>
				<include condition="String.IsEqual(Skin.String(shelf-movieimages),$LOCALIZE[31955])">MovieRecommended</include>
			</control>
		</control>
	</include>
	<include name="tvshow-shelfbanner">
		<control type="image">
			<left>15</left>
			<top>42</top>
			<width>348</width>
			<height>195</height>
			<aligny>bottom</aligny>
			<aspectratio>stretch</aspectratio>
			<texture background="true">$VAR[TVShowThumb]</texture>
			<animation effect="zoom" start="100" end="104" center="auto" time="200" tween="back" easing="out" reversible="false">focus</animation>
		</control>
		<control type="image">
			<left>15</left>
			<top>234</top>
			<width>348</width>
			<height>63</height>
			<aligny>bottom</aligny>
			<aspectratio>stretch</aspectratio>
			<texture diffuse="mask-squ.png" background="true">$VAR[TVShowBanner]</texture>
			<animation effect="zoom" start="100" end="104" center="188,156" time="200" tween="back" easing="out" reversible="false">focus</animation>
		</control>
		<control type="image">
			<left>15</left>
			<top>300</top>
			<width>348</width>
			<height>63</height>
			<aspectratio>stretch</aspectratio>
			<texture flipy="true" diffuse="mask-fade.png" background="true">$VAR[TVShowBanner]</texture>
			<animation effect="zoom" start="100" end="104" center="188,156" time="200" tween="back" easing="out" reversible="false">focus</animation>
		</control>
	</include>
	<include name="tvshow-shelfposter">
		<control type="image">
			<left>69</left>
			<top>0</top>
			<width>240</width>
			<height>321</height>
			<aspectratio scalediffuse="false">stretch</aspectratio>
			<texture diffuse="mask-rect.png" fallback="DefaultTvshows.png" background="true">$VAR[TVShowPoster]</texture>
			<animation effect="zoom" start="100" end="104" center="auto" time="200" tween="back" easing="out" reversible="false">focus</animation>
		</control>
		<control type="image">
			<left>69</left>
			<top>322</top>
			<width>240</width>
			<height>321</height>
			<aspectratio scalediffuse="false">stretch</aspectratio>
			<texture flipy="true" diffuse="mask-fade.png" fallback="DefaultTvshows.png" background="true">$VAR[TVShowPoster]</texture>
			<animation effect="zoom" start="100" end="104" center="188,156" time="200" tween="back" easing="out" reversible="false">focus</animation>
		</control>
	</include>
	<include name="tvshow-shelficons">
		<animation effect="slide" end="378,0" condition="![Control.HasFocus(9210) + Container(9210).Position(4)] + Skin.HasSetting(media-overlay) + [Player.HasVideo | [Player.HasAudio + String.IsEmpty(Window(home).Property(PlayingOST))]]">Conditional</animation>
		<control type="group">
			<control type="label">
				<!-- TV Episodes shelf icons label -->
				<left>82</left>
				<top>18</top>
				<height>33</height>
				<width>600</width>
				<label>$VAR[ShelfType]</label>
				<font>apptv22</font>
				<visible>Integer.IsGreater(Container(9210).NumItems,0)</visible>
			</control>
			<control type="button" id="9215">
				<!-- Dummy button for mouse control -->
				<left>0</left>
				<top>0</top>
				<width>1920</width>
				<height>468</height>
				<texturefocus>blank.png</texturefocus>
				<texturenofocus>blank.png</texturenofocus>
				<onfocus>SetFocus(9210)</onfocus>
			</control>
			<control type="group">
				<visible>String.IsEqual(Skin.String(shelf-tvshowimgtyp),$LOCALIZE[31949])</visible>
				<!-- Banners -->
				<visible>![Skin.HasSetting(media-overlay) + [[Player.HasVideo + !VideoPlayer.Content(livetv)] | Player.HasAudio + String.IsEmpty(Window(home).Property(PlayingOST))]]</visible>
				<camera x="960" y="270" />
				<control type="image">
					<left>0</left>
					<top>108</top>
					<width>348</width>
					<height>195</height>
					<aligny>bottom</aligny>
					<aspectratio scalediffuse="false">stretch</aspectratio>
					<texture colordiffuse="UnFocusedPosters" diffuse="mask-rect.png" background="true">$VAR[TVShowShelfThumb0]</texture>
					<animation effect="rotatey" center="0" end="-60" time="300" condition="true">Conditional</animation>
				</control>
				<control type="image">
					<left>0</left>
					<top>303</top>
					<width>348</width>
					<height>63</height>
					<aligny>bottom</aligny>
					<aspectratio scalediffuse="false">stretch</aspectratio>
					<texture colordiffuse="UnFocusedPosters" diffuse="mask-rect.png" background="true">$VAR[TVShowShelfBanner0]</texture>
					<animation effect="rotatey" center="0" end="-60" time="300" condition="true">Conditional</animation>
				</control>
				<control type="image">
					<left>1572</left>
					<top>108</top>
					<width>348</width>
					<height>195</height>
					<aligny>bottom</aligny>
					<aspectratio scalediffuse="false">stretch</aspectratio>
					<texture colordiffuse="UnFocusedPosters" diffuse="mask-rect.png" background="true">$VAR[TVShowShelfThumb6]</texture>
					<animation effect="rotatey" center="1920" end="60" time="300" condition="true">Conditional</animation>
				</control>
				<control type="image">
					<left>1572</left>
					<top>303</top>
					<width>348</width>
					<height>63</height>
					<aligny>bottom</aligny>
					<aspectratio scalediffuse="false">stretch</aspectratio>
					<texture colordiffuse="UnFocusedPosters" diffuse="mask-rect.png" background="true">$VAR[TVShowShelfBanner6]</texture>
					<animation effect="rotatey" center="1920" end="60" time="300" condition="true">Conditional</animation>
				</control>
			</control>
			<control type="group">
				<visible>[String.IsEmpty(Skin.String(shelf-tvshowimgtyp)) | String.IsEqual(Skin.String(shelf-tvshowimgtyp),$LOCALIZE[31950])]</visible>
				<!-- Posters -->
				<visible>![Skin.HasSetting(media-overlay) + [[Player.HasVideo + !VideoPlayer.Content(livetv)] | Player.HasAudio + String.IsEmpty(Window(home).Property(PlayingOST))]]</visible>
				<camera x="960" y="238" />
				<control type="image">
					<left>-45</left>
					<top>81</top>
					<width>267</width>
					<height>267</height>
					<aspectratio scalediffuse="false">keep</aspectratio>
					<texture colordiffuse="UnFocusedPosters" diffuse="mask-rect.png" background="true">$VAR[TVShowShelfPoster0]</texture>
					<animation effect="rotatey" center="0" end="-60" time="300" condition="true">Conditional</animation>
				</control>
				<control type="image">
					<left>1701</left>
					<top>81</top>
					<width>267</width>
					<height>267</height>
					<aspectratio scalediffuse="false">keep</aspectratio>
					<texture colordiffuse="UnFocusedPosters" diffuse="mask-rect.png" background="true">$VAR[TVShowShelfPoster6]</texture>
					<animation effect="rotatey" center="1920" end="60" time="300" condition="true">Conditional</animation>
				</control>
			</control>
			<control type="list" id="9210">
				<left>15</left>
				<top>69</top>
				<width>1890</width>
				<height>405</height>
				<onleft>9052</onleft>
				<onright>9052</onright>
				<onup>9052</onup>
				<ondown>9000</ondown>
				<viewtype label="31028">list</viewtype>
				<orientation>horizontal</orientation>
				<itemlayout height="405" width="378">
					<include condition="[String.IsEmpty(Skin.String(shelf-tvshowimgtyp)) | String.IsEqual(Skin.String(shelf-tvshowimgtyp),$LOCALIZE[31950])]">tvshow-shelfposter</include>
					<include condition="String.IsEqual(Skin.String(shelf-tvshowimgtyp),$LOCALIZE[31949])">tvshow-shelfbanner</include>
				</itemlayout>
				<focusedlayout height="405" width="378">
					<include condition="[String.IsEmpty(Skin.String(shelf-tvshowimgtyp)) | String.IsEqual(Skin.String(shelf-tvshowimgtyp),$LOCALIZE[31950])]">tvshow-shelfposter</include>
					<include condition="String.IsEqual(Skin.String(shelf-tvshowimgtyp),$LOCALIZE[31949])">tvshow-shelfbanner</include>
					<control type="group">
						<animation effect="fade" time="100" delay="100">Focus</animation>
						<visible>Control.HasFocus(9210) | Control.HasFocus(9215)</visible>
						<control type="label">
							<left>0</left>
							<top>325</top>
							<height>33</height>
							<width>378</width>
							<label>$INFO[ListItem.Title]</label>
							<align>center</align>
							<selectedcolor>button-text</selectedcolor>
							<include condition="Skin.HasSetting(text-autoscroll)">scrolltext</include>
							<font>apptv20</font>
						</control>
						<control type="label">
							<left>0</left>
							<top>361</top>
							<height>33</height>
							<width>378</width>
							<label>$LOCALIZE[20373] $INFO[ListItem.Season] $LOCALIZE[20359] $INFO[ListItem.Episode]</label>
							<align>center</align>
							<selectedcolor>button-text</selectedcolor>
							<include condition="Skin.HasSetting(text-autoscroll)">scrolltext</include>
							<font>apptv20</font>
							<visible>!String.IsEmpty(ListItem.Season) + !ListItem.Property(IsSpecial)</visible>
						</control>
						<control type="label">
							<left>0</left>
							<top>361</top>
							<height>33</height>
							<width>378</width>
							<label>$LOCALIZE[20381] $LOCALIZE[20359] $INFO[ListItem.Episode]</label>
							<align>center</align>
							<selectedcolor>button-text</selectedcolor>
							<include condition="Skin.HasSetting(text-autoscroll)">scrolltext</include>
							<font>apptv20</font>
							<visible>ListItem.Property(IsSpecial)</visible>
						</control>
						<control type="label">
							<left>0</left>
							<top>361</top>
							<height>33</height>
							<width>378</width>
							<label>$LOCALIZE[20381] $INFO[ListItem.Episode]</label>
							<align>center</align>
							<selectedcolor>button-text</selectedcolor>
							<include condition="Skin.HasSetting(text-autoscroll)">scrolltext</include>
							<font>apptv20</font>
							<visible>String.IsEmpty(ListItem.Season)</visible>
						</control>
					</control>
				</focusedlayout>
				<include condition="String.IsEqual(Skin.String(shelf-tvshowimages),$LOCALIZE[31954])">EpisodeRecent</include>
				<include condition="String.IsEqual(Skin.String(shelf-tvshowimages),$LOCALIZE[31955])">EpisodeRecommended</include>
			</control>
		</control>
	</include>
	<include name="custom-shelficons">
		<animation effect="slide" end="366,0" condition="![Control.HasFocus(9560) + Container(9560).Position(4)] + Skin.HasSetting(media-overlay) + [Player.HasVideo | [Player.HasAudio + String.IsEmpty(Window(home).Property(PlayingOST))]]">Conditional</animation>
		<control type="group">
			<control type="label">
				<!-- Addon shelf icon label-->
				<left>45</left>
				<top>15</top>
				<height>30</height>
				<width>600</width>
				<label>$VAR[ShelfType]</label>
				<font>apptv22</font>
				<visible>Integer.IsGreater(Container(9560).NumItems,0)</visible>
			</control>
			<control type="button" id="9565">
				<!-- Dummy button for mouse control -->
				<left>0</left>
				<top>0</top>
				<width>1920</width>
				<height>468</height>
				<texturefocus>blank.png</texturefocus>
				<texturenofocus>blank.png</texturenofocus>
				<onfocus>SetFocus(9560)</onfocus>
			</control>
			<control type="group">
				<visible>![[Skin.HasSetting(media-overlay) + [Player.HasVideo + !VideoPlayer.Content(livetv)] | Player.HasAudio + String.IsEmpty(Window(home).Property(PlayingOST))]]</visible>
				<control type="image">
					<left>0</left>
					<top>104</top>
					<width>246</width>
					<height>246</height>
					<aspectratio scalediffuse="false">keep</aspectratio>
					<texture colordiffuse="UnFocusedPosters" fallback="icon-fav.png" diffuse="mask-squ.png" background="true">$VAR[CustomShelfIcon0]</texture>
					<camera x="98" y="238" />
					<animation effect="rotatey" center="0" end="-60" time="300" condition="true">Conditional</animation>
					<visible>Container(9560).HasPrevious</visible>
				</control>
				<control type="image">
					<left>1704</left>
					<top>104</top>
					<width>246</width>
					<height>246</height>
					<aspectratio scalediffuse="false">keep</aspectratio>
					<texture colordiffuse="UnFocusedPosters" fallback="icon-fav.png" diffuse="mask-squ.png" background="true">$VAR[CustomShelfIcon6]</texture>
					<camera x="1818" y="238" />
					<animation effect="rotatey" center="1914" end="60" time="300" condition="true">Conditional</animation>
					<visible>Container(9560).HasNext</visible>
				</control>
			</control>
			<control type="list" id="9560">
				<left>15</left>
				<top>66</top>
				<width>1890</width>
				<height>405</height>
				<onleft>9060</onleft>
				<onright>9060</onright>
				<onup>9060</onup>
				<ondown>9000</ondown>
				<viewtype label="31028">list</viewtype>
				<orientation>horizontal</orientation>
				<itemlayout height="405" width="378">
					<control type="image">
						<left>32</left>
						<top>8</top>
						<width>315</width>
						<height>315</height>
						<aspectratio scalediffuse="false">keep</aspectratio>
						<aligny>top</aligny>
						<texture diffuse="mask-squ.png" fallback="icon-fav.png" background="true">$INFO[ListItem.Art(thumb)]</texture>
					</control>
					<control type="image">
						<left>32</left>
						<top>324</top>
						<width>315</width>
						<height>315</height>
						<aspectratio scalediffuse="false">keep</aspectratio>
						<aligny>top</aligny>
						<texture fallback="icon-fav.png" flipy="true" diffuse="mask-fadesqu.png" background="true">$INFO[ListItem.Art(thumb)]</texture>
					</control>
				</itemlayout>
				<focusedlayout height="405" width="378">
					<control type="image">
						<left>32</left>
						<top>8</top>
						<width>315</width>
						<height>315</height>
						<aspectratio scalediffuse="false">keep</aspectratio>
						<aligny>top</aligny>
						<texture diffuse="mask-squ.png" fallback="icon-fav.png" background="true">$INFO[ListItem.Art(thumb)]</texture>
						<animation effect="zoom" start="100" end="104" center="auto" time="200" tween="back" easing="out" reversible="false">focus</animation>
					</control>
					<control type="image">
						<left>32</left>
						<top>324</top>
						<width>315</width>
						<height>315</height>
						<aspectratio scalediffuse="false">keep</aspectratio>
						<aligny>top</aligny>
						<texture fallback="icon-fav.png" flipy="true" diffuse="mask-fadesqu.png" background="true">$INFO[ListItem.Art(thumb)]</texture>
						<animation effect="zoom" start="100" end="104" center="188,156" time="200" tween="back" easing="out" reversible="false">focus</animation>
					</control>
					<control type="textbox">
						<left>0</left>
						<top>325</top>
						<height>74</height>
						<width>378</width>
						<font>apptv20</font>
						<align>center</align>
						<aligny>top</aligny>
						<label>$INFO[ListItem.Label]</label>
						<include condition="Skin.HasSetting(text-autoscroll)">scrolltext</include>
						<animation effect="fade" time="100" delay="100">Focus</animation>
						<visible>Control.HasFocus(9560) | Control.HasFocus(9565)</visible>
					</control>
				</focusedlayout>
				<include condition="String.IsEqual(Skin.String(shelf-customimages),$LOCALIZE[593]$LOCALIZE[1036])">AllFavourites</include>
				<include condition="String.IsEqual(Skin.String(shelf-customimages),$LOCALIZE[14211]$LOCALIZE[1036])">MediaFavourites</include>
			</control>
		</control>
	</include>
	<include name="music-shelficons">
		<animation effect="slide" end="366,0" condition="![Control.HasFocus(9260) + Container(9260).Position(4)] + Skin.HasSetting(media-overlay) + [Player.HasVideo | [Player.HasAudio + String.IsEmpty(Window(home).Property(PlayingOST))]]">Conditional</animation>
		<control type="group">
			<control type="label">
				<!-- Album shelf icon label-->
				<left>45</left>
				<top>15</top>
				<height>30</height>
				<width>600</width>
				<label>$VAR[ShelfType]</label>
				<font>apptv22</font>
				<visible>Integer.IsGreater(Container(9260).NumItems,0)</visible>
			</control>
			<control type="button" id="9265">
				<!-- Dummy button for mouse control -->
				<left>0</left>
				<top>0</top>
				<width>1920</width>
				<height>468</height>
				<texturefocus>blank.png</texturefocus>
				<texturenofocus>blank.png</texturenofocus>
				<onfocus>SetFocus(9260)</onfocus>
			</control>
			<control type="group">
				<visible>![[Skin.HasSetting(media-overlay) + [Player.HasVideo + !VideoPlayer.Content(livetv)] | Player.HasAudio + String.IsEmpty(Window(home).Property(PlayingOST))]]</visible>
				<control type="image">
					<left>0</left>
					<top>104</top>
					<width>246</width>
					<height>246</height>
					<aspectratio scalediffuse="false">stretch</aspectratio>
					<texture colordiffuse="UnFocusedPosters" fallback="DefaultAudio.png" diffuse="mask-squ.png" background="true">$VAR[MusicShelfIcon0]</texture>
					<camera x="98" y="238" />
					<animation effect="rotatey" center="0" end="-60" time="300" condition="true">Conditional</animation>
					<visible>Container(9260).HasPrevious</visible>
				</control>
				<control type="image">
					<left>1704</left>
					<top>104</top>
					<width>246</width>
					<height>246</height>
					<aspectratio scalediffuse="false">stretch</aspectratio>
					<texture colordiffuse="UnFocusedPosters" fallback="DefaultAudio.png" diffuse="mask-squ.png" background="true">$VAR[MusicShelfIcon6]</texture>
					<camera x="1818" y="238" />
					<animation effect="rotatey" center="1914" end="60" time="300" condition="true">Conditional</animation>
					<visible>Container(9260).HasNext</visible>
				</control>
			</control>
			<control type="list" id="9260">
				<left>15</left>
				<top>66</top>
				<width>1890</width>
				<height>405</height>
				<onleft>9054</onleft>
				<onright>9054</onright>
				<onup>9054</onup>
				<ondown>9000</ondown>
				<viewtype label="31028">list</viewtype>
				<orientation>horizontal</orientation>
				<itemlayout height="405" width="378">
					<control type="image">
						<left>32</left>
						<top>8</top>
						<width>315</width>
						<height>315</height>
						<aspectratio scalediffuse="false">stretch</aspectratio>
						<aligny>top</aligny>
						<texture diffuse="mask-squ.png" fallback="DefaultAudio.png" background="true">$INFO[ListItem.Art(thumb)]</texture>
					</control>
					<control type="image">
						<left>32</left>
						<top>324</top>
						<width>315</width>
						<height>315</height>
						<aspectratio scalediffuse="false">stretch</aspectratio>
						<aligny>top</aligny>
						<texture fallback="DefaultAudio.png" flipy="true" diffuse="mask-fadesqu.png" background="true">$INFO[ListItem.Art(thumb)]</texture>
					</control>
				</itemlayout>
				<focusedlayout height="405" width="378">
					<control type="image">
						<left>32</left>
						<top>8</top>
						<width>315</width>
						<height>315</height>
						<aspectratio scalediffuse="false">stretch</aspectratio>
						<aligny>top</aligny>
						<texture diffuse="mask-squ.png" fallback="DefaultAudio.png" background="true">$INFO[ListItem.Art(thumb)]</texture>
						<animation effect="zoom" start="100" end="104" center="auto" time="200" tween="back" easing="out" reversible="false">focus</animation>
					</control>
					<control type="image">
						<left>32</left>
						<top>324</top>
						<width>315</width>
						<height>315</height>
						<aspectratio scalediffuse="false">stretch</aspectratio>
						<aligny>top</aligny>
						<texture fallback="DefaultAudio.png" flipy="true" diffuse="mask-fadesqu.png" background="true">$INFO[ListItem.Art(thumb)]</texture>
						<animation effect="zoom" start="100" end="104" center="188,156" time="200" tween="back" easing="out" reversible="false">focus</animation>
					</control>
					<control type="textbox">
						<left>0</left>
						<top>325</top>
						<height>74</height>
						<width>378</width>
						<font>apptv20</font>
						<align>center</align>
						<aligny>top</aligny>
						<label>$INFO[ListItem.Label]</label>
						<include condition="Skin.HasSetting(text-autoscroll)">scrolltext</include>
						<animation effect="fade" time="100" delay="100">Focus</animation>
						<visible>Control.HasFocus(9260) | Control.HasFocus(9265)</visible>
					</control>
				</focusedlayout>
				<include condition="String.IsEqual(Skin.String(shelf-musicimages),$LOCALIZE[31954])">AlbumRecent</include>
				<include condition="String.IsEqual(Skin.String(shelf-musicimages),$LOCALIZE[31955])">AlbumRecommended</include>
			</control>
		</control>
	</include>
	<include name="addons-shelficons">
		<animation effect="slide" end="366,0" condition="![Control.HasFocus(9360) + Container(9360).Position(4)] + Skin.HasSetting(media-overlay) + [Player.HasVideo | [Player.HasAudio + String.IsEmpty(Window(home).Property(PlayingOST))]]">Conditional</animation>
		<control type="group">
			<control type="label">
				<!-- Addon shelf icon label-->
				<left>45</left>
				<top>15</top>
				<height>30</height>
				<width>600</width>
				<label>$VAR[ShelfType]</label>
				<font>apptv22</font>
				<visible>Integer.IsGreater(Container(9360).NumItems,0)</visible>
			</control>
			<control type="button" id="9365">
				<!-- Dummy button for mouse control -->
				<left>0</left>
				<top>0</top>
				<width>1920</width>
				<height>468</height>
				<texturefocus>blank.png</texturefocus>
				<texturenofocus>blank.png</texturenofocus>
				<onfocus>SetFocus(9360)</onfocus>
			</control>
			<control type="group">
				<visible>![[Skin.HasSetting(media-overlay) + [Player.HasVideo + !VideoPlayer.Content(livetv)] | Player.HasAudio + String.IsEmpty(Window(home).Property(PlayingOST))]]</visible>
				<control type="image">
					<left>0</left>
					<top>104</top>
					<width>246</width>
					<height>246</height>
					<aspectratio scalediffuse="false">keep</aspectratio>
					<texture colordiffuse="UnFocusedPosters" fallback="DefaultAddon.png" diffuse="mask-squ.png" background="true">$VAR[AddonShelfIcon0]</texture>
					<camera x="98" y="238" />
					<animation effect="rotatey" center="0" end="-60" time="300" condition="true">Conditional</animation>
					<visible>Container(9360).HasPrevious</visible>
				</control>
				<control type="image">
					<left>1704</left>
					<top>104</top>
					<width>246</width>
					<height>246</height>
					<aspectratio scalediffuse="false">keep</aspectratio>
					<texture colordiffuse="UnFocusedPosters" fallback="DefaultAddon.png" diffuse="mask-squ.png" background="true">$VAR[AddonShelfIcon6]</texture>
					<camera x="1818" y="238" />
					<animation effect="rotatey" center="1914" end="60" time="300" condition="true">Conditional</animation>
					<visible>Container(9360).HasNext</visible>
				</control>
			</control>
			<control type="list" id="9360">
				<left>15</left>
				<top>66</top>
				<width>1890</width>
				<height>405</height>
				<onleft>9056</onleft>
				<onright>9056</onright>
				<onup>9056</onup>
				<ondown>9000</ondown>
				<viewtype label="31028">list</viewtype>
				<orientation>horizontal</orientation>
				<itemlayout height="405" width="378">
					<control type="image">
						<left>32</left>
						<top>8</top>
						<width>315</width>
						<height>315</height>
						<aspectratio scalediffuse="false">keep</aspectratio>
						<aligny>top</aligny>
						<texture diffuse="mask-squ.png" fallback="DefaultAddon.png" background="true">$INFO[ListItem.Art(thumb)]</texture>
					</control>
					<control type="image">
						<left>32</left>
						<top>324</top>
						<width>315</width>
						<height>315</height>
						<aspectratio scalediffuse="false">keep</aspectratio>
						<aligny>top</aligny>
						<texture fallback="DefaultAddon.png" flipy="true" diffuse="mask-fadesqu.png" background="true">$INFO[ListItem.Art(thumb)]</texture>
					</control>
				</itemlayout>
				<focusedlayout height="405" width="378">
					<control type="image">
						<left>32</left>
						<top>8</top>
						<width>315</width>
						<height>315</height>
						<aspectratio scalediffuse="false">keep</aspectratio>
						<aligny>top</aligny>
						<texture diffuse="mask-squ.png" fallback="DefaultAddon.png" background="true">$INFO[ListItem.Art(thumb)]</texture>
						<animation effect="zoom" start="100" end="104" center="auto" time="200" tween="back" easing="out" reversible="false">focus</animation>
					</control>
					<control type="image">
						<left>32</left>
						<top>324</top>
						<width>315</width>
						<height>315</height>
						<aspectratio scalediffuse="false">keep</aspectratio>
						<aligny>top</aligny>
						<texture fallback="DefaultAddon.png" flipy="true" diffuse="mask-fadesqu.png" background="true">$INFO[ListItem.Art(thumb)]</texture>
						<animation effect="zoom" start="100" end="104" center="188,156" time="200" tween="back" easing="out" reversible="false">focus</animation>
					</control>
					<control type="textbox">
						<left>0</left>
						<top>325</top>
						<height>74</height>
						<width>378</width>
						<font>apptv20</font>
						<align>center</align>
						<aligny>top</aligny>
						<label>$INFO[ListItem.Label]</label>
						<include condition="Skin.HasSetting(text-autoscroll)">scrolltext</include>
						<animation effect="fade" time="100" delay="100">Focus</animation>
						<visible>Control.HasFocus(9360)  | Control.HasFocus(9365)</visible>
					</control>
				</focusedlayout>
				<include condition="String.IsEqual(Skin.String(shelf-addonimages),$LOCALIZE[31954])">AddonRecent</include>
				<include condition="String.IsEqual(Skin.String(shelf-addonimages),$LOCALIZE[31959])">AddonUpdated</include>
			</control>
		</control>
	</include>
	<include name="broadcast-shelficons">
		<animation effect="slide" end="378,0" condition="![Control.HasFocus(9510) + Container(9510).Position(4)] + Skin.HasSetting(media-overlay) + [Player.HasVideo | [Player.HasAudio + String.IsEmpty(Window(home).Property(PlayingOST))]]">Conditional</animation>
		<control type="group">
			<control type="label">
				<!-- Broadcast shelf icons label -->
				<left>82</left>
				<top>18</top>
				<height>33</height>
				<width>600</width>
				<label>$VAR[ShelfType]</label>
				<font>apptv22</font>
				<visible>Integer.IsGreater(Container(9510).NumItems,0)</visible>
			</control>
			<control type="button" id="9515">
				<!-- Dummy button for mouse control -->
				<left>0</left>
				<top>0</top>
				<width>1920</width>
				<height>468</height>
				<texturefocus>blank.png</texturefocus>
				<texturenofocus>blank.png</texturenofocus>
				<onfocus>SetFocus(9510)</onfocus>
			</control>
			<control type="group">
				<visible>![[Skin.HasSetting(media-overlay) + [Player.HasVideo + !VideoPlayer.Content(livetv)] | Player.HasAudio + String.IsEmpty(Window(home).Property(PlayingOST))]]</visible>
				<camera x="960" y="238" />
				<control type="image">
					<left>-45</left>
					<top>81</top>
					<width>267</width>
					<height>267</height>
					<aspectratio scalediffuse="false">keep</aspectratio>
					<texture colordiffuse="UnFocusedPosters" diffuse="mask-rect.png" fallback="icon-broadcast.png" background="true">$VAR[BroadcastShelfIcon0]</texture>
					<animation effect="rotatey" center="0" end="-60" time="300" condition="true">Conditional</animation>
					<visible>Container(9510).HasPrevious</visible>
				</control>
				<control type="image">
					<left>1701</left>
					<top>81</top>
					<width>267</width>
					<height>267</height>
					<aspectratio scalediffuse="false">keep</aspectratio>
					<texture colordiffuse="UnFocusedPosters" diffuse="mask-rect.png" fallback="icon-broadcast.png" background="true">$VAR[BroadcastShelfIcon6]</texture>
					<animation effect="rotatey" center="1920" end="60" time="300" condition="true">Conditional</animation>
					<visible>Container(9510).HasNext</visible>
				</control>
			</control>
			<control type="list" id="9510">
				<left>15</left>
				<top>69</top>
				<width>1890</width>
				<height>405</height>
				<onleft>9058</onleft>
				<onright>9058</onright>
				<onup>9058</onup>
				<ondown>9000</ondown>
				<viewtype label="31028">list</viewtype>
				<orientation>horizontal</orientation>
				<itemlayout height="405" width="378">
					<control type="image">
						<left>32</left>
						<top>8</top>
						<width>315</width>
						<height>315</height>
						<aspectratio scalediffuse="false">keep</aspectratio>
						<aligny>bottom</aligny>
						<texture diffuse="mask-rect.png" fallback="icon-broadcast.png" background="true">$VAR[PVRThumb]</texture>
					</control>
					<control type="image">
						<left>32</left>
						<top>322</top>
						<width>315</width>
						<height>315</height>
						<aspectratio scalediffuse="false">keep</aspectratio>
						<aligny>top</aligny>
						<texture flipy="true" diffuse="mask-fade.png" fallback="icon-broadcast.png" background="true">$VAR[PVRThumb]</texture>
					</control>
				</itemlayout>
				<focusedlayout height="405" width="378">
					<control type="image">
						<left>32</left>
						<top>8</top>
						<width>315</width>
						<height>315</height>
						<aspectratio scalediffuse="false">keep</aspectratio>
						<aligny>bottom</aligny>
						<texture diffuse="mask-rect.png" fallback="icon-broadcast.png" background="true">$VAR[PVRThumb]</texture>
						<animation effect="zoom" start="100" end="104" center="auto" time="200" tween="back" easing="out" reversible="false">focus</animation>
					</control>
					<control type="image">
						<left>32</left>
						<top>322</top>
						<width>315</width>
						<height>315</height>
						<aspectratio scalediffuse="false">keep</aspectratio>
						<aligny>top</aligny>
						<texture flipy="true" diffuse="mask-fade.png" fallback="icon-broadcast.png" background="true">$VAR[PVRThumb]</texture>
						<animation effect="zoom" start="100" end="104" center="188,156" time="200" tween="back" easing="out" reversible="false">focus</animation>
					</control>
					<control type="group">
						<animation effect="fade" time="100" delay="100">Focus</animation>
						<visible>Control.HasFocus(9510) | Control.HasFocus(9515)</visible>
						<control type="label">
							<left>0</left>
							<top>325</top>
							<height>33</height>
							<width>378</width>
							<label>$INFO[ListItem.Title]</label>
							<align>center</align>
							<selectedcolor>button-text</selectedcolor>
							<include condition="Skin.HasSetting(text-autoscroll)">scrolltext</include>
							<font>apptv20</font>
						</control>
						<control type="label">
							<left>0</left>
							<top>361</top>
							<height>33</height>
							<width>378</width>
							<label>$LOCALIZE[20373] $INFO[ListItem.Season] $LOCALIZE[20359] $INFO[ListItem.Episode]</label>
							<align>center</align>
							<selectedcolor>button-text</selectedcolor>
							<include condition="Skin.HasSetting(text-autoscroll)">scrolltext</include>
							<font>apptv20</font>
							<visible>!String.IsEmpty(ListItem.Season)</visible>
						</control>
						<control type="label">
							<left>0</left>
							<top>361</top>
							<height>33</height>
							<width>378</width>
							<label>$LOCALIZE[20381] $INFO[ListItem.Episode]</label>
							<align>center</align>
							<selectedcolor>button-text</selectedcolor>
							<include condition="Skin.HasSetting(text-autoscroll)">scrolltext</include>
							<font>apptv20</font>
							<visible>String.IsEmpty(ListItem.Season)</visible>
						</control>
					</control>
				</focusedlayout>
				<include condition="String.IsEqual(Skin.String(shelf-broadcastimages),$LOCALIZE[31956])">AiringToday</include>
				<include condition="String.IsEqual(Skin.String(shelf-broadcastimages),$LOCALIZE[31957])">PVRChannels</include>
				<include condition="String.IsEqual(Skin.String(shelf-broadcastimages),$LOCALIZE[31958])">LatestRecordings</include>
			</control>
		</control>
	</include>
	<include name="ShelfWeather">
		<animation effect="slide" end="315,0" condition="Skin.HasSetting(media-overlay) + [Player.HasVideo | [Player.HasAudio + String.IsEmpty(Window(home).Property(PlayingOST))]]">Conditional</animation>
		<control type="group">
			<visible>!String.IsEmpty(Window(weather).Property(Current.Temperature))</visible>
			<control type="group">
				<left>15</left>
				<top>0</top>
				<control type="label">
					<left>30</left>
					<top>0</top>
					<height>69</height>
					<width>750</width>
					<label>$INFO[Window(weather).Property(Location)]</label>
					<include condition="Skin.HasSetting(text-autoscroll)">scrolltext</include>
					<font>apptv22</font>
				</control>
				<control type="label">
					<left>30</left>
					<top>75</top>
					<height>36</height>
					<width>750</width>
					<font>apptv22</font>
					<label>$INFO[Window(weather).Property(WeatherProvider),$LOCALIZE[31536] - ]</label>
					<include condition="Skin.HasSetting(text-autoscroll)">scrolltext</include>
					<visible>String.IsEmpty(Window(weather).Property(WeatherProviderLogo))</visible>
				</control>
				<control type="group">
					<control type="image">
						<!-- Weather provider logo shadow -->
						<left>32</left>
						<top>66</top>
						<width>270</width>
						<height>68</height>
						<colordiffuse>DropShadow</colordiffuse>
						<aspectratio>keep</aspectratio>
						<aligny>top</aligny>
						<texture>$INFO[Window(weather).Property(WeatherProviderLogo)]</texture>
					</control>
					<control type="image">
						<!-- Weather provider logo -->
						<left>30</left>
						<top>64</top>
						<width>270</width>
						<height>68</height>
						<aspectratio>keep</aspectratio>
						<aligny>top</aligny>
						<texture>$INFO[Window(weather).Property(WeatherProviderLogo)]</texture>
					</control>
				</control>
				<control type="label">
					<!-- Currently -->
					<left>0</left>
					<top>132</top>
					<height>48</height>
					<width>375</width>
					<label>$LOCALIZE[31528] $INFO[Window(weather).Property(Current.Temperature)]</label>
					<align>center</align>
					<include condition="Skin.HasSetting(text-autoscroll)">scrolltext</include>
				</control>
				<control type="multiimage">
					<!-- Todays weather condition icon -->
					<left>108</left>
					<top>180</top>
					<width>144</width>
					<height>144</height>
					<imagepath>$VAR[WeatherIconCurrent]</imagepath>
					<aspectratio>keep</aspectratio>
					<timeperimage>100</timeperimage>
					<randomize>false</randomize>
					<fadetime>1</fadetime>
				</control>
				<control type="label">
					<!-- Todays temperature range -->
					<left>0</left>
					<top>318</top>
					<height>57</height>
					<width>360</width>
					<shadowcolor>80000000</shadowcolor>
					<label>[COLOR red]$INFO[Window(weather).Property(Day0.HighTemp)][/COLOR] • [COLOR lightblue]$INFO[Window(weather).Property(Day0.LowTemp)][/COLOR]</label>
					<align>center</align>
					<font>apptv30</font>
				</control>
				<control type="label">
					<left>0</left>
					<top>369</top>
					<height>63</height>
					<width>375</width>
					<label>$INFO[Weather.Conditions]</label>
					<align>center</align>
					<wrapmultiline>true</wrapmultiline>
					<include condition="Skin.HasSetting(text-autoscroll)">scrolltext</include>
					<font>apptv20</font>
				</control>
			</control>
			<control type="group">
				<left>405</left>
				<top>93</top>
				<control type="label">
					<left>0</left>
					<top>45</top>
					<height>39</height>
					<width>360</width>
					<label>$INFO[Window(weather).Property(Day1.Title)]</label>
					<align>center</align>
					<include condition="Skin.HasSetting(text-autoscroll)">scrolltext</include>
				</control>
				<control type="multiimage">
					<!-- Day 1 weather condition icon -->
					<left>120</left>
					<top>102</top>
					<width>120</width>
					<height>120</height>
					<imagepath>$VAR[WeatherIconDay1]</imagepath>
					<aspectratio>keep</aspectratio>
					<timeperimage>100</timeperimage>
					<randomize>false</randomize>
					<fadetime>1</fadetime>
				</control>
				<control type="label">
					<!-- Day 1 temperature range -->
					<left>0</left>
					<top>225</top>
					<height>57</height>
					<width>360</width>
					<shadowcolor>80000000</shadowcolor>
					<label>[COLOR red]$INFO[Window(weather).Property(Day1.HighTemp)][/COLOR] • [COLOR lightblue]$INFO[Window(weather).Property(Day1.LowTemp)][/COLOR]</label>
					<align>center</align>
					<font>apptv30</font>
				</control>
				<control type="label">
					<left>0</left>
					<top>276</top>
					<height>63</height>
					<width>360</width>
					<label>$INFO[Window(weather).Property(Day1.Outlook)]</label>
					<align>center</align>
					<wrapmultiline>true</wrapmultiline>
					<include condition="Skin.HasSetting(text-autoscroll)">scrolltext</include>
					<font>apptv20</font>
				</control>
			</control>
			<control type="group">
				<left>780</left>
				<top>93</top>
				<control type="label">
					<left>0</left>
					<top>45</top>
					<height>39</height>
					<width>360</width>
					<label>$INFO[Window(weather).Property(Day2.Title)]</label>
					<align>center</align>
					<include condition="Skin.HasSetting(text-autoscroll)">scrolltext</include>
				</control>
				<control type="multiimage">
					<!-- Day 2 weather condition icon -->
					<left>120</left>
					<top>102</top>
					<width>120</width>
					<height>120</height>
					<imagepath>$VAR[WeatherIconDay2]</imagepath>
					<aspectratio>keep</aspectratio>
					<timeperimage>100</timeperimage>
					<randomize>false</randomize>
					<fadetime>1</fadetime>
				</control>
				<control type="label">
					<!-- Day 2 temperature range -->
					<left>0</left>
					<top>225</top>
					<height>57</height>
					<width>360</width>
					<shadowcolor>80000000</shadowcolor>
					<label>[COLOR red]$INFO[Window(weather).Property(Day2.HighTemp)][/COLOR] • [COLOR lightblue]$INFO[Window(weather).Property(Day2.LowTemp)][/COLOR]</label>
					<align>center</align>
					<font>apptv30</font>
				</control>
				<control type="label">
					<left>0</left>
					<top>276</top>
					<height>63</height>
					<width>360</width>
					<label>$INFO[Window(weather).Property(Day2.Outlook)]</label>
					<align>center</align>
					<wrapmultiline>true</wrapmultiline>
					<include condition="Skin.HasSetting(text-autoscroll)">scrolltext</include>
					<font>apptv20</font>
				</control>
			</control>
			<control type="group">
				<left>1155</left>
				<top>93</top>
				<control type="label">
					<left>0</left>
					<top>45</top>
					<height>39</height>
					<width>360</width>
					<label>$INFO[Window(weather).Property(Day3.Title)]</label>
					<align>center</align>
					<include condition="Skin.HasSetting(text-autoscroll)">scrolltext</include>
				</control>
				<control type="multiimage">
					<!-- Day 3 weather condition icon -->
					<left>120</left>
					<top>102</top>
					<width>120</width>
					<height>120</height>
					<imagepath>$VAR[WeatherIconDay3]</imagepath>
					<aspectratio>keep</aspectratio>
					<timeperimage>100</timeperimage>
					<randomize>false</randomize>
					<fadetime>1</fadetime>
				</control>
				<control type="label">
					<!-- Day3 temperature range -->
					<left>0</left>
					<top>225</top>
					<height>57</height>
					<width>360</width>
					<shadowcolor>80000000</shadowcolor>
					<label>[COLOR red]$INFO[Window(weather).Property(Day3.HighTemp)][/COLOR] • [COLOR lightblue]$INFO[Window(weather).Property(Day3.LowTemp)][/COLOR]</label>
					<align>center</align>
					<font>apptv30</font>
				</control>
				<control type="label">
					<left>0</left>
					<top>276</top>
					<height>63</height>
					<width>360</width>
					<label>$INFO[Window(weather).Property(Day3.Outlook)]</label>
					<align>center</align>
					<wrapmultiline>true</wrapmultiline>
					<include condition="Skin.HasSetting(text-autoscroll)">scrolltext</include>
					<font>apptv20</font>
				</control>
			</control>
			<control type="group">
				<visible>![Skin.HasSetting(media-overlay) + [[Player.HasVideo + !VideoPlayer.Content(livetv)] | Player.HasAudio + String.IsEmpty(Window(home).Property(PlayingOST))]]</visible>
				<left>1530</left>
				<top>93</top>
				<control type="label">
					<left>0</left>
					<top>45</top>
					<height>39</height>
					<width>360</width>
					<label>$INFO[Window(Weather).Property(Day4.Title)]</label>
					<align>center</align>
					<include condition="Skin.HasSetting(text-autoscroll)">scrolltext</include>
				</control>
				<control type="multiimage">
					<!-- Day 4 weather condition icon -->
					<left>120</left>
					<top>102</top>
					<width>120</width>
					<height>120</height>
					<imagepath>$VAR[WeatherIconDay4]</imagepath>
					<aspectratio>keep</aspectratio>
					<timeperimage>100</timeperimage>
					<randomize>false</randomize>
					<fadetime>1</fadetime>
				</control>
				<control type="label">
					<!-- Day 4 temperature range -->
					<left>0</left>
					<top>225</top>
					<height>57</height>
					<width>360</width>
					<shadowcolor>80000000</shadowcolor>
					<label>[COLOR red]$INFO[Window(Weather).Property(Day4.HighTemp)][/COLOR] • [COLOR lightblue]$INFO[Window(Weather).Property(Day4.LowTemp)][/COLOR]</label>
					<align>center</align>
					<font>apptv30</font>
				</control>
				<control type="label">
					<left>0</left>
					<top>276</top>
					<height>63</height>
					<width>360</width>
					<label>$INFO[Window(Weather).Property(Day4.Outlook)]</label>
					<align>center</align>
					<wrapmultiline>true</wrapmultiline>
					<include condition="Skin.HasSetting(text-autoscroll)">scrolltext</include>
					<font>apptv20</font>
				</control>
			</control>
		</control>
	</include>
	<include name="homeshelf-time">
		<control type="label">
			<!-- Time and date -->
			<left>1080</left>
			<top>0</top>
			<width>789</width>
			<height>69</height>
			<label>$INFO[system.Time(hh:mm xx)] $INFO[system.Date]</label>
			<align>right</align>
			<font>apptv22</font>
		</control>
	</include>
	<include name="shelf-nowplaying">
		<control type="group">
			<visible>!Container(9160).Position(5) + !Container(9210).Position(4) + !Container(9260).Position(4) + Skin.HasSetting(media-overlay) + [Player.HasVideo | [Player.HasAudio + String.IsEmpty(Window(home).Property(PlayingOST))]]</visible>
			<control type="label">
				<!-- Now playing -->
				<left>15</left>
				<top>15</top>
				<width>315</width>
				<height>33</height>
				<label>$LOCALIZE[31037]</label>
				<font>apptv22</font>
				<align>center</align>
			</control>
			<control type="group">
				<!-- Video Stuff -->
				<visible>Player.HasVideo</visible>
				<control type="image">
					<!-- Video cover image -->
					<left>53</left>
					<top>69</top>
					<width>240</width>
					<height>321</height>
					<texture diffuse="mask-rect.png" background="true" fallback="DefaultVideo.png">$VAR[PlayerVideoCover]</texture>
					<aspectratio scalediffuse="false">stretch</aspectratio>
					<visible>!Pvr.IsPlayingTv</visible>
				</control>
				<control type="image">
					<left>53</left>
					<top>391</top>
					<width>240</width>
					<height>321</height>
					<texture diffuse="mask-fade.png" background="true" fallback="DefaultVideo.png" flipy="true">$VAR[PlayerVideoCover]</texture>
					<aspectratio scalediffuse="false">stretch</aspectratio>
					<visible>!Pvr.IsPlayingTv</visible>
				</control>
				<control type="image">
					<!-- PVR station image -->
					<left>38</left>
					<top>84</top>
					<width>270</width>
					<height>270</height>
					<texture diffuse="mask-rect.png" background="true" fallback="icon-livetv.png">$VAR[PVRPlayingIcon]</texture>
					<aspectratio scalediffuse="false">stretch</aspectratio>
					<aligny>top</aligny>
					<visible>Pvr.IsPlayingTv</visible>
				</control>
				<control type="image">
					<left>38</left>
					<top>354</top>
					<width>270</width>
					<height>270</height>
					<aspectratio scalediffuse="false">stretch</aspectratio>
					<aligny>top</aligny>
					<texture diffuse="mask-fade.png" background="true" flipy="true" fallback="icon-livetv.png">$VAR[PVRPlayingIcon]</texture>
					<visible>Pvr.IsPlayingTv</visible>
				</control>
				<control type="button">
					<!-- Fake fullscreen button as a touch screen work around -->
					<left>60</left>
					<top>69</top>
					<width>225</width>
					<height>291</height>
					<texturefocus>blank.png</texturefocus>
					<onclick>Fullscreen</onclick>
					<visible>$EXP[isEnabledTouch]</visible>
				</control>
				<control type="group">
					<visible>!Pvr.IsPlayingTv</visible>
					<control type="label">
						<left>15</left>
						<top>394</top>
						<width>315</width>
						<height>30</height>
						<label>$INFO[VideoPlayer.Title]</label>
						<font>apptv20</font>
						<align>center</align>
						<include condition="Skin.HasSetting(text-autoscroll)">scrolltext</include>
						<visible>!VideoPlayer.Content(episodes)</visible>
					</control>
					<control type="label">
						<left>15</left>
						<top>394</top>
						<width>315</width>
						<height>30</height>
						<label>$INFO[VideoPlayer.TVShowTitle]</label>
						<font>apptv20</font>
						<align>center</align>
						<include condition="Skin.HasSetting(text-autoscroll)">scrolltext</include>
						<visible>VideoPlayer.Content(episodes)</visible>
					</control>
					<control type="label">
						<left>15</left>
						<top>429</top>
						<width>315</width>
						<height>30</height>
						<label>$INFO[VideoPlayer.Title]</label>
						<font>apptv20</font>
						<align>center</align>
						<include condition="Skin.HasSetting(text-autoscroll)">scrolltext</include>
						<visible>VideoPlayer.Content(episodes)</visible>
					</control>
				</control>
				<control type="textbox">
					<left>15</left>
					<top>394</top>
					<height>72</height>
					<width>315</width>
					<font>apptv20</font>
					<align>center</align>
					<aligny>top</aligny>
					<label>$INFO[VideoPlayer.ChannelName][CR]$INFO[VideoPlayer.Title]</label>
					<include condition="Skin.HasSetting(text-autoscroll)">scrolltext</include>
					<visible>Pvr.IsPlayingTv</visible>
				</control>
				<control type="videowindow">
					<!-- video preview window, hack to allow playercontrols to work -->
					<left>66</left>
					<top>780</top>
					<width>308</width>
					<height>184</height>
					<visible>false</visible>
				</control>
			</control>
			<control type="group">
				<!-- Audio Stuff -->
				<visible>Player.HasAudio + String.IsEmpty(Window(home).Property(PlayingOST))</visible>
				<control type="group">
					<!-- Playing Non Radio Audio -->
					<visible>!Pvr.IsPlayingRadio</visible>
					<control type="image">
						<left>15</left>
						<top>74</top>
						<width>315</width>
						<height>315</height>
						<aspectratio scalediffuse="false">stretch</aspectratio>
						<aligny>top</aligny>
						<texture diffuse="mask-squ.png" background="true" fallback="DefaultAudio.png">$VAR[PlayerMusicCover]</texture>
					</control>
					<control type="image">
						<left>15</left>
						<top>389</top>
						<width>315</width>
						<height>315</height>
						<aspectratio scalediffuse="false">stretch</aspectratio>
						<aligny>top</aligny>
						<texture diffuse="mask-fade.png" background="true" flipy="true" fallback="DefaultAudio.png">$VAR[PlayerMusicCover]</texture>
					</control>
					<control type="label">
						<left>15</left>
						<top>392</top>
						<height>33</height>
						<width>315</width>
						<label>$VAR[PlayerMusicInfo1]</label>
						<align>center</align>
						<selectedcolor>button-text</selectedcolor>
						<include condition="Skin.HasSetting(text-autoscroll)">scrolltext</include>
						<font>apptv18</font>
					</control>
					<control type="label">
						<left>15</left>
						<top>426</top>
						<height>33</height>
						<width>315</width>
						<label>$VAR[PlayerMusicInfo2]</label>
						<align>center</align>
						<selectedcolor>button-text</selectedcolor>
						<include condition="Skin.HasSetting(text-autoscroll)">scrolltext</include>
						<font>apptv18</font>
					</control>
				</control>
				<control type="group">
					<!-- Playing Radio Audio -->
					<visible>Pvr.IsPlayingRadio</visible>
					<control type="image">
						<left>38</left>
						<top>84</top>
						<width>270</width>
						<height>270</height>
						<aspectratio scalediffuse="false">stretch</aspectratio>
						<aligny>top</aligny>
						<texture diffuse="mask-squ.png" background="true" fallback="icon-radio.png">$VAR[PVRPlayingIcon]</texture>
					</control>
					<control type="image">
						<left>38</left>
						<top>354</top>
						<width>270</width>
						<height>270</height>
						<aspectratio scalediffuse="false">stretch</aspectratio>
						<aligny>top</aligny>
						<texture diffuse="mask-fade.png" background="true" flipy="true" fallback="icon-radio.png">$VAR[PVRPlayingIcon]</texture>
					</control>
					<control type="textbox">
						<left>15</left>
						<top>357</top>
						<height>72</height>
						<width>315</width>
						<font>apptv20</font>
						<align>center</align>
						<aligny>top</aligny>
						<label>$LOCALIZE[19021] - $INFO[MusicPlayer.ChannelName][CR]$INFO[MusicPlayer.Title]</label>
						<include condition="Skin.HasSetting(text-autoscroll)">scrolltext</include>
					</control>
				</control>
				<control type="button">
					<!-- Fake fullscreen button as a touch screen work around -->
					<left>38</left>
					<top>84</top>
					<width>270</width>
					<height>270</height>
					<texturefocus>blank.png</texturefocus>
					<onclick>Fullscreen</onclick>
					<visible>$EXP[isEnabledTouch]</visible>
				</control>
			</control>
		</control>
	</include>
</includes>