<?xml version="1.0" encoding="utf-8"?>
<window>
	<controls>
		<include>fake-overlay</include>
		<control type="image">
			<!-- Solid background use as base to other background images -->
			<include>fullscreenimage</include>
			<texture>background.png</texture>
		</control>
		<control type="image">
			<!-- Custom background -->
			<include>fullscreenimage</include>
			<texture>$INFO[Skin.String(background-custom)]</texture>
			<aspectratio>stretch</aspectratio>
			<colordiffuse>$VAR[BackgndImageVisibity]</colordiffuse>
			<visible>!String.IsEmpty(Skin.String(background-custom))</visible>
		</control>
		<control type="image">
			<!-- Fanart background -->
			<include>fullscreenimage</include>
			<texture background="true">$VAR[NextAiredFanart]</texture>
			<aspectratio>scale</aspectratio>
			<colordiffuse>$VAR[BackgndImageVisibity]</colordiffuse>
			<visible>!String.IsEmpty(Window(home).Property(TVGuide.BackgroundFanart)) + !Skin.HasSetting(background-fanarts)</visible>
		</control>
		<control type="grouplist">
			<left>1419</left>
			<top>52</top>
			<width>548</width>
			<height>108</height>
			<align>left</align>
			<aligny>bottom</aligny>
			<orientation>horizontal</orientation>
			<control type="label">
				<!-- Screen heading -->
				<width max="384">auto</width>
				<height>108</height>
				<label>$LOCALIZE[31956]</label>
				<font>apptv30</font>
				<wrapmultiline>true</wrapmultiline>
				<aligny>bottom</aligny>
			</control>
			<control type="label">
				<!-- Number of files -->
				<width max="120">auto</width>
				<height>69</height>
				<label>$INFO[Window(home).Property(NextAired.Total),(,)]</label>
				<aligny>top</aligny>
			</control>
		</control>
		<control type="group">
			<!-- Monday -->
			<left>30</left>
			<top>105</top>
			<control type="image">
				<left>14</left>
				<top>0</top>
				<width>150</width>
				<height>945</height>
				<texture border="3">epg-genres/0.png</texture>
				<colordiffuse>5FFFFFFF</colordiffuse>
			</control>
			<control type="image">
				<left>14</left>
				<top>0</top>
				<width>1230</width>
				<height>136</height>
				<texture border="3">epg-genres/0.png</texture>
				<colordiffuse>4FFFFFFF</colordiffuse>
			</control>
			<control type="image">
				<left>14</left>
				<top>0</top>
				<width>1230</width>
				<height>136</height>
				<texture border="3">epg-genres/112.png</texture>
				<colordiffuse>4FFFFFFF</colordiffuse>
				<visible>String.IsEqual(System.Date(ddd),$LOCALIZE[41])</visible>
			</control>
			<control type="label">
				<left>0</left>
				<top>0</top>
				<width>150</width>
				<height>45</height>
				<label>[B]$LOCALIZE[41][/B]</label>
				<align>right</align>
			</control>
			<control type="list" id="200">
				<left>162</left>
				<top>0</top>
				<width>1080</width>
				<height>135</height>
				<orientation>horizontal</orientation>
				<onup>206</onup>
				<ondown>201</ondown>
				<itemlayout width="270" height="135">
					<control type="image">
						<left>6</left>
						<top>6</top>
						<width>240</width>
						<height>60</height>
						<texture background="true">$INFO[ListItem.Property(Art(banner))]</texture>
						<visible>String.IsEqual(Window(home).Property(TVGuide.ThumbType),1)</visible>
					</control>
					<control type="image">
						<left>6</left>
						<top>6</top>
						<width>240</width>
						<height>60</height>
						<texture background="true">$INFO[ListItem.Property(Path),,logo.png]</texture>
						<visible>String.IsEqual(Window(home).Property(TVGuide.ThumbType),2)</visible>
					</control>
					<control type="label">
						<left>126</left>
						<top>69</top>
						<width>240</width>
						<height>33</height>
						<label>$INFO[ListItem.Property(NextDate)]</label>
						<font>apptv20</font>
						<align>center</align>
						<visible>String.IsEqual(Window(home).Property(TVGuide.ThumbType),1) | String.IsEqual(Window(home).Property(TVGuide.ThumbType),2)</visible>
					</control>
					<control type="label">
						<left>126</left>
						<top>98</top>
						<width>240</width>
						<height>33</height>
						<label>$INFO[ListItem.Property(ShortTime)]</label>
						<font>apptv20</font>
						<align>center</align>
						<visible>String.IsEqual(Window(home).Property(TVGuide.ThumbType),1) | String.IsEqual(Window(home).Property(TVGuide.ThumbType),2)</visible>
					</control>
					<control type="image">
						<left>6</left>
						<top>8</top>
						<width>81</width>
						<height>120</height>
						<texture background="true">$INFO[ListItem.Property(Art(poster))]</texture>
						<visible>String.IsEqual(Window(home).Property(TVGuide.ThumbType),0)</visible>
					</control>
					<control type="label">
						<left>94</left>
						<top>42</top>
						<width>158</width>
						<height>33</height>
						<label>$INFO[ListItem.Property(NextDate)]</label>
						<font>apptv20</font>
						<visible>String.IsEqual(Window(home).Property(TVGuide.ThumbType),0)</visible>
					</control>
					<control type="label">
						<left>94</left>
						<top>81</top>
						<width>158</width>
						<height>33</height>
						<label>$INFO[ListItem.Property(ShortTime)]</label>
						<font>apptv20</font>
						<visible>String.IsEqual(Window(home).Property(TVGuide.ThumbType),0)</visible>
					</control>
					<control type="image">
						<left>267</left>
						<top>0</top>
						<width>6</width>
						<height>135</height>
						<texture>separator_vert.png</texture>
						<colordiffuse>99FFFFFF</colordiffuse>
					</control>
				</itemlayout>
				<focusedlayout width="270" height="135">
					<control type="image">
						<left>-2</left>
						<top>0</top>
						<width>270</width>
						<height>135</height>
						<texture border="3">epg-genres/112.png</texture>
						<colordiffuse>9FFFFFFF</colordiffuse>
						<visible>Control.HasFocus(200)</visible>
					</control>
					<control type="image">
						<left>6</left>
						<top>6</top>
						<width>240</width>
						<height>60</height>
						<texture background="true">$INFO[ListItem.Property(Art(banner))]</texture>
						<visible>String.IsEqual(Window(home).Property(TVGuide.ThumbType),1)</visible>
					</control>
					<control type="image">
						<left>6</left>
						<top>6</top>
						<width>240</width>
						<height>60</height>
						<texture background="true">$INFO[ListItem.Property(Path),,logo.png]</texture>
						<visible>String.IsEqual(Window(home).Property(TVGuide.ThumbType),2)</visible>
					</control>
					<control type="label">
						<left>126</left>
						<top>69</top>
						<width>240</width>
						<height>33</height>
						<label>$INFO[ListItem.Property(NextDate)]</label>
						<font>apptv20</font>
						<align>center</align>
						<visible>String.IsEqual(Window(home).Property(TVGuide.ThumbType),1) | String.IsEqual(Window(home).Property(TVGuide.ThumbType),2)</visible>
					</control>
					<control type="label">
						<left>126</left>
						<top>98</top>
						<width>240</width>
						<height>33</height>
						<label>$INFO[ListItem.Property(ShortTime)]</label>
						<font>apptv20</font>
						<align>center</align>
						<visible>String.IsEqual(Window(home).Property(TVGuide.ThumbType),1) | String.IsEqual(Window(home).Property(TVGuide.ThumbType),2)</visible>
					</control>
					<control type="image">
						<left>6</left>
						<top>8</top>
						<width>81</width>
						<height>120</height>
						<texture background="true">$INFO[ListItem.Property(Art(poster))]</texture>
						<visible>String.IsEqual(Window(home).Property(TVGuide.ThumbType),0)</visible>
					</control>
					<control type="label">
						<left>94</left>
						<top>42</top>
						<width>158</width>
						<height>33</height>
						<label>$INFO[ListItem.Property(NextDate)]</label>
						<font>apptv20</font>
						<visible>String.IsEqual(Window(home).Property(TVGuide.ThumbType),0)</visible>
					</control>
					<control type="label">
						<left>94</left>
						<top>81</top>
						<width>158</width>
						<height>33</height>
						<label>$INFO[ListItem.Property(ShortTime)]</label>
						<font>apptv20</font>
						<visible>String.IsEqual(Window(home).Property(TVGuide.ThumbType),0)</visible>
					</control>
					<control type="image">
						<left>267</left>
						<top>0</top>
						<width>6</width>
						<height>135</height>
						<texture>separator_vert.png</texture>
						<colordiffuse>99FFFFFF</colordiffuse>
					</control>
				</focusedlayout>
			</control>
		</control>
		<control type="group">
			<!-- Tuesday -->
			<left>30</left>
			<top>240</top>
			<control type="image">
				<left>14</left>
				<top>0</top>
				<width>1230</width>
				<height>136</height>
				<texture border="3">epg-genres/0.png</texture>
				<colordiffuse>AFFFFFFF</colordiffuse>
			</control>
			<control type="image">
				<left>14</left>
				<top>0</top>
				<width>1230</width>
				<height>136</height>
				<texture border="3">epg-genres/112.png</texture>
				<colordiffuse>4FFFFFFF</colordiffuse>
				<visible>String.IsEqual(System.Date(ddd),$LOCALIZE[42])</visible>
			</control>
			<control type="image">
				<left>14</left>
				<top>0</top>
				<width>1227</width>
				<height>1</height>
				<texture>colours/white.png</texture>
				<colordiffuse>AFFFFFFF</colordiffuse>
			</control>
			<control type="label">
				<left>0</left>
				<top>0</top>
				<width>150</width>
				<height>45</height>
				<label>[B]$LOCALIZE[42][/B]</label>
				<align>right</align>
			</control>
			<control type="list" id="201">
				<left>162</left>
				<top>0</top>
				<width>1080</width>
				<height>135</height>
				<orientation>horizontal</orientation>
				<onup>200</onup>
				<ondown>202</ondown>
				<itemlayout width="270" height="135">
					<control type="image">
						<left>6</left>
						<top>6</top>
						<width>240</width>
						<height>60</height>
						<texture background="true">$INFO[ListItem.Property(Art(banner))]</texture>
						<visible>String.IsEqual(Window(home).Property(TVGuide.ThumbType),1)</visible>
					</control>
					<control type="image">
						<left>6</left>
						<top>6</top>
						<width>240</width>
						<height>60</height>
						<texture background="true">$INFO[ListItem.Property(Path),,logo.png]</texture>
						<visible>String.IsEqual(Window(home).Property(TVGuide.ThumbType),2)</visible>
					</control>
					<control type="label">
						<left>126</left>
						<top>69</top>
						<width>240</width>
						<height>33</height>
						<label>$INFO[ListItem.Property(NextDate)]</label>
						<font>apptv20</font>
						<align>center</align>
						<visible>String.IsEqual(Window(home).Property(TVGuide.ThumbType),1) | String.IsEqual(Window(home).Property(TVGuide.ThumbType),2)</visible>
					</control>
					<control type="label">
						<left>126</left>
						<top>98</top>
						<width>240</width>
						<height>33</height>
						<label>$INFO[ListItem.Property(ShortTime)]</label>
						<font>apptv20</font>
						<align>center</align>
						<visible>String.IsEqual(Window(home).Property(TVGuide.ThumbType),1) | String.IsEqual(Window(home).Property(TVGuide.ThumbType),2)</visible>
					</control>
					<control type="image">
						<left>6</left>
						<top>8</top>
						<width>81</width>
						<height>120</height>
						<texture background="true">$INFO[ListItem.Property(Art(poster))]</texture>
						<visible>String.IsEqual(Window(home).Property(TVGuide.ThumbType),0)</visible>
					</control>
					<control type="label">
						<left>94</left>
						<top>42</top>
						<width>158</width>
						<height>33</height>
						<label>$INFO[ListItem.Property(NextDate)]</label>
						<font>apptv22</font>
						<visible>String.IsEqual(Window(home).Property(TVGuide.ThumbType),0)</visible>
					</control>
					<control type="label">
						<left>94</left>
						<top>81</top>
						<width>158</width>
						<height>33</height>
						<label>$INFO[ListItem.Property(ShortTime)]</label>
						<font>apptv22</font>
						<visible>String.IsEqual(Window(home).Property(TVGuide.ThumbType),0)</visible>
					</control>
					<control type="image">
						<left>267</left>
						<top>0</top>
						<width>6</width>
						<height>135</height>
						<texture>separator_vert.png</texture>
						<colordiffuse>99FFFFFF</colordiffuse>
					</control>
				</itemlayout>
				<focusedlayout width="270" height="135">
					<control type="image">
						<left>-2</left>
						<top>0</top>
						<width>270</width>
						<height>135</height>
						<texture border="3">epg-genres/112.png</texture>
						<colordiffuse>9FFFFFFF</colordiffuse>
						<visible>Control.HasFocus(201)</visible>
					</control>
					<control type="image">
						<left>6</left>
						<top>6</top>
						<width>240</width>
						<height>60</height>
						<texture background="true">$INFO[ListItem.Property(Art(banner))]</texture>
						<visible>String.IsEqual(Window(home).Property(TVGuide.ThumbType),1)</visible>
					</control>
					<control type="image">
						<left>6</left>
						<top>6</top>
						<width>240</width>
						<height>60</height>
						<texture background="true">$INFO[ListItem.Property(Path),,logo.png]</texture>
						<visible>String.IsEqual(Window(home).Property(TVGuide.ThumbType),2)</visible>
					</control>
					<control type="label">
						<left>126</left>
						<top>69</top>
						<width>240</width>
						<height>33</height>
						<label>$INFO[ListItem.Property(NextDate)]</label>
						<font>apptv20</font>
						<align>center</align>
						<visible>String.IsEqual(Window(home).Property(TVGuide.ThumbType),1) | String.IsEqual(Window(home).Property(TVGuide.ThumbType),2)</visible>
					</control>
					<control type="label">
						<left>126</left>
						<top>98</top>
						<width>240</width>
						<height>33</height>
						<label>$INFO[ListItem.Property(ShortTime)]</label>
						<font>apptv20</font>
						<align>center</align>
						<visible>String.IsEqual(Window(home).Property(TVGuide.ThumbType),1) | String.IsEqual(Window(home).Property(TVGuide.ThumbType),2)</visible>
					</control>
					<control type="image">
						<left>6</left>
						<top>8</top>
						<width>81</width>
						<height>120</height>
						<texture background="true">$INFO[ListItem.Property(Art(poster))]</texture>
						<visible>String.IsEqual(Window(home).Property(TVGuide.ThumbType),0)</visible>
					</control>
					<control type="label">
						<left>94</left>
						<top>42</top>
						<width>158</width>
						<height>33</height>
						<label>$INFO[ListItem.Property(NextDate)]</label>
						<font>apptv20</font>
						<visible>String.IsEqual(Window(home).Property(TVGuide.ThumbType),0)</visible>
					</control>
					<control type="label">
						<left>94</left>
						<top>81</top>
						<width>158</width>
						<height>33</height>
						<label>$INFO[ListItem.Property(ShortTime)]</label>
						<font>apptv20</font>
						<visible>String.IsEqual(Window(home).Property(TVGuide.ThumbType),0)</visible>
					</control>
					<control type="image">
						<left>267</left>
						<top>0</top>
						<width>6</width>
						<height>135</height>
						<texture>separator_vert.png</texture>
						<colordiffuse>99FFFFFF</colordiffuse>
					</control>
				</focusedlayout>
			</control>
		</control>
		<control type="group">
			<!-- Wednesday -->
			<left>30</left>
			<top>375</top>
			<control type="image">
				<left>14</left>
				<top>0</top>
				<width>1230</width>
				<height>136</height>
				<texture border="3">epg-genres/0.png</texture>
				<colordiffuse>4FFFFFFF</colordiffuse>
			</control>
			<control type="image">
				<left>14</left>
				<top>0</top>
				<width>1230</width>
				<height>136</height>
				<texture border="3">epg-genres/112.png</texture>
				<colordiffuse>4FFFFFFF</colordiffuse>
				<visible>String.IsEqual(System.Date(ddd),$LOCALIZE[43])</visible>
			</control>
			<control type="image">
				<left>14</left>
				<top>0</top>
				<width>1227</width>
				<height>1</height>
				<texture>colours/white.png</texture>
				<colordiffuse>AFFFFFFF</colordiffuse>
			</control>
			<control type="label">
				<left>0</left>
				<top>0</top>
				<width>150</width>
				<height>45</height>
				<label>[B]$LOCALIZE[43][/B]</label>
				<align>right</align>
			</control>
			<control type="list" id="202">
				<left>162</left>
				<top>0</top>
				<width>1080</width>
				<height>135</height>
				<orientation>horizontal</orientation>
				<onup>201</onup>
				<ondown>203</ondown>
				<itemlayout width="270" height="135">
					<control type="image">
						<left>6</left>
						<top>6</top>
						<width>240</width>
						<height>60</height>
						<texture background="true">$INFO[ListItem.Property(Art(banner))]</texture>
						<visible>String.IsEqual(Window(home).Property(TVGuide.ThumbType),1)</visible>
					</control>
					<control type="image">
						<left>6</left>
						<top>6</top>
						<width>240</width>
						<height>60</height>
						<texture background="true">$INFO[ListItem.Property(Path),,logo.png]</texture>
						<visible>String.IsEqual(Window(home).Property(TVGuide.ThumbType),2)</visible>
					</control>
					<control type="label">
						<left>126</left>
						<top>69</top>
						<width>240</width>
						<height>33</height>
						<label>$INFO[ListItem.Property(NextDate)]</label>
						<font>apptv20</font>
						<align>center</align>
						<visible>String.IsEqual(Window(home).Property(TVGuide.ThumbType),1) | String.IsEqual(Window(home).Property(TVGuide.ThumbType),2)</visible>
					</control>
					<control type="label">
						<left>126</left>
						<top>98</top>
						<width>240</width>
						<height>33</height>
						<label>$INFO[ListItem.Property(ShortTime)]</label>
						<font>apptv20</font>
						<align>center</align>
						<visible>String.IsEqual(Window(home).Property(TVGuide.ThumbType),1) | String.IsEqual(Window(home).Property(TVGuide.ThumbType),2)</visible>
					</control>
					<control type="image">
						<left>6</left>
						<top>8</top>
						<width>81</width>
						<height>120</height>
						<texture background="true">$INFO[ListItem.Property(Art(poster))]</texture>
						<visible>String.IsEqual(Window(home).Property(TVGuide.ThumbType),0)</visible>
					</control>
					<control type="label">
						<left>94</left>
						<top>42</top>
						<width>158</width>
						<height>33</height>
						<label>$INFO[ListItem.Property(NextDate)]</label>
						<font>apptv20</font>
						<visible>String.IsEqual(Window(home).Property(TVGuide.ThumbType),0)</visible>
					</control>
					<control type="label">
						<left>94</left>
						<top>81</top>
						<width>158</width>
						<height>33</height>
						<label>$INFO[ListItem.Property(ShortTime)]</label>
						<font>apptv20</font>
						<visible>String.IsEqual(Window(home).Property(TVGuide.ThumbType),0)</visible>
					</control>
					<control type="image">
						<left>267</left>
						<top>0</top>
						<width>6</width>
						<height>135</height>
						<texture>separator_vert.png</texture>
						<colordiffuse>99FFFFFF</colordiffuse>
					</control>
				</itemlayout>
				<focusedlayout width="270" height="135">
					<control type="image">
						<left>-2</left>
						<top>0</top>
						<width>270</width>
						<height>135</height>
						<texture border="3">epg-genres/112.png</texture>
						<colordiffuse>9FFFFFFF</colordiffuse>
						<visible>Control.HasFocus(202)</visible>
					</control>
					<control type="image">
						<left>6</left>
						<top>6</top>
						<width>240</width>
						<height>60</height>
						<texture background="true">$INFO[ListItem.Property(Art(banner))]</texture>
						<visible>String.IsEqual(Window(home).Property(TVGuide.ThumbType),1)</visible>
					</control>
					<control type="image">
						<left>6</left>
						<top>6</top>
						<width>240</width>
						<height>60</height>
						<texture background="true">$INFO[ListItem.Property(Path),,logo.png]</texture>
						<visible>String.IsEqual(Window(home).Property(TVGuide.ThumbType),2)</visible>
					</control>
					<control type="label">
						<left>126</left>
						<top>69</top>
						<width>240</width>
						<height>33</height>
						<label>$INFO[ListItem.Property(NextDate)]</label>
						<font>apptv20</font>
						<align>center</align>
						<visible>String.IsEqual(Window(home).Property(TVGuide.ThumbType),1) | String.IsEqual(Window(home).Property(TVGuide.ThumbType),2)</visible>
					</control>
					<control type="label">
						<left>126</left>
						<top>98</top>
						<width>240</width>
						<height>33</height>
						<label>$INFO[ListItem.Property(ShortTime)]</label>
						<font>apptv20</font>
						<align>center</align>
						<visible>String.IsEqual(Window(home).Property(TVGuide.ThumbType),1) | String.IsEqual(Window(home).Property(TVGuide.ThumbType),2)</visible>
					</control>
					<control type="image">
						<left>6</left>
						<top>8</top>
						<width>81</width>
						<height>120</height>
						<texture background="true">$INFO[ListItem.Property(Art(poster))]</texture>
						<visible>String.IsEqual(Window(home).Property(TVGuide.ThumbType),0)</visible>
					</control>
					<control type="label">
						<left>94</left>
						<top>42</top>
						<width>158</width>
						<height>33</height>
						<label>$INFO[ListItem.Property(NextDate)]</label>
						<font>apptv20</font>
						<visible>String.IsEqual(Window(home).Property(TVGuide.ThumbType),0)</visible>
					</control>
					<control type="label">
						<left>94</left>
						<top>81</top>
						<width>158</width>
						<height>33</height>
						<label>$INFO[ListItem.Property(ShortTime)]</label>
						<font>apptv20</font>
						<visible>String.IsEqual(Window(home).Property(TVGuide.ThumbType),0)</visible>
					</control>
					<control type="image">
						<left>267</left>
						<top>0</top>
						<width>6</width>
						<height>135</height>
						<texture>separator_vert.png</texture>
						<colordiffuse>99FFFFFF</colordiffuse>
					</control>
				</focusedlayout>
			</control>
		</control>
		<control type="group">
			<!-- Thursday -->
			<left>30</left>
			<top>510</top>
			<control type="image">
				<left>14</left>
				<top>0</top>
				<width>1230</width>
				<height>136</height>
				<texture border="3">epg-genres/0.png</texture>
				<colordiffuse>AFFFFFFF</colordiffuse>
			</control>
			<control type="image">
				<left>14</left>
				<top>0</top>
				<width>1230</width>
				<height>136</height>
				<texture border="3">epg-genres/112.png</texture>
				<colordiffuse>4FFFFFFF</colordiffuse>
				<visible>String.IsEqual(System.Date(ddd),$LOCALIZE[44])</visible>
			</control>
			<control type="image">
				<left>14</left>
				<top>0</top>
				<width>1227</width>
				<height>1</height>
				<texture>colours/white.png</texture>
				<colordiffuse>AFFFFFFF</colordiffuse>
			</control>
			<control type="label">
				<left>0</left>
				<top>0</top>
				<width>150</width>
				<height>45</height>
				<label>[B]$LOCALIZE[44][/B]</label>
				<align>right</align>
			</control>
			<control type="list" id="203">
				<left>162</left>
				<top>0</top>
				<width>1080</width>
				<height>135</height>
				<orientation>horizontal</orientation>
				<onleft>203</onleft>
				<onright>203</onright>
				<onup>202</onup>
				<ondown>204</ondown>
				<itemlayout width="270" height="135">
					<control type="image">
						<left>6</left>
						<top>6</top>
						<width>240</width>
						<height>60</height>
						<texture background="true">$INFO[ListItem.Property(Art(banner))]</texture>
						<visible>String.IsEqual(Window(home).Property(TVGuide.ThumbType),1)</visible>
					</control>
					<control type="image">
						<left>6</left>
						<top>6</top>
						<width>240</width>
						<height>60</height>
						<texture background="true">$INFO[ListItem.Property(Path),,logo.png]</texture>
						<visible>String.IsEqual(Window(home).Property(TVGuide.ThumbType),2)</visible>
					</control>
					<control type="label">
						<left>126</left>
						<top>69</top>
						<width>240</width>
						<height>33</height>
						<label>$INFO[ListItem.Property(NextDate)]</label>
						<font>apptv20</font>
						<align>center</align>
						<visible>String.IsEqual(Window(home).Property(TVGuide.ThumbType),1) | String.IsEqual(Window(home).Property(TVGuide.ThumbType),2)</visible>
					</control>
					<control type="label">
						<left>126</left>
						<top>98</top>
						<width>240</width>
						<height>33</height>
						<label>$INFO[ListItem.Property(ShortTime)]</label>
						<font>apptv20</font>
						<align>center</align>
						<visible>String.IsEqual(Window(home).Property(TVGuide.ThumbType),1) | String.IsEqual(Window(home).Property(TVGuide.ThumbType),2)</visible>
					</control>
					<control type="image">
						<left>6</left>
						<top>8</top>
						<width>81</width>
						<height>120</height>
						<texture background="true">$INFO[ListItem.Property(Art(poster))]</texture>
						<visible>String.IsEqual(Window(home).Property(TVGuide.ThumbType),0)</visible>
					</control>
					<control type="label">
						<left>94</left>
						<top>42</top>
						<width>158</width>
						<height>33</height>
						<label>$INFO[ListItem.Property(NextDate)]</label>
						<font>apptv20</font>
						<visible>String.IsEqual(Window(home).Property(TVGuide.ThumbType),0)</visible>
					</control>
					<control type="label">
						<left>94</left>
						<top>81</top>
						<width>158</width>
						<height>33</height>
						<label>$INFO[ListItem.Property(ShortTime)]</label>
						<font>apptv20</font>
						<visible>String.IsEqual(Window(home).Property(TVGuide.ThumbType),0)</visible>
					</control>
					<control type="image">
						<left>267</left>
						<top>0</top>
						<width>6</width>
						<height>135</height>
						<texture>separator_vert.png</texture>
						<colordiffuse>99FFFFFF</colordiffuse>
					</control>
				</itemlayout>
				<focusedlayout width="270" height="135">
					<control type="image">
						<left>-2</left>
						<top>0</top>
						<width>270</width>
						<height>135</height>
						<texture border="3">epg-genres/112.png</texture>
						<colordiffuse>9FFFFFFF</colordiffuse>
						<visible>Control.HasFocus(203)</visible>
					</control>
					<control type="image">
						<left>6</left>
						<top>6</top>
						<width>240</width>
						<height>60</height>
						<texture background="true">$INFO[ListItem.Property(Art(banner))]</texture>
						<visible>String.IsEqual(Window(home).Property(TVGuide.ThumbType),1)</visible>
					</control>
					<control type="image">
						<left>6</left>
						<top>6</top>
						<width>240</width>
						<height>60</height>
						<texture background="true">$INFO[ListItem.Property(Path),,logo.png]</texture>
						<visible>String.IsEqual(Window(home).Property(TVGuide.ThumbType),2)</visible>
					</control>
					<control type="label">
						<left>126</left>
						<top>69</top>
						<width>240</width>
						<height>33</height>
						<label>$INFO[ListItem.Property(NextDate)]</label>
						<font>apptv20</font>
						<align>center</align>
						<visible>String.IsEqual(Window(home).Property(TVGuide.ThumbType),1) | String.IsEqual(Window(home).Property(TVGuide.ThumbType),2)</visible>
					</control>
					<control type="label">
						<left>126</left>
						<top>98</top>
						<width>240</width>
						<height>33</height>
						<label>$INFO[ListItem.Property(ShortTime)]</label>
						<font>apptv20</font>
						<align>center</align>
						<visible>String.IsEqual(Window(home).Property(TVGuide.ThumbType),1) | String.IsEqual(Window(home).Property(TVGuide.ThumbType),2)</visible>
					</control>
					<control type="image">
						<left>6</left>
						<top>8</top>
						<width>81</width>
						<height>120</height>
						<texture background="true">$INFO[ListItem.Property(Art(poster))]</texture>
						<visible>String.IsEqual(Window(home).Property(TVGuide.ThumbType),0)</visible>
					</control>
					<control type="label">
						<left>94</left>
						<top>42</top>
						<width>158</width>
						<height>33</height>
						<label>$INFO[ListItem.Property(NextDate)]</label>
						<font>apptv20</font>
						<visible>String.IsEqual(Window(home).Property(TVGuide.ThumbType),0)</visible>
					</control>
					<control type="label">
						<left>94</left>
						<top>81</top>
						<width>158</width>
						<height>33</height>
						<label>$INFO[ListItem.Property(ShortTime)]</label>
						<font>apptv20</font>
						<visible>String.IsEqual(Window(home).Property(TVGuide.ThumbType),0)</visible>
					</control>
					<control type="image">
						<left>267</left>
						<top>0</top>
						<width>6</width>
						<height>135</height>
						<texture>separator_vert.png</texture>
						<colordiffuse>99FFFFFF</colordiffuse>
					</control>
				</focusedlayout>
			</control>
		</control>
		<control type="group">
			<!-- Friday -->
			<left>30</left>
			<top>645</top>
			<control type="image">
				<left>14</left>
				<top>0</top>
				<width>1230</width>
				<height>136</height>
				<texture border="3">epg-genres/0.png</texture>
				<colordiffuse>4FFFFFFF</colordiffuse>
			</control>
			<control type="image">
				<left>14</left>
				<top>0</top>
				<width>1230</width>
				<height>136</height>
				<texture border="3">epg-genres/112.png</texture>
				<colordiffuse>4FFFFFFF</colordiffuse>
				<visible>String.IsEqual(System.Date(ddd),$LOCALIZE[45])</visible>
			</control>
			<control type="image">
				<left>14</left>
				<top>0</top>
				<width>1227</width>
				<height>1</height>
				<texture>colours/white.png</texture>
				<colordiffuse>AFFFFFFF</colordiffuse>
			</control>
			<control type="label">
				<left>0</left>
				<top>0</top>
				<width>150</width>
				<height>45</height>
				<label>[B]$LOCALIZE[45][/B]</label>
				<align>right</align>
			</control>
			<control type="list" id="204">
				<left>162</left>
				<top>0</top>
				<width>1275</width>
				<height>135</height>
				<orientation>horizontal</orientation>
				<onup>203</onup>
				<ondown>205</ondown>
				<itemlayout width="255" height="135">
					<control type="image">
						<left>6</left>
						<top>6</top>
						<width>240</width>
						<height>60</height>
						<texture background="true">$INFO[ListItem.Property(Art(banner))]</texture>
						<visible>String.IsEqual(Window(home).Property(TVGuide.ThumbType),1)</visible>
					</control>
					<control type="image">
						<left>6</left>
						<top>6</top>
						<width>240</width>
						<height>60</height>
						<texture background="true">$INFO[ListItem.Property(Path),,logo.png]</texture>
						<visible>String.IsEqual(Window(home).Property(TVGuide.ThumbType),2)</visible>
					</control>
					<control type="label">
						<left>126</left>
						<top>69</top>
						<width>240</width>
						<height>33</height>
						<label>$INFO[ListItem.Property(NextDate)]</label>
						<font>apptv20</font>
						<align>center</align>
						<visible>String.IsEqual(Window(home).Property(TVGuide.ThumbType),1) | String.IsEqual(Window(home).Property(TVGuide.ThumbType),2)</visible>
					</control>
					<control type="label">
						<left>126</left>
						<top>98</top>
						<width>240</width>
						<height>33</height>
						<label>$INFO[ListItem.Property(ShortTime)]</label>
						<font>apptv20</font>
						<align>center</align>
						<visible>String.IsEqual(Window(home).Property(TVGuide.ThumbType),1) | String.IsEqual(Window(home).Property(TVGuide.ThumbType),2)</visible>
					</control>
					<control type="image">
						<left>6</left>
						<top>8</top>
						<width>81</width>
						<height>120</height>
						<texture background="true">$INFO[ListItem.Property(Art(poster))]</texture>
						<visible>String.IsEqual(Window(home).Property(TVGuide.ThumbType),0)</visible>
					</control>
					<control type="label">
						<left>94</left>
						<top>42</top>
						<width>158</width>
						<height>33</height>
						<label>$INFO[ListItem.Property(NextDate)]</label>
						<font>apptv20</font>
						<visible>String.IsEqual(Window(home).Property(TVGuide.ThumbType),0)</visible>
					</control>
					<control type="label">
						<left>94</left>
						<top>81</top>
						<width>158</width>
						<height>33</height>
						<label>$INFO[ListItem.Property(ShortTime)]</label>
						<font>apptv20</font>
						<visible>String.IsEqual(Window(home).Property(TVGuide.ThumbType),0)</visible>
					</control>
					<control type="image">
						<left>267</left>
						<top>0</top>
						<width>6</width>
						<height>135</height>
						<texture>separator_vert.png</texture>
						<colordiffuse>99FFFFFF</colordiffuse>
					</control>
				</itemlayout>
				<focusedlayout width="270" height="135">
					<control type="image">
						<left>-2</left>
						<top>0</top>
						<width>270</width>
						<height>135</height>
						<texture border="3">epg-genres/112.png</texture>
						<colordiffuse>9FFFFFFF</colordiffuse>
						<visible>Control.HasFocus(204)</visible>
					</control>
					<control type="image">
						<left>6</left>
						<top>6</top>
						<width>240</width>
						<height>60</height>
						<texture background="true">$INFO[ListItem.Property(Art(banner))]</texture>
						<visible>String.IsEqual(Window(home).Property(TVGuide.ThumbType),1)</visible>
					</control>
					<control type="image">
						<left>6</left>
						<top>6</top>
						<width>240</width>
						<height>60</height>
						<texture background="true">$INFO[ListItem.Property(Path),,logo.png]</texture>
						<visible>String.IsEqual(Window(home).Property(TVGuide.ThumbType),2)</visible>
					</control>
					<control type="label">
						<left>126</left>
						<top>69</top>
						<width>240</width>
						<height>33</height>
						<label>$INFO[ListItem.Property(NextDate)]</label>
						<font>apptv20</font>
						<align>center</align>
						<visible>String.IsEqual(Window(home).Property(TVGuide.ThumbType),1) | String.IsEqual(Window(home).Property(TVGuide.ThumbType),2)</visible>
					</control>
					<control type="label">
						<left>126</left>
						<top>98</top>
						<width>240</width>
						<height>33</height>
						<label>$INFO[ListItem.Property(ShortTime)]</label>
						<font>apptv20</font>
						<align>center</align>
						<visible>String.IsEqual(Window(home).Property(TVGuide.ThumbType),1) | String.IsEqual(Window(home).Property(TVGuide.ThumbType),2)</visible>
					</control>
					<control type="image">
						<left>6</left>
						<top>8</top>
						<width>81</width>
						<height>120</height>
						<texture background="true">$INFO[ListItem.Property(Art(poster))]</texture>
						<visible>String.IsEqual(Window(home).Property(TVGuide.ThumbType),0)</visible>
					</control>
					<control type="label">
						<left>94</left>
						<top>42</top>
						<width>158</width>
						<height>33</height>
						<label>$INFO[ListItem.Property(NextDate)]</label>
						<font>apptv20</font>
						<visible>String.IsEqual(Window(home).Property(TVGuide.ThumbType),0)</visible>
					</control>
					<control type="label">
						<left>94</left>
						<top>81</top>
						<width>158</width>
						<height>33</height>
						<label>$INFO[ListItem.Property(ShortTime)]</label>
						<font>apptv20</font>
						<visible>String.IsEqual(Window(home).Property(TVGuide.ThumbType),0)</visible>
					</control>
					<control type="image">
						<left>267</left>
						<top>0</top>
						<width>6</width>
						<height>135</height>
						<texture>separator_vert.png</texture>
						<colordiffuse>99FFFFFF</colordiffuse>
					</control>
				</focusedlayout>
			</control>
		</control>
		<control type="group">
			<!-- Saturday -->
			<left>30</left>
			<top>780</top>
			<control type="image">
				<left>14</left>
				<top>0</top>
				<width>1230</width>
				<height>136</height>
				<texture border="3">epg-genres/0.png</texture>
				<colordiffuse>AFFFFFFF</colordiffuse>
			</control>
			<control type="image">
				<left>14</left>
				<top>0</top>
				<width>1230</width>
				<height>136</height>
				<texture border="3">epg-genres/112.png</texture>
				<colordiffuse>4FFFFFFF</colordiffuse>
				<visible>String.IsEqual(System.Date(ddd),$LOCALIZE[46])</visible>
			</control>
			<control type="image">
				<left>14</left>
				<top>0</top>
				<width>1227</width>
				<height>1</height>
				<texture>colours/white.png</texture>
				<colordiffuse>AFFFFFFF</colordiffuse>
			</control>
			<control type="label">
				<left>0</left>
				<top>0</top>
				<width>150</width>
				<height>45</height>
				<label>[B]$LOCALIZE[46][/B]</label>
				<align>right</align>
			</control>
			<control type="list" id="205">
				<left>162</left>
				<top>0</top>
				<width>1080</width>
				<height>135</height>
				<orientation>horizontal</orientation>
				<onup>204</onup>
				<ondown>206</ondown>
				<itemlayout width="270" height="135">
					<control type="image">
						<left>6</left>
						<top>6</top>
						<width>240</width>
						<height>60</height>
						<texture background="true">$INFO[ListItem.Property(Art(banner))]</texture>
						<visible>String.IsEqual(Window(home).Property(TVGuide.ThumbType),1)</visible>
					</control>
					<control type="image">
						<left>6</left>
						<top>6</top>
						<width>240</width>
						<height>60</height>
						<texture background="true">$INFO[ListItem.Property(Path),,logo.png]</texture>
						<visible>String.IsEqual(Window(home).Property(TVGuide.ThumbType),2)</visible>
					</control>
					<control type="label">
						<left>126</left>
						<top>69</top>
						<width>240</width>
						<height>33</height>
						<label>$INFO[ListItem.Property(NextDate)]</label>
						<font>apptv20</font>
						<align>center</align>
						<visible>String.IsEqual(Window(home).Property(TVGuide.ThumbType),1) | String.IsEqual(Window(home).Property(TVGuide.ThumbType),2)</visible>
					</control>
					<control type="label">
						<left>126</left>
						<top>98</top>
						<width>240</width>
						<height>33</height>
						<label>$INFO[ListItem.Property(ShortTime)]</label>
						<font>apptv20</font>
						<align>center</align>
						<visible>String.IsEqual(Window(home).Property(TVGuide.ThumbType),1) | String.IsEqual(Window(home).Property(TVGuide.ThumbType),2)</visible>
					</control>
					<control type="image">
						<left>6</left>
						<top>8</top>
						<width>81</width>
						<height>120</height>
						<texture background="true">$INFO[ListItem.Property(Art(poster))]</texture>
						<visible>String.IsEqual(Window(home).Property(TVGuide.ThumbType),0)</visible>
					</control>
					<control type="label">
						<left>94</left>
						<top>42</top>
						<width>158</width>
						<height>33</height>
						<label>$INFO[ListItem.Property(NextDate)]</label>
						<font>apptv20</font>
						<visible>String.IsEqual(Window(home).Property(TVGuide.ThumbType),0)</visible>
					</control>
					<control type="label">
						<left>94</left>
						<top>81</top>
						<width>158</width>
						<height>33</height>
						<label>$INFO[ListItem.Property(ShortTime)]</label>
						<font>apptv20</font>
						<visible>String.IsEqual(Window(home).Property(TVGuide.ThumbType),0)</visible>
					</control>
					<control type="image">
						<left>267</left>
						<top>0</top>
						<width>6</width>
						<height>135</height>
						<texture>separator_vert.png</texture>
						<colordiffuse>99FFFFFF</colordiffuse>
					</control>
				</itemlayout>
				<focusedlayout width="270" height="135">
					<control type="image">
						<left>-2</left>
						<top>0</top>
						<width>270</width>
						<height>135</height>
						<texture border="3">epg-genres/112.png</texture>
						<colordiffuse>9FFFFFFF</colordiffuse>
						<visible>Control.HasFocus(205)</visible>
					</control>
					<control type="image">
						<left>6</left>
						<top>6</top>
						<width>240</width>
						<height>60</height>
						<texture background="true">$INFO[ListItem.Property(Art(banner))]</texture>
						<visible>String.IsEqual(Window(home).Property(TVGuide.ThumbType),1)</visible>
					</control>
					<control type="image">
						<left>6</left>
						<top>6</top>
						<width>240</width>
						<height>60</height>
						<texture background="true">$INFO[ListItem.Property(Path),,logo.png]</texture>
						<visible>String.IsEqual(Window(home).Property(TVGuide.ThumbType),2)</visible>
					</control>
					<control type="label">
						<left>126</left>
						<top>69</top>
						<width>240</width>
						<height>33</height>
						<label>$INFO[ListItem.Property(NextDate)]</label>
						<font>apptv20</font>
						<align>center</align>
						<visible>String.IsEqual(Window(home).Property(TVGuide.ThumbType),1) | String.IsEqual(Window(home).Property(TVGuide.ThumbType),2)</visible>
					</control>
					<control type="label">
						<left>126</left>
						<top>98</top>
						<width>240</width>
						<height>33</height>
						<label>$INFO[ListItem.Property(ShortTime)]</label>
						<font>apptv20</font>
						<align>center</align>
						<visible>String.IsEqual(Window(home).Property(TVGuide.ThumbType),1) | String.IsEqual(Window(home).Property(TVGuide.ThumbType),2)</visible>
					</control>
					<control type="image">
						<left>6</left>
						<top>8</top>
						<width>81</width>
						<height>120</height>
						<texture background="true">$INFO[ListItem.Property(Art(poster))]</texture>
						<visible>String.IsEqual(Window(home).Property(TVGuide.ThumbType),0)</visible>
					</control>
					<control type="label">
						<left>94</left>
						<top>42</top>
						<width>158</width>
						<height>33</height>
						<label>$INFO[ListItem.Property(NextDate)]</label>
						<font>apptv20</font>
						<visible>String.IsEqual(Window(home).Property(TVGuide.ThumbType),0)</visible>
					</control>
					<control type="label">
						<left>94</left>
						<top>81</top>
						<width>158</width>
						<height>33</height>
						<label>$INFO[ListItem.Property(ShortTime)]</label>
						<font>apptv20</font>
						<visible>String.IsEqual(Window(home).Property(TVGuide.ThumbType),0)</visible>
					</control>
					<control type="image">
						<left>267</left>
						<top>0</top>
						<width>6</width>
						<height>135</height>
						<texture>separator_vert.png</texture>
						<colordiffuse>99FFFFFF</colordiffuse>
					</control>
				</focusedlayout>
			</control>
		</control>
		<control type="group">
			<!-- Sunday -->
			<left>30</left>
			<top>915</top>
			<control type="image">
				<left>14</left>
				<top>0</top>
				<width>1230</width>
				<height>136</height>
				<texture border="3">epg-genres/0.png</texture>
				<colordiffuse>4FFFFFFF</colordiffuse>
			</control>
			<control type="image">
				<left>14</left>
				<top>0</top>
				<width>1230</width>
				<height>136</height>
				<texture border="3">epg-genres/112.png</texture>
				<colordiffuse>4FFFFFFF</colordiffuse>
				<visible>String.IsEqual(System.Date(ddd),$LOCALIZE[47])</visible>
			</control>
			<control type="image">
				<left>14</left>
				<top>0</top>
				<width>1227</width>
				<height>1</height>
				<texture>colours/white.png</texture>
				<colordiffuse>AFFFFFFF</colordiffuse>
			</control>
			<control type="label">
				<left>0</left>
				<top>0</top>
				<width>150</width>
				<height>45</height>
				<label>[B]$LOCALIZE[47][/B]</label>
				<align>right</align>
			</control>
			<control type="list" id="206">
				<left>162</left>
				<top>0</top>
				<width>1080</width>
				<height>135</height>
				<orientation>horizontal</orientation>
				<onup>205</onup>
				<ondown>200</ondown>
				<itemlayout width="270" height="135">
					<control type="image">
						<left>6</left>
						<top>6</top>
						<width>240</width>
						<height>60</height>
						<texture background="true">$INFO[ListItem.Property(Art(banner))]</texture>
						<visible>String.IsEqual(Window(home).Property(TVGuide.ThumbType),1)</visible>
					</control>
					<control type="image">
						<left>6</left>
						<top>6</top>
						<width>240</width>
						<height>60</height>
						<texture background="true">$INFO[ListItem.Property(Path),,logo.png]</texture>
						<visible>String.IsEqual(Window(home).Property(TVGuide.ThumbType),2)</visible>
					</control>
					<control type="label">
						<left>126</left>
						<top>69</top>
						<width>240</width>
						<height>33</height>
						<label>$INFO[ListItem.Property(NextDate)]</label>
						<font>apptv20</font>
						<align>center</align>
						<visible>String.IsEqual(Window(home).Property(TVGuide.ThumbType),1) | String.IsEqual(Window(home).Property(TVGuide.ThumbType),2)</visible>
					</control>
					<control type="label">
						<left>126</left>
						<top>98</top>
						<width>240</width>
						<height>33</height>
						<label>$INFO[ListItem.Property(ShortTime)]</label>
						<font>apptv20</font>
						<align>center</align>
						<visible>String.IsEqual(Window(home).Property(TVGuide.ThumbType),1) | String.IsEqual(Window(home).Property(TVGuide.ThumbType),2)</visible>
					</control>
					<control type="image">
						<left>6</left>
						<top>8</top>
						<width>81</width>
						<height>120</height>
						<texture background="true">$INFO[ListItem.Property(Art(poster))]</texture>
						<visible>String.IsEqual(Window(home).Property(TVGuide.ThumbType),0)</visible>
					</control>
					<control type="label">
						<left>94</left>
						<top>42</top>
						<width>158</width>
						<height>33</height>
						<label>$INFO[ListItem.Property(NextDate)]</label>
						<font>apptv20</font>
						<visible>String.IsEqual(Window(home).Property(TVGuide.ThumbType),0)</visible>
					</control>
					<control type="label">
						<left>94</left>
						<top>81</top>
						<width>158</width>
						<height>33</height>
						<label>$INFO[ListItem.Property(ShortTime)]</label>
						<font>apptv20</font>
						<visible>String.IsEqual(Window(home).Property(TVGuide.ThumbType),0)</visible>
					</control>
					<control type="image">
						<left>267</left>
						<top>0</top>
						<width>6</width>
						<height>135</height>
						<texture>separator_vert.png</texture>
						<colordiffuse>99FFFFFF</colordiffuse>
					</control>
				</itemlayout>
				<focusedlayout width="270" height="135">
					<control type="image">
						<left>-2</left>
						<top>0</top>
						<width>270</width>
						<height>135</height>
						<texture border="3">epg-genres/112.png</texture>
						<colordiffuse>9FFFFFFF</colordiffuse>
						<visible>Control.HasFocus(206)</visible>
					</control>
					<control type="image">
						<left>6</left>
						<top>6</top>
						<width>240</width>
						<height>60</height>
						<texture background="true">$INFO[ListItem.Property(Art(banner))]</texture>
						<visible>String.IsEqual(Window(home).Property(TVGuide.ThumbType),1)</visible>
					</control>
					<control type="image">
						<left>6</left>
						<top>6</top>
						<width>240</width>
						<height>60</height>
						<texture background="true">$INFO[ListItem.Property(Path),,logo.png]</texture>
						<visible>String.IsEqual(Window(home).Property(TVGuide.ThumbType),2)</visible>
					</control>
					<control type="label">
						<left>126</left>
						<top>69</top>
						<width>240</width>
						<height>33</height>
						<label>$INFO[ListItem.Property(NextDate)]</label>
						<font>apptv20</font>
						<align>center</align>
						<visible>String.IsEqual(Window(home).Property(TVGuide.ThumbType),1) | String.IsEqual(Window(home).Property(TVGuide.ThumbType),2)</visible>
					</control>
					<control type="label">
						<left>126</left>
						<top>98</top>
						<width>240</width>
						<height>33</height>
						<label>$INFO[ListItem.Property(ShortTime)]</label>
						<font>apptv20</font>
						<align>center</align>
						<visible>String.IsEqual(Window(home).Property(TVGuide.ThumbType),1) | String.IsEqual(Window(home).Property(TVGuide.ThumbType),2)</visible>
					</control>
					<control type="image">
						<left>6</left>
						<top>8</top>
						<width>81</width>
						<height>120</height>
						<texture background="true">$INFO[ListItem.Property(Art(poster))]</texture>
						<visible>String.IsEqual(Window(home).Property(TVGuide.ThumbType),0)</visible>
					</control>
					<control type="label">
						<left>94</left>
						<top>42</top>
						<width>158</width>
						<height>33</height>
						<label>$INFO[ListItem.Property(NextDate)]</label>
						<font>apptv20</font>
						<visible>String.IsEqual(Window(home).Property(TVGuide.ThumbType),0)</visible>
					</control>
					<control type="label">
						<left>94</left>
						<top>81</top>
						<width>158</width>
						<height>33</height>
						<label>$INFO[ListItem.Property(ShortTime)]</label>
						<font>apptv20</font>
						<visible>String.IsEqual(Window(home).Property(TVGuide.ThumbType),0)</visible>
					</control>
					<control type="image">
						<left>267</left>
						<top>0</top>
						<width>6</width>
						<height>135</height>
						<texture>separator_vert.png</texture>
						<colordiffuse>99FFFFFF</colordiffuse>
					</control>
				</focusedlayout>
			</control>
		</control>
		<control type="group">
			<!-- Next Aired Episode description -->
			<left>1275</left>
			<top>172</top>
			<control type="image">
				<left>0</left>
				<top>0</top>
				<width>705</width>
				<height>810</height>
				<texture border="3">epg-genres/0.png</texture>
				<colordiffuse>4F000000</colordiffuse>
			</control>
			<control type="group">
				<control type="image" id="7018">
					<!-- Next Aired Logo -->
					<left>114</left>
					<top>-38</top>
					<width>387</width>
					<height>150</height>
					<texture>$VAR[NextAiredImage3]</texture>
				</control>
				<control type="label">
					<!-- Next TVShow Title -->
					<left>0</left>
					<top>0</top>
					<width>615</width>
					<height>135</height>
					<label>$VAR[NextAiredLabel1]</label>
					<font>apptv30</font>
					<align>center</align>
					<wrapmultiline>true</wrapmultiline>
					<visible>String.IsEmpty(Control.GetLabel(7018))</visible>
				</control>
				<control type="image">
					<!-- Next Aired Poster -->
					<left>192</left>
					<top>142</top>
					<width>231</width>
					<height>330</height>
					<texture>$VAR[NextAiredImage1]</texture>
					<visible>String.IsEmpty(Window(home).Property(TVGuide.PreviewThumbs)) + [String.IsEqual(Window(home).Property(TVGuide.ThumbType),0) | String.IsEqual(Window(home).Property(TVGuide.ThumbType),2)]</visible>
				</control>
				<control type="image">
					<!-- Next Aired Banner -->
					<left>50</left>
					<top>210</top>
					<width>366</width>
					<height>68</height>
					<texture>$VAR[NextAiredImage5]</texture>
					<visible>String.IsEmpty(Window(home).Property(TVGuide.PreviewThumbs)) + String.IsEqual(Window(home).Property(TVGuide.ThumbType),1)</visible>
				</control>
				<control type="image">
					<!-- Next Aired Landscape Thumb -->
					<left>34</left>
					<top>150</top>
					<width>396</width>
					<height>255</height>
					<aspectratio>keep</aspectratio>
					<texture>$VAR[NextAiredImage2]</texture>
					<visible>!String.IsEmpty(Window(home).Property(TVGuide.PreviewThumbs))</visible>
				</control>
				<control type="label">
					<!-- Next Aired Episode Title -->
					<left>0</left>
					<top>495</top>
					<width>615</width>
					<height>135</height>
					<label>$VAR[NextAiredLabel2]</label>
					<align>center</align>
					<wrapmultiline>true</wrapmultiline>
				</control>
				<control type="label">
					<!-- Next Aired Run Time -->
					<left>0</left>
					<top>654</top>
					<width>615</width>
					<height>36</height>
					<label>$VAR[NextAiredLabel3]</label>
					<font>apptv23</font>
					<align>center</align>
					<wrapmultiline>true</wrapmultiline>
				</control>
				<control type="label">
					<!-- Next Aired Genre -->
					<left>0</left>
					<top>720</top>
					<width>615</width>
					<height>66</height>
					<label>$VAR[NextAiredLabel4]</label>
					<font>apptv22</font>
					<align>center</align>
					<wrapmultiline>true</wrapmultiline>
				</control>
				<control type="label">
					<!-- Next Aired Time and Date -->
					<left>0</left>
					<top>816</top>
					<width>615</width>
					<height>33</height>
					<label>$VAR[NextAiredLabel5]  $VAR[NextAiredLabel6]</label>
					<align>center</align>
					<wrapmultiline>true</wrapmultiline>
				</control>
			</control>
		</control>
		<control type="button" id="8">
			<left>-15</left>
			<top>-15</top>
			<width>1</width>
			<height>1</height>
		</control>
	</controls>
</window>