<?xml version="1.0" encoding="utf-8"?>
<window>
	<defaultcontrol always="true">9000</defaultcontrol>
	<onunload>ClearProperty(AdditionalInfo)</onunload>
	<controls>
		<include>background</include>
		<include>fullscreendummy</include>
		<control type="image">
			<!-- Actor cover-->
			<left>82</left>
			<top>120</top>
			<width>345</width>
			<height>534</height>
			<aspectratio scalediffuse="true">keep</aspectratio>
			<texture background="true" fallback="DefaultUser.png" diffuse="mask-rect.png">$INFO[Window.Property(thumb)]</texture>
		</control>
		<control type="group">
			<!-- Actor info -->
			<control type="grouplist">
				<left>510</left>
				<top>18</top>
				<width>auto</width>
				<height>50</height>
				<align>left</align>
				<aligny>top</aligny>
				<orientation>horizontal</orientation>
				<control type="label">
					<!-- Actor Name -->
					<width max="1200">auto</width>
					<height>50</height>
					<label>$INFO[Window.Property(Label)]</label>
					<font>apptv30</font>
					<wrapmultiline>true</wrapmultiline>
					<aligny>top</aligny>
				</control>
				<control type="label">
					<!-- Actor Age -->
					<top>21</top>
					<width max="180">auto</width>
					<height>57</height>
					<label>$INFO[Window.Property(Age),($ADDON[script.extendedinfo 32020]: ,)]</label>
					<font>apptv23</font>
					<textcolor>disabled-text</textcolor>
					<shadowcolor>shadow-text</shadowcolor>
				</control>
			</control>
			<control type="label">
				<!-- Actor born -->
				<left>510</left>
				<top>77</top>
				<width>1380</width>
				<height>33</height>
				<font>apptv22</font>
				<textcolor>disabled-text</textcolor>
				<shadowcolor>shadow-text</shadowcolor>
				<include condition="Skin.HasSetting(text-autoscroll)">scrolltext</include>
				<label>$INFO[Window.Property(PlaceOfBirth),$ADDON[script.extendedinfo 32014] ] $INFO[Window.Property(Birthday),(,)]</label>
				<visible>String.IsEmpty(Window.Property(Deathday))</visible>
			</control>
			<control type="label">
				<!-- Actor born/death -->
				<left>510</left>
				<top>77</top>
				<width>1380</width>
				<height>33</height>
				<font>apptv22</font>
				<textcolor>disabled-text</textcolor>
				<shadowcolor>shadow-text</shadowcolor>
				<include condition="Skin.HasSetting(text-autoscroll)">scrolltext</include>
				<label fallback="19055">$INFO[Window.Property(Birthday)]$INFO[Window.Property(Deathday), - ]</label>
				<visible>!String.IsEmpty(Window.Property(Deathday))</visible>
			</control>
			<control type="image">
				<left>510</left>
				<top>116</top>
				<width>1350</width>
				<height>6</height>
				<texture>separator.png</texture>
			</control>
			<control type="textbox" id="1622">
				<!-- Actor biography -->
				<left>510</left>
				<top>119</top>
				<width>1350</width>
				<height>284</height>
				<label fallback="19055">$INFO[Window.Property(Biography)]</label>
				<font>apptv20</font>
				<align>justify</align>
				<pagecontrol>1623</pagecontrol>
			</control>
			<control type="scrollbar" id="1623">
				<left>1875</left>
				<top>126</top>
				<width>18</width>
				<height>280</height>
				<onleft>9000</onleft>
				<onright>1005</onright>
				<onup>1005</onup>
				<ondown>9000</ondown>
				<animation condition="!Control.HasFocus(1623) + !Container.Scrolling + !String.IsEqual(Skin.String(show-scrollbar),$LOCALIZE[31875])" effect="fade" start="100" end="0" time="200" reversible="true">Conditional</animation>
				<visible>$EXP[isEnabledScrollbar]</visible>
			</control>
			<control type="image">
				<left>510</left>
				<top>418</top>
				<width>1350</width>
				<height>6</height>
				<texture>separator.png</texture>
			</control>
			<control type="label">
				<!-- Details heading -->
				<left>510</left>
				<top>430</top>
				<width>480</width>
				<height>33</height>
				<label>$LOCALIZE[31135]</label>
				<font>apptv22</font>
				<textcolor>disabled-text</textcolor>
				<shadowcolor>shadow-text</shadowcolor>
			</control>
			<control type="label">
				<left>510</left>
				<top>470</top>
				<width>480</width>
				<height>30</height>
				<font>apptv20</font>
				<label fallback="19055">$INFO[Container(150).NumItems,, $LOCALIZE[31026]] $INFO[Container(140).NumItems,(, $ADDON[script.extendedinfo 32021])]</label>
			</control>
		</control>
		<control type="grouplist" id="9000">
			<!-- Option buttons -->
			<left>540</left>
			<top>600</top>
			<width>1320</width>
			<height>144</height>
			<orientation>horizontal</orientation>
			<itemgap>22</itemgap>
			<align>center</align>
			<onleft>1010</onleft>
			<onright>1010</onright>
			<ondown condition="String.Contains(Window.Property(AdditionalInfo),localmedia) | String.IsEmpty(Window.Property(AdditionalInfo))">140</ondown>
			<ondown condition="String.Contains(Window.Property(AdditionalInfo),actormovies)">150</ondown>
			<ondown condition="String.Contains(Window.Property(AdditionalInfo),actorshows)">250</ondown>
			<ondown condition="String.Contains(Window.Property(AdditionalInfo),youtube)">350</ondown>
			<ondown condition="!Control.IsVisible(140) + !Control.IsVisible(150) + !Control.IsVisible(250) + !Control.IsVisible(350)">1010</ondown>
			<onup condition="Integer.IsGreater(Container(1622).NumPages,1)">1623</onup>
			<onup condition="Integer.IsLessOrEqual(Container(1622).NumPages,1)">1010</onup>
			<control type="button" id="998">
				<!-- Local media button -->
				<include>info-options-common</include>
				<label>$LOCALIZE[14022]</label>
				<texturefocus>button-info-plot-focus.png</texturefocus>
				<texturenofocus>button-info-plot.png</texturenofocus>
				<onclick>SetProperty(AdditionalInfo,localmedia)</onclick>
				<onclick>ClearProperty(ExtendedInfoTVShow,home)</onclick>
			</control>
			<control type="button" id="997">
				<!-- Movies button -->
				<include>info-options-common</include>
				<label>$ADDON[script.extendedinfo 32120]</label>
				<texturefocus>button-info-video-focus.png</texturefocus>
				<texturenofocus>button-info-video.png</texturenofocus>
				<onclick>SetProperty(AdditionalInfo,actormovies)</onclick>
				<onclick>ClearProperty(ExtendedInfoTVShow,home)</onclick>
				<visible>Integer.IsGreater(Container(150).NumItems,0)</visible>
			</control>
			<control type="button" id="996">
				<!-- TVShows button -->
				<include>info-options-common</include>
				<label>$ADDON[script.extendedinfo 32121]</label>
				<texturefocus>button-info-tv-focus.png</texturefocus>
				<texturenofocus>button-info-tv.png</texturenofocus>
				<onclick>SetProperty(AdditionalInfo,actorshows)</onclick>
				<onclick>SetProperty(ExtendedInfoTVShow,true,home)</onclick>
				<visible>Integer.IsGreater(Container(250).NumItems,0)</visible>
			</control>
			<control type="button" id="995">
				<!-- YouTube button -->
				<include>info-options-common</include>
				<label>$ADDON[script.extendedinfo 32118]</label>
				<texturefocus>button-info-trailer-focus.png</texturefocus>
				<texturenofocus>button-info-trailer.png</texturenofocus>
				<onclick>SetProperty(AdditionalInfo,youtube)</onclick>
				<onclick>ClearProperty(ExtendedInfoTVShow,home)</onclick>
				<visible>Integer.IsGreater(Container(350).NumItems,0)</visible>
			</control>
		</control>

		<control type="group" id="9010">
			<!-- local media -->
			<control type="group">
				<visible>String.Contains(Window.Property(AdditionalInfo),localmedia) | String.IsEmpty(Window.Property(AdditionalInfo))</visible>
				<control type="label">
					<left>30</left>
					<top>732</top>
					<height>30</height>
					<width>450</width>
					<label>$LOCALIZE[14022]</label>
					<font>apptv20</font>
					<align>right</align>
				</control>
				<control type="image">
					<left>510</left>
					<top>756</top>
					<width>1350</width>
					<height>6</height>
					<texture>separator.png</texture>
				</control>
				<control type="list" id="140">
					<left>15</left>
					<top>774</top>
					<width>1890</width>
					<height>300</height>
					<onleft>1015</onleft>
					<onright>1015</onright>
					<onup>9000</onup>
					<ondown>1015</ondown>
					<onclick>PlayMedia($INFO[ListItem.FileNameAndPath])</onclick>
					<onclick>Dialog.Close(all,true)</onclick>
					<onback>ClearProperty(AdditionalInfo)</onback>
					<viewtype label="31028">list</viewtype>
					<visible>String.Contains(Window.Property(AdditionalInfo),localmedia) | String.IsEmpty(Window.Property(AdditionalInfo))</visible>
					<orientation>horizontal</orientation>
					<itemlayout height="300" width="315">
						<control type="image">
							<left>72</left>
							<top>0</top>
							<width>171</width>
							<height>222</height>
							<aspectratio scalediffuse="true">keep</aspectratio>
							<texture diffuse="mask-rect.png" fallback="DefaultVideo.png" background="true">$INFO[ListItem.Icon]</texture>
						</control>
					</itemlayout>
					<focusedlayout height="300" width="315">
						<control type="image">
							<left>72</left>
							<top>0</top>
							<width>171</width>
							<height>222</height>
							<aspectratio scalediffuse="true">keep</aspectratio>
							<texture diffuse="mask-rect.png" fallback="DefaultVideo.png" background="true">$INFO[ListItem.Icon]</texture>
							<animation effect="zoom" start="100" end="104" center="auto" time="200" tween="back" easing="out" reversible="false">focus</animation>
						</control>
						<control type="textbox">
							<left>0</left>
							<top>226</top>
							<width>315</width>
							<height>74</height>
							<label>$INFO[ListItem.Label] [COLOR=disabled-text]$INFO[ListItem.Label2,(,)][/COLOR]</label>
							<font>apptv20</font>
							<align>center</align>
							<animation effect="fade" time="100" delay="200">Focus</animation>
							<visible>Control.HasFocus(140)</visible>
						</control>
					</focusedlayout>
					<content>plugin://script.skin.helper.service/?action=getcastmedia&amp;name=$INFO[Window.Property(Label)]</content>
				</control>
				<control type="group">
					<!-- Markers for control area items -->
					<include content="page-offscreen-horizontal">
						<param name="indicator1left" value="30"/>
						<param name="indicator1top" value="876"/>
						<param name="indicator2left" value="1866"/>
						<param name="indicator2top" value="876"/>
						<param name="indicatorsize" value="24"/>
						<param name="indicatorcontainer" value="140"/>
					</include>
				</control>
			</control>
			<!-- actor movies -->
			<control type="group">
				<visible>String.Contains(Window.Property(AdditionalInfo),actormovies)</visible>
				<control type="label">
					<left>30</left>
					<top>732</top>
					<height>30</height>
					<width>450</width>
					<label>$ADDON[script.extendedinfo 32120]</label>
					<font>apptv20</font>
					<align>right</align>
				</control>
				<control type="image">
					<left>510</left>
					<top>756</top>
					<width>1350</width>
					<height>6</height>
					<texture>separator.png</texture>
				</control>
				<control type="list" id="150">
					<left>15</left>
					<top>774</top>
					<width>1890</width>
					<height>300</height>
					<onleft>1020</onleft>
					<onright>1020</onright>
					<onup>9000</onup>
					<ondown>1020</ondown>
					<onback>ClearProperty(AdditionalInfo)</onback>
					<viewtype label="31028">list</viewtype>
					<visible allowhiddenfocus="true">String.Contains(Window.Property(AdditionalInfo),actormovies)</visible>
					<orientation>horizontal</orientation>
					<itemlayout height="300" width="315">
						<control type="image">
							<left>72</left>
							<top>0</top>
							<width>171</width>
							<height>222</height>
							<aspectratio scalediffuse="true">keep</aspectratio>
							<texture diffuse="mask-rect.png" fallback="DefaultVideo.png" background="true">$INFO[ListItem.Icon]</texture>
							<animation condition="$EXP[isEmptyDBID]" effect="fade" start="100" end="60">Conditional</animation>
						</control>
					</itemlayout>
					<focusedlayout height="300" width="315">
						<control type="image">
							<left>72</left>
							<top>0</top>
							<width>171</width>
							<height>222</height>
							<aspectratio scalediffuse="true">keep</aspectratio>
							<texture diffuse="mask-rect.png" fallback="DefaultVideo.png" background="true">$INFO[ListItem.Icon]</texture>
							<animation condition="$EXP[isEmptyDBID]" effect="fade" start="100" end="60">Conditional</animation>
							<animation effect="zoom" start="100" end="104" center="auto" time="200" tween="back" easing="out" reversible="false">focus</animation>
						</control>
						<control type="textbox">
							<left>0</left>
							<top>226</top>
							<width>315</width>
							<height>74</height>
							<label>$INFO[ListItem.Label]</label>
							<font>apptv20</font>
							<align>center</align>
							<animation effect="fade" time="100" delay="200">Focus</animation>
							<animation condition="$EXP[isEmptyDBID]" effect="fade" start="100" end="60">Conditional</animation>
							<visible>Control.HasFocus(150)</visible>
						</control>
					</focusedlayout>
				</control>
				<control type="group">
					<!-- Markers for control area items -->
					<include content="page-offscreen-horizontal">
						<param name="indicator1left" value="30"/>
						<param name="indicator1top" value="876"/>
						<param name="indicator2left" value="1866"/>
						<param name="indicator2top" value="876"/>
						<param name="indicatorsize" value="24"/>
						<param name="indicatorcontainer" value="150"/>
					</include>
				</control>
			</control>
			<!-- actor TVShows -->
			<control type="group">
				<visible>String.Contains(Window.Property(AdditionalInfo),actorshows)</visible>
				<control type="label">
					<left>30</left>
					<top>732</top>
					<height>30</height>
					<width>450</width>
					<label>$ADDON[script.extendedinfo 32121]</label>
					<font>apptv20</font>
					<align>right</align>
				</control>
				<control type="image">
					<left>510</left>
					<top>756</top>
					<width>1350</width>
					<height>6</height>
					<texture>separator.png</texture>
				</control> 
				<control type="list" id="250">
					<left>15</left>
					<top>774</top>
					<width>1890</width>
					<height>300</height>
					<onleft>1025</onleft>
					<onright>1025</onright>
					<onup>9000</onup>
					<ondown>1025</ondown>
					<onback>ClearProperty(AdditionalInfo)</onback>
					<viewtype label="31028">list</viewtype>
					<visible allowhiddenfocus="true">String.Contains(Window.Property(AdditionalInfo),actorshows)</visible>
					<orientation>horizontal</orientation>
					<itemlayout height="300" width="315">
						<control type="image">
							<left>72</left>
							<top>0</top>
							<width>171</width>
							<height>222</height>
							<aspectratio scalediffuse="true">keep</aspectratio>
							<texture diffuse="mask-rect.png" fallback="DefaultTVShows.png" background="true">$INFO[ListItem.Icon]</texture>
							<animation condition="$EXP[isEmptyDBID]" effect="fade" start="100" end="60">Conditional</animation>
						</control>
					</itemlayout>
					<focusedlayout height="312" width="315">
						<control type="image">
							<left>72</left>
							<top>0</top>
							<width>171</width>
							<height>222</height>
							<aspectratio scalediffuse="true">keep</aspectratio>
							<texture diffuse="mask-rect.png" fallback="DefaultTVShows.png" background="true">$INFO[ListItem.Icon]</texture>
							<animation effect="zoom" start="100" end="104" center="auto" time="200" tween="back" easing="out" reversible="false">focus</animation>
							<animation condition="$EXP[isEmptyDBID]" effect="fade" start="100" end="60">Conditional</animation>
						</control>
						<control type="textbox">
							<left>0</left>
							<top>226</top>
							<width>315</width>
							<height>74</height>
							<label>$INFO[ListItem.Label] [COLOR=disabled-text]$INFO[ListItem.Label2,(,)][/COLOR]</label>
							<font>apptv20</font>
							<align>center</align>
							<animation effect="fade" time="100" delay="200">Focus</animation>
							<animation condition="$EXP[isEmptyDBID]" effect="fade" start="100" end="60">Conditional</animation>
							<visible>Control.HasFocus(250)</visible>
						</control>
					</focusedlayout>
				</control>
				<control type="group">
					<!-- Markers for control area items -->
					<include content="page-offscreen-horizontal">
						<param name="indicator1left" value="30"/>
						<param name="indicator1top" value="876"/>
						<param name="indicator2left" value="1866"/>
						<param name="indicator2top" value="876"/>
						<param name="indicatorsize" value="24"/>
						<param name="indicatorcontainer" value="250"/>
					</include>
				</control>
			</control>
			<!-- youtube videos -->
			<control type="group">
				<visible>String.Contains(Window.Property(AdditionalInfo),youtube)</visible>
				<control type="label">
					<left>30</left>
					<top>732</top>
					<height>30</height>
					<width>450</width>
					<label>$ADDON[script.extendedinfo 32118]</label>
					<font>apptv20</font>
					<align>right</align>
				</control>
				<control type="image">
					<left>510</left>
					<top>756</top>
					<width>1350</width>
					<height>6</height>
					<texture>separator.png</texture>
				</control>
				<control type="list" id="350">
					<left>15</left>
					<top>774</top>
					<width>1890</width>
					<height>300</height>
					<onleft>1030</onleft>
					<onright>1030</onright>
					<onup>9000</onup>
					<ondown>1030</ondown>
					<onback>ClearProperty(AdditionalInfo)</onback>
					<viewtype label="31028">list</viewtype>
					<visible allowhiddenfocus="true">String.Contains(Window.Property(AdditionalInfo),youtube)</visible>
					<orientation>horizontal</orientation>
					<itemlayout height="300" width="315">
						<control type="image">
							<left>52</left>
							<top>10</top>
							<width>210</width>
							<height>210</height>
							<aspectratio scalediffuse="true">stretch</aspectratio>
							<texture diffuse="mask-squ.png" background="true">$INFO[ListItem.Icon]</texture>
						</control>
					</itemlayout>
					<focusedlayout height="300" width="315">
						<control type="image">
							<left>52</left>
							<top>10</top>
							<width>210</width>
							<height>210</height>
							<texture diffuse="mask-squ.png" background="true">$INFO[ListItem.Icon]</texture>
							<aspectratio scalediffuse="true">stretch</aspectratio>
							<animation effect="zoom" start="100" end="104" center="auto" time="200" tween="back" easing="out" reversible="false">focus</animation>
						</control>
						<control type="textbox">
							<left>0</left>
							<top>226</top>
							<width>315</width>
							<height>74</height>
							<label>$INFO[ListItem.Label] [COLOR=disabled-text]$INFO[ListItem.Label2,(,)][/COLOR]</label>
							<font>apptv20</font>
							<align>center</align>
							<animation effect="fade" time="100" delay="200">Focus</animation>
							<visible>Control.HasFocus(350)</visible>
						</control>
					</focusedlayout>
				</control>
				<control type="group">
					<!-- Markers for control area items -->
					<include content="page-offscreen-horizontal">
						<param name="indicator1left" value="30"/>
						<param name="indicator1top" value="876"/>
						<param name="indicator2left" value="1866"/>
						<param name="indicator2top" value="876"/>
						<param name="indicatorsize" value="24"/>
						<param name="indicatorcontainer" value="350"/>
					</include>
				</control>
			</control>

			<!-- Unsupported widget lists -->
			<include content="unsupported-widget">
				<param name="controlid" value="450" />
			</include>
			<include content="unsupported-widget">
				<param name="controlid" value="550" />
			</include>
			<include content="unsupported-widget">
				<param name="controlid" value="650" />
			</include>
			<include content="unsupported-widget">
				<param name="controlid" value="750" />
			</include>
		</control>

		<!-- Play bump sound if user tries to leave artist description scrollbar by undefined direction -->
		<include content="illegal-action">
			<param name="controlid" value="1005" />
			<param name="returnid" value="1623" />
		</include>
		<!-- Play bump sound if user tries to leave button bar by undefined direction -->
		<include content="illegal-action">
			<param name="controlid" value="1010" />
			<param name="returnid" value="9000" />
		</include>
		<!-- Play bump sound if user tries to leave library widget by undefined direction -->
		<include content="illegal-action">
			<param name="controlid" value="1015" />
			<param name="returnid" value="140" />
		</include>
		<!-- Play bump sound if user tries to leave movie roles widget by undefined direction -->
		<include content="illegal-action">
			<param name="controlid" value="1020" />
			<param name="returnid" value="150" />
		</include>
		<!-- Play bump sound if user tries to leave tvshows roles widget by undefined direction -->
		<include content="illegal-action">
			<param name="controlid" value="1025" />
			<param name="returnid" value="250" />
		</include>
		<!-- Play bump sound if user tries to leave youtube widget by undefined direction -->
		<include content="illegal-action">
			<param name="controlid" value="1030" />
			<param name="returnid" value="350" />
		</include>

		<!-- Show a iOS style page indicator to show which focus group has the current focus -->
		<!-- Focus group can be hidden or shown but is potentially focusable, that is it has not be disabled -->
		<control type="group">
			<include content="page-indicator">
				<param name="indicatorleft" value="10" />
				<param name="indicatortop" value="500" />
				<param name="indicatorwidth" value="48" />
				<param name="indicatorheight" value="192" />
				<param name="indicatororientation" value="vertical" />
				<param name="grp1indicate" value="Control.HasFocus(1623)" />
				<param name="grp1visible" value="!String.IsEqual(Skin.String(show-scrollbar),$LOCALIZE[31875])+Integer.IsGreater(Container(1622).NumPages,1)" />
				<param name="grp2indicate" value="ControlGroup(9000).HasFocus()|Control.HasFocus(3550)" />
				<param name="grp2visible" value="[Control.IsVisible(140)|Control.IsVisible(150)|Control.IsVisible(250)|Control.IsVisible(350)]|[!Skin.HasSetting(lock-screensettings)|!String.IsEqual(Skin.String(show-scrollbar),$LOCALIZE[31877])]" />
				<param name="grp3indicate" value="Control.HasFocus(140)|Control.HasFocus(150)|Control.HasFocus(250)|Control.HasFocus(350)" />
				<param name="grp3visible" value="Control.IsVisible(140)|Control.IsVisible(150)|Control.IsVisible(250)|Control.IsVisible(350)" />
			</include>
		</control>
	</controls>
</window>