<?xml version="1.0" encoding="utf-8"?>
<window>
	<defaultcontrol always="true">9000</defaultcontrol>
	<controls>
		<include>background</include>
		<include>fake-overlay</include>
		<control type="label">
			<!-- Screen heading -->
			<left>1419</left>
			<top>75</top>
			<width>465</width>
			<height>48</height>
			<label>$LOCALIZE[31559]</label>
			<font>apptv30</font>
		</control>
		<control type="grouplist" id="9000">
			<!-- Main menu -->
			<left>1410</left>
			<top>168</top>
			<width>458</width>
			<height>600</height>
			<itemgap>0</itemgap>
			<control type="button" id="95">
				<!-- Summary -->
				<width>458</width>
				<height>75</height>
				<label>$LOCALIZE[128]</label>
				<font>apptv22</font>
			</control>
			<control type="button" id="94">
				<!-- Storage info -->
				<width>458</width>
				<height>75</height>
				<label>$LOCALIZE[13277]</label>
				<font>apptv22</font>
			</control>
			<control type="button" id="96">
				<!-- Network info -->
				<width>458</width>
				<height>75</height>
				<label>$LOCALIZE[13279]</label>
				<font>apptv22</font>
			</control>
			<control type="button" id="97">
				<!-- Video info -->
				<width>458</width>
				<height>75</height>
				<label>$LOCALIZE[13280]</label>
				<font>apptv22</font>
			</control>
			<control type="button" id="98">
				<!-- Hardware info -->
				<width>458</width>
				<height>75</height>
				<label>$LOCALIZE[13281]</label>
				<font>apptv22</font>
			</control>
			<control type="button" id="99">
				<!-- PVR info -->
				<width>458</width>
				<height>75</height>
				<label>$LOCALIZE[19191]</label>
				<font>apptv22</font>
				<visible>System.HasPVR</visible>
			</control>
			<control type="button" id="100">
				<!-- Privacy policy info -->
				<width>458</width>
				<height>75</height>
				<label>$LOCALIZE[12389]</label>
				<font>apptv22</font>
				<onleft>60</onleft>
			</control>
			<control type="button" id="101">
				<!-- Skin info -->
				<width>458</width>
				<height>75</height>
				<label>$LOCALIZE[166]</label>
				<font>apptv22</font>
			</control>
		</control>
		<control type="textbox" id="30">
			<left>51</left>
			<top>168</top>
			<width>1335</width>
			<height>814</height>
			<pagecontrol>60</pagecontrol>
			<font>apptv20</font>
			<visible>!Control.HasFocus(101)</visible>
		</control>
		<control type="scrollbar" id="60">
			<left>16</left>
			<top>165</top>
			<width>18</width>
			<height>825</height>
			<onright>9000</onright>
			<orientation>vertical</orientation>
			<visible>Control.IsVisible(30)</visible>
		</control>
		<control type="grouplist">
			<left>51</left>
			<top>168</top>
			<width>1335</width>
			<height>825</height>
			<visible>!Control.HasFocus(100) + !Control.HasFocus(101)</visible>
			<control type="label" id="2">
				<width>1335</width>
				<height>75</height>
				<font>apptv22</font>
				<wrapmultiline>true</wrapmultiline>
			</control>
			<control type="label" id="3">
				<width>1335</width>
				<height>75</height>
				<font>apptv22</font>
				<wrapmultiline>true</wrapmultiline>
			</control>
			<control type="label" id="4">
				<width>1335</width>
				<height>75</height>
				<font>apptv22</font>
				<wrapmultiline>true</wrapmultiline>
			</control>
			<control type="label" id="5">
				<width>1335</width>
				<height>75</height>
				<font>apptv22</font>
				<wrapmultiline>true</wrapmultiline>
			</control>
			<control type="label" id="6">
				<width>1335</width>
				<height>75</height>
				<font>apptv22</font>
				<wrapmultiline>true</wrapmultiline>
			</control>
			<control type="label" id="7">
				<width>1335</width>
				<height>75</height>
				<font>apptv22</font>
				<wrapmultiline>true</wrapmultiline>
			</control>
			<control type="label" id="8">
				<width>1335</width>
				<height>75</height>
				<font>apptv22</font>
				<wrapmultiline>true</wrapmultiline>
			</control>
			<control type="label" id="9">
				<width>1335</width>
				<height>75</height>
				<font>apptv22</font>
				<wrapmultiline>true</wrapmultiline>
			</control>
			<control type="label" id="10">
				<width>1335</width>
				<height>75</height>
				<font>apptv22</font>
				<wrapmultiline>true</wrapmultiline>
			</control>
			<control type="label" id="11">
				<width>1335</width>
				<height>75</height>
				<font>apptv22</font>
				<wrapmultiline>true</wrapmultiline>
			</control>
		</control>
		<control type="grouplist">
			<left>51</left>
			<top>168</top>
			<width>1335</width>
			<height>450</height>
			<visible>!Control.HasFocus(100) + Control.HasFocus(101)</visible>
			<control type="label">
				<!-- Skin version -->
				<width>1335</width>
				<height>75</height>
				<label>$LOCALIZE[31563] $INFO[System.AddonTitle(skin.apptv)] $INFO[System.AddonVersion(skin.apptv)]</label>
				<font>apptv22</font>
			</control>
			<control type="label">
				<!-- Current theme -->
				<width>1335</width>
				<height>75</height>
				<label>$LOCALIZE[31564] $INFO[Skin.CurrentTheme]</label>
				<font>apptv22</font>
			</control>
			<control type="label">
				<!-- Current font -->
				<width>1335</width>
				<height>75</height>
				<label>$LOCALIZE[22030]: $INFO[Skin.Font]</label>
				<font>apptv22</font>
			</control>
			<control type="label">
				<!-- Screen mode -->
				<width>1335</width>
				<height>75</height>
				<label>$LOCALIZE[31565] $INFO[System.ScreenMode]</label>
				<font>apptv22</font>
			</control>
			<control type="label">
				<!-- Platform system is running on -->
				<width>1335</width>
				<height>75</height>
				<label>$VAR[SystemPlatform]</label>
				<font>apptv22</font>
			</control>
		</control>
		<control type="label">
			<!-- Kodi build version and date -->
			<left>51</left>
			<top>1020</top>
			<width>1818</width>
			<height>33</height>
			<label>$INFO[System.BuildVersion,$LOCALIZE[144] ,] $INFO[System.BuildDate,(,)]</label>
			<font>apptv22</font>
		</control>
	</controls>
</window>