<?xml version="1.0" encoding="utf-8"?>
<window>
	<defaultcontrol>999</defaultcontrol>
	<coordinates>
		<left>398</left>
		<top>112</top>
	</coordinates>
	<controls>
		<control type="image">
			<!-- Dialog background -->
			<left>60</left>
			<top>0</top>
			<width>1178</width>
			<height>795</height>
			<texture colordiffuse="UnFocusedPosters" border="14">button-menu-background.png</texture>
			<visible>$EXP[isFullscreenVideo]</visible>
		</control>
		<control type="image">
			<!-- Dialog background -->
			<left>60</left>
			<top>0</top>
			<width>1178</width>
			<height>795</height>
			<texture border="14">button-menu-background.png</texture>
			<visible>$EXP[isnotFullscreenVideo]</visible>
		</control>
		<control type="label">
			<!-- Heading label -->
			<left>92</left>
			<top>6</top>
			<width>1114</width>
			<height>56</height>
			<align>center</align>
			<font>apptv23</font>
			<label>$LOCALIZE[298] ($INFO[Container(11).NumItems])</label>
		</control>
		<control type="button">
			<!-- Touch mouse close button -->
			<left>1206</left>
			<top>-15</top>
			<width>48</width>
			<height>48</height>
			<texturefocus>touch-close.png</texturefocus>
			<texturenofocus>touch-close.png</texturenofocus>
			<onclick>Dialog.Close(videobookmarks)</onclick>
			<visible>$EXP[isEnabledTouch]</visible>
		</control>
		<control type="image">
			<left>92</left>
			<top>63</top>
			<width>1114</width>
			<height>6</height>
			<texture>separator.png</texture>
		</control>
		<control type="panel" id="11">
			<left>135</left>
			<top>82</top>
			<width>960</width>
			<height>600</height>
			<onright condition="String.IsEqual(Skin.String(show-scrollbar),$LOCALIZE[31877])">noop</onright>
			<onright condition="!String.IsEqual(Skin.String(show-scrollbar),$LOCALIZE[31877])">23</onright>
			<ondown>999</ondown>
			<viewtype label="31943">icon</viewtype>
			<pagecontrol>23</pagecontrol>
			<itemlayout height="300" width="480">
				<control type="image">
					<left>22</left>
					<top>16</top>
					<width>418</width>
					<height>228</height>
					<texture background="true">$INFO[ListItem.Icon]</texture>
					<aspectratio>keep</aspectratio>
				</control>
				<control type="label">
					<left>21</left>
					<top>261</top>
					<width>420</width>
					<height>38</height>
					<font>apptv22</font>
					<align>center</align>
					<label>$INFO[ListItem.Label]</label>
				</control>
			</itemlayout>
			<focusedlayout height="300" width="480">
				<control type="image">
					<left>9</left>
					<top>3</top>
					<width>446</width>
					<height>255</height>
					<texture background="true">$INFO[ListItem.Icon]</texture>
					<aspectratio>keep</aspectratio>
					<bordertexture border="14">mask-hilite.png</bordertexture>
					<bordersize>14</bordersize>
				</control>
				<control type="label">
					<left>21</left>
					<top>261</top>
					<width>420</width>
					<height>38</height>
					<font>apptv22</font>
					<align>center</align>
					<label>$INFO[ListItem.Label]</label>
				</control>
			</focusedlayout>
		</control>
		<control type="scrollbar" id="23">
			<left>1128</left>
			<top>82</top>
			<width>18</width>
			<height>600</height>
			<ondown>999</ondown>
			<onleft>11</onleft>
			<animation condition="!Control.HasFocus(23) + !Container.Scrolling + !String.IsEqual(Skin.String(show-scrollbar),$LOCALIZE[31875])" effect="fade" start="100" end="0" time="200" reversible="true">Conditional</animation>
			<visible>$EXP[isEnabledScrollbar]</visible>
		</control>
		<control type="grouplist" id="999">
			<!-- Option buttons -->
			<left>87</left>
			<top>705</top>
			<width>1125</width>
			<height>69</height>
			<orientation>horizontal</orientation>
			<align>center</align>
			<onup>11</onup>
			<control type="button" id="2">
				<!-- Create Bookmark button -->
				<width>375</width>
				<height>69</height>
				<label>$LOCALIZE[294]</label>
				<font>apptv22</font>
				<textoffsetx>15</textoffsetx>
				<align>center</align>
			</control>
			<control type="button" id="3">
				<!-- Clear Bookmark button -->
				<width>375</width>
				<height>69</height>
				<label>$LOCALIZE[296]</label>
				<font>apptv22</font>
				<textoffsetx>15</textoffsetx>
				<align>center</align>
			</control>
			<control type="button" id="4">
				<!-- Set episode bookmark -->
				<width>375</width>
				<height>69</height>
				<label>$LOCALIZE[20406]</label>
				<font>apptv22</font>
				<textoffsetx>15</textoffsetx>
				<align>center</align>
				<visible>videoplayer.content(episodes)</visible>
			</control>
		</control>
	</controls>
</window>