<?xml version="1.0" encoding="utf-8"?>
<window>
	<defaultcontrol always="true">655</defaultcontrol>
	<controls>
		<visible>Player.HasMedia</visible>
		<control type="group">
			<animation effect="fade" start="100" end="0" time="200" condition="Window.IsVisible(sliderdialog) | Window.IsVisible(osdvideosettings) | Window.IsVisible(osdaudiosettings) | Window.IsVisible(videobookmarks)">conditional</animation>
			<include>player-mediaicon</include>
			<control type="group">
				<!-- Player info labels -->
				<control type="group" id="1">
					<visible>!VideoPlayer.Content(LiveTV)</visible>
					<control type="label" id="1">
						<left>342</left>
						<top>1032</top>
						<width>345</width>
						<height>30</height>
						<font>apptv20</font>
						<label>[COLOR=disabled-text]($INFO[System.Time])[/COLOR] $INFO[VideoPlayer.Time]</label>
						<align>right</align>
					</control>
					<control type="label" id="1">
						<left>1617</left>
						<top>1032</top>
						<width>345</width>
						<height>30</height>
						<font>apptv20</font>
						<label>-$INFO[VideoPlayer.TimeRemaining] [COLOR=disabled-text]($INFO[Player.FinishTime])[/COLOR]</label>
					</control>
				</control>
				<control type="group" id="1">
					<visible>VideoPlayer.Content(LiveTV)</visible>
					<control type="label" id="1">
						<left>342</left>
						<top>1032</top>
						<width>345</width>
						<height>30</height>
						<font>apptv20</font>
						<label>[COLOR=disabled-text]($INFO[System.Time])[/COLOR] $INFO[PVR.EpgEventElapsedTime]</label>
						<align>right</align>
					</control>
					<control type="label" id="1">
						<left>1617</left>
						<top>1032</top>
						<width>345</width>
						<height>30</height>
						<font>apptv20</font>
						<label>-$INFO[PVR.EpgEventRemainingTime] [COLOR=disabled-text]($INFO[PVR.EpgEventFinishTime])[/COLOR]</label>
					</control>
				</control>
				<control type="group">
					<visible>![Window.IsVisible(seekbar)]</visible>
					<control type="group" id="1">
						<visible>!VideoPlayer.Content(LiveTV)</visible>
						<control type="progress" id="1">
							<left>717</left>
							<top>1040</top>
							<width>870</width>
							<height>18</height>
							<info>Player.ProgressCache</info>
							<colordiffuse>CacheBarColor</colordiffuse>
						</control>
						<control type="progress" id="1">
							<left>717</left>
							<top>1040</top>
							<width>870</width>
							<height>18</height>
							<info>Player.Progress</info>
						</control>
						<control type="slider" id="690">
							<!-- Seek Slider -->
							<left>717</left>
							<top>1040</top>
							<width>870</width>
							<height>18</height>
							<action>seek</action>
							<onup>650</onup>
						</control>
					</control>
					<control type="progress" id="1">
						<left>717</left>
						<top>1040</top>
						<width>870</width>
						<height>18</height>
						<info>PVR.EpgEventProgress</info>
						<visible>VideoPlayer.Content(LiveTV)</visible>
					</control>
					<control type="slider" id="691">
						<!-- Seek Slider -->
						<left>717</left>
						<top>1040</top>
						<width>870</width>
						<height>18</height>
						<info>PVR.TimeshiftProgressPlayPos</info>
						<action>pvr.seek</action>
						<onup>650</onup>
						<visible>VideoPlayer.Content(LiveTV)</visible>
					</control>
				</control>
			</control>
			<control type="grouplist" id="620">
				<!-- Play group OSD Buttons -->
				<left>1076</left>
				<top>902</top>
				<width>138</width>
				<height>64</height>
				<itemgap>3</itemgap>
				<orientation>horizontal</orientation>
				<align>center</align>
				<ondown>650</ondown>
				<visible>Control.HasFocus(655) | ControlGroup(620).HasFocus()</visible>
				<control type="button" id="621">
					<!-- Tempo down -->
					<width>64</width>
					<height>64</height>
					<texturefocus>osd-btn-tempodown-focus.png</texturefocus>
					<texturenofocus>osd-btn-tempodown.png</texturenofocus>
					<onclick>PlayerControl(tempodown)</onclick>
					<include>focus-zoom</include>
					<visible>Player.TempoEnabled</visible>
				</control>
				<control type="button" id="622">
					<!-- Tempo up -->
					<width>64</width>
					<height>64</height>
					<texturefocus>osd-btn-tempoup-focus.png</texturefocus>
					<texturenofocus>osd-btn-tempoup.png</texturenofocus>
					<onclick>PlayerControl(tempoup)</onclick>
					<include>focus-zoom</include>
					<visible>Player.TempoEnabled</visible>
				</control>
			</control>
			<control type="grouplist" id="630">
				<!-- Settings group OSD Buttons -->
				<left>774</left>
				<top>902</top>
				<width>384</width>
				<height>64</height>
				<defaultcontrol always="true">635</defaultcontrol>
				<itemgap>6</itemgap>
				<orientation>horizontal</orientation>
				<align>center</align>
				<ondown>650</ondown>
				<visible>Control.HasFocus(652) | ControlGroup(630).HasFocus()</visible>
				<control type="button" id="631">
					<!-- Colour management Menu -->
					<width>64</width>
					<height>64</height>
					<texturefocus>osd-btn-cms-focus.png</texturefocus>
					<texturenofocus>osd-btn-cms.png</texturenofocus>
					<onclick>ActivateWindow(osdcmssettings)</onclick>
					<include>focus-zoom</include>
					<visible>System.HasCMS</visible>
				</control>
				<control type="button" id="632">
					<!-- 3D Menu -->
					<width>64</width>
					<height>64</height>
					<texturefocus>osd-btn-3D-focus.png</texturefocus>
					<texturenofocus>osd-btn-3D.png</texturenofocus>
					<onclick>ActivateWindow(1151)</onclick>
					<onclick>RunScript(script.skin.helper.service,action=setskinsetting,setting=libraryentry-radio-val,header=$LOCALIZE[31561])</onclick>
					<include>focus-zoom</include>
					<visible>VideoPlayer.IsStereoscopic</visible>
				</control>
				<control type="button" id="633">
					<!-- Subtitles Menu -->
					<width>64</width>
					<height>64</height>
					<texturenofocus>osd-btn-subtitle.png</texturenofocus>
					<texturefocus>osd-btn-subtitle-focus.png</texturefocus>
					<onclick>ActivateWindow(osdsubtitlesettings)</onclick>
					<include>focus-zoom</include>
					<visible>Player.HasVideo</visible>
				</control>
				<control type="button" id="635">
					<!-- Audio Menu -->
					<width>64</width>
					<height>64</height>
					<texturefocus>osd-btn-audio-focus.png</texturefocus>
					<texturenofocus>osd-btn-audio.png</texturenofocus>
					<onclick>ActivateWindow(osdaudiosettings)</onclick>
					<include>focus-zoom</include>
				</control>
				<control type="button" id="636">
					<!-- Video Menu -->
					<width>64</width>
					<height>64</height>
					<texturefocus>osd-btn-video-focus.png</texturefocus>
					<texturenofocus>osd-btn-video.png</texturenofocus>
					<onclick>ActivateWindow(osdvideosettings)</onclick>
					<include>focus-zoom</include>
					<visible>Player.HasVideo</visible>
				</control>
				<control type="button" id="637">
					<!-- Teletext -->
					<width>64</width>
					<height>64</height>
					<texturenofocus>osd-btn-teletext.png</texturenofocus>
					<texturefocus>osd-btn-teletext-focus.png</texturefocus>
					<onclick>Dialog.Close(VideoOSD)</onclick>
					<onclick>ActivateWindow(Teletext)</onclick>
					<include>focus-zoom</include>
					<visible>VideoPlayer.HasTeletext</visible>
				</control>
			</control>
			<control type="grouplist" id="640">
				<!-- Back group OSD buttons -->
				<left>1012</left>
				<top>902</top>
				<width>138</width>
				<height>64</height>
				<itemgap>6</itemgap>
				<orientation>horizontal</orientation>
				<align>center</align>
				<ondown>650</ondown>
				<visible>Control.HasFocus(654) | ControlGroup(640).HasFocus()</visible>
				<control type="button" id="642">
					<!-- Skip Bwd -->
					<width>64</width>
					<height>64</height>
					<texturefocus>osd-btn-skipback-focus.png</texturefocus>
					<texturenofocus>osd-btn-skipback.png</texturenofocus>
					<onclick>PlayerControl(Previous)</onclick>
					<include>focus-zoom</include>
				</control>
			</control>
			<control type="grouplist" id="650">
				<!-- Default group OSD buttons -->
				<left>858</left>
				<top>968</top>
				<width>576</width>
				<height>64</height>
				<itemgap>6</itemgap>
				<orientation>horizontal</orientation>
				<align>center</align>
				<ondown condition="!VideoPlayer.Content(LiveTV)">690</ondown>
				<ondown condition="VideoPlayer.Content(LiveTV)">691</ondown>
				<control type="button" id="651">
					<!-- Fullscreen -->
					<width>64</width>
					<height>64</height>
					<texturefocus>osd-btn-zoom-focus.png</texturefocus>
					<texturenofocus>osd-btn-zoom.png</texturenofocus>
					<onclick>Close</onclick>
					<onclick>FullScreen</onclick>
					<include>focus-zoom</include>
				</control>
				<control type="button" id="652">
					<!-- Settings -->
					<width>64</width>
					<height>64</height>
					<texturefocus>osd-btn-setting-focus.png</texturefocus>
					<texturenofocus>osd-btn-setting.png</texturenofocus>
					<onclick>SetFocus(630)</onclick>
					<onup>630</onup>
					<include>focus-zoom</include>
				</control>
				<control type="image" id="653">
					<!-- Dummy -->
					<width>32</width>
					<height>64</height>
					<texture>blank.png</texture>
				</control>
				<control type="button" id="654">
					<!-- Rewind -->
					<width>64</width>
					<height>64</height>
					<texturefocus>osd-btn-rewind-focus.png</texturefocus>
					<texturenofocus>osd-btn-rewind.png</texturenofocus>
					<onclick>PlayerControl(Rewind)</onclick>
					<onup>SetFocus(640)</onup>
					<include>focus-zoom</include>
				</control>
				<control type="togglebutton" id="655">
					<!-- Play -->
					<width>64</width>
					<height>64</height>
					<texturefocus>osd-btn-pause-focus.png</texturefocus>
					<texturenofocus>osd-btn-pause.png</texturenofocus>
					<usealttexture>Player.Paused | Player.Forwarding | Player.Rewinding</usealttexture>
					<alttexturefocus>osd-btn-play-focus.png</alttexturefocus>
					<alttexturenofocus>osd-btn-play.png</alttexturenofocus>
					<onclick>PlayerControl(Play)</onclick>
					<onup>SetFocus(620)</onup>
					<include>focus-zoom</include>
				</control>
				<control type="button" id="656">
					<!-- Stop -->
					<width>64</width>
					<height>64</height>
					<texturefocus>osd-btn-stop-focus.png</texturefocus>
					<texturenofocus>osd-btn-stop.png</texturenofocus>
					<onclick>PlayerControl(Stop)</onclick>
					<include>focus-zoom</include>
				</control>
				<control type="button" id="657">
					<!-- Fast Forward -->
					<width>64</width>
					<height>64</height>
					<texturefocus>osd-btn-fastfwd-focus.png</texturefocus>
					<texturenofocus>osd-btn-fastfwd.png</texturenofocus>
					<onclick>PlayerControl(Forward)</onclick>
					<onup>SetFocus(660)</onup>
					<include>focus-zoom</include>
				</control>
				<control type="image" id="658">
					<!-- Dummy -->
					<width>32</width>
					<height>64</height>
					<texture>blank.png</texture>
				</control>
				<control type="button" id="659">
					<!-- More options -->
					<width>64</width>
					<height>64</height>
					<texturefocus>osd-btn-more-focus.png</texturefocus>
					<texturenofocus>osd-btn-more.png</texturenofocus>
					<onclick>SetFocus(670)</onclick>
					<onup>SetFocus(670)</onup>
					<include>focus-zoom</include>
				</control>
			</control>
			<control type="grouplist" id="660">
				<!-- Forward group OSD Button -->
				<left>1214</left>
				<top>902</top>
				<width>138</width>
				<height>64</height>
				<itemgap>6</itemgap>
				<orientation>horizontal</orientation>
				<align>center</align>
				<ondown>650</ondown>
				<visible>Control.HasFocus(657) | ControlGroup(660).HasFocus()</visible>
				<control type="button" id="662">
					<!-- Skip Fwd -->
					<width>64</width>
					<height>64</height>
					<texturefocus>osd-btn-skipfwd-focus.png</texturefocus>
					<texturenofocus>osd-btn-skipfwd.png</texturenofocus>
					<onclick>PlayerControl(Next)</onclick>
					<include>focus-zoom</include>
				</control>
			</control>
			<control type="grouplist" id="670">
				<!-- More group OSD Buttons -->
				<left>1012</left>
				<top>902</top>
				<width>768</width>
				<height>64</height>
				<itemgap>6</itemgap>
				<defaultcontrol always="true">678</defaultcontrol>
				<orientation>horizontal</orientation>
				<align>center</align>
				<ondown>650</ondown>
				<visible>Control.HasFocus(659) | ControlGroup(670).HasFocus()</visible>
				<control type="button" id="671">
					<!-- DVD Menu -->
					<width>64</width>
					<height>64</height>
					<texturefocus>osd-btn-dvdmenu-focus.png</texturefocus>
					<texturenofocus>osd-btn-dvdmenu.png</texturenofocus>
					<onclick>PlayerControl(ShowVideoMenu)</onclick>
					<include>focus-zoom</include>
					<visible>!VideoPlayer.Content(LiveTV) + VideoPlayer.HasMenu</visible>
				</control>
				<control type="button" id="672">
					<!-- Eject Disk -->
					<width>64</width>
					<height>64</height>
					<texturefocus>osd-btn-eject-focus.png</texturefocus>
					<texturenofocus>osd-btn-eject.png</texturenofocus>
					<onclick>EjectTray()</onclick>
					<onclick>SetFocus(1115)</onclick>
					<include>focus-zoom</include>
					<visible>System.HasMediadvd</visible>
				</control>
				<control type="button" id="673">
					<!-- Bookmarks menu -->
					<width>64</width>
					<height>64</height>
					<texturefocus>osd-btn-bookmark-focus.png</texturefocus>
					<texturenofocus>osd-btn-bookmark.png</texturenofocus>
					<onclick>ActivateWindow(videobookmarks)</onclick>
					<include>focus-zoom</include>
					<visible>!VideoPlayer.Content(LiveTV)</visible>
				</control>
				<control type="button" id="674">
					<!-- Playlist -->
					<width>64</width>
					<height>64</height>
					<texturefocus>osd-btn-playlist-focus.png</texturefocus>
					<texturenofocus>osd-btn-playlist.png</texturenofocus>
					<onclick>ActivateWindow(videoplaylist)</onclick>
					<include>focus-zoom</include>
					<visible>!VideoPlayer.Content(LiveTV)</visible>
				</control>
				<control type="button" id="675">
					<!-- Channel Up -->
					<width>64</width>
					<height>64</height>
					<texturefocus>osd-btn-channelup-focus.png</texturefocus>
					<texturenofocus>osd-btn-channelup.png</texturenofocus>
					<onclick>ChannelUp</onclick>
					<include>focus-zoom</include>
					<visible>VideoPlayer.Content(LiveTV)</visible>
				</control>
				<control type="button" id="676">
					<!-- Channel Down -->
					<width>64</width>
					<height>64</height>
					<texturefocus>osd-btn-channeldown-focus.png</texturefocus>
					<texturenofocus>osd-btn-channeldown.png</texturenofocus>
					<onclick>ChannelDown</onclick>
					<include>focus-zoom</include>
					<visible>VideoPlayer.Content(LiveTV)</visible>
				</control>
				<control type="togglebutton" id="677">
					<!-- Record -->
					<width>64</width>
					<height>64</height>
					<texturefocus>osd-btn-rec-focus.png</texturefocus>
					<texturenofocus>osd-btn-rec.png</texturenofocus>
					<usealttexture>PVR.CanRecordPlayingChannel + PVR.IsRecordingPlayingChannel</usealttexture>
					<alttexturefocus>osd-btn-rec-recording-focus.png</alttexturefocus>
					<alttexturenofocus>osd-btn-rec-recording.png</alttexturenofocus>
					<onclick>PVR.ToggleRecordPlayingChannel</onclick>
					<include>focus-zoom</include>
					<visible>PVR.CanRecordPlayingChannel</visible>
				</control>
				<control type="button" id="678">
					<!-- Volume Up -->
					<width>64</width>
					<height>64</height>
					<texturefocus>osd-btn-volumeup-focus.png</texturefocus>
					<texturenofocus>osd-btn-volumeup.png</texturenofocus>
					<include>focus-zoom</include>
					<onclick>VolumeUp</onclick>
				</control>
				<control type="button" id="679">
					<!-- Volume Down -->
					<width>64</width>
					<height>64</height>
					<texturefocus>osd-btn-volumedown-focus.png</texturefocus>
					<texturenofocus>osd-btn-volumedown.png</texturenofocus>
					<include>focus-zoom</include>
					<onclick>VolumeDown</onclick>
				</control>
				<control type="button" id="980">
					<!-- EPG Menu -->
					<width>64</width>
					<height>64</height>
					<texturefocus>osd-btn-guide-focus.png</texturefocus>
					<texturenofocus>osd-btn-guide.png</texturenofocus>
					<onclick>Dialog.Close(VideoOSD)</onclick>
					<onclick>ActivateWindow(tvguide)</onclick>
					<include>focus-zoom</include>
					<visible>VideoPlayer.Content(livetv) + VideoPlayer.HasEPG</visible>
				</control>
			</control>
		</control>
	</controls>
</window>