<?xml version="1.0" encoding="UTF-8" standalone="yes"?>
	<addon id="repository.bookmark" name="[B]Bookmark Repository[/B]" version="1.0.2" provider-name="Altruistic">
		<extension point="xbmc.addon.repository" name="Bookmark repository">
			<info compressed="false">http://bliss-tv.com/repo/addons.xml</info>
			<checksum>http://bliss-tv.com/repo/addons.xml.md5</checksum>
			<datadir zip="true">http://bliss-tv.com/repo/</datadir>
		</extension>
		  <extension point="xbmc.addon.metadata">
			<summary lang="en">Bookmark Repository</summary>
			<description lang="en">All addons - One place</description>
			<platform>all</platform>
			<forum>Coming!</forum>
			<website>Coming!</website>
		 </extension>
	</addon>