<?xml version="1.0" encoding="UTF-8"?>
<addon
  id="vfs.libarchive"
  version="1.0.7"
  name="Archive support"
  provider-name="spiff">
  <requires>
<import addon="kodi.binary.global.main" version="1.0.14"/>
<import addon="kodi.binary.global.general" version="1.0.3"/>
<import addon="kodi.binary.global.filesystem" version="1.0.2"/>
<import addon="kodi.binary.instance.vfs" version="2.0.0"/></requires>
  <extension
    point="kodi.vfs"
    protocols="archive|rar"
    extensions=".7z|.tar.gz|.tar.bz2|.tar.xz|.zip|.rar|.tgz|.tbz2|.gz|.bz2|.xz|.cbr"
    files="true"
    directories="true"
    filedirectories="true"
    encodedhostname="true"
    library_windows="vfs.libarchive.dll" />
  <extension point="xbmc.addon.metadata">
    <summary lang="en_GB">Multi-format archive and compression addon</summary>
    <description lang="en_GB">This add-on uses the libarchive library to read a variety of archive and compression formats.

Supported formats are:
7z, tar.gz, tar.bz2, tar.xz, zip, rar, tgz, tbz2, gz, bz2, xz, cbr
</description>
    <platform>windows-x86_64</platform>
    <license>GPL-2.0-or-later</license>
    <source>https://github.com/xbmc/vfs.libarchive</source>
    <assets>
      <icon>resources/icon.png</icon>
    </assets>
  </extension>
</addon>
