<?xml version="1.0" encoding="UTF-8"?>
	<addon id="skin.ace2" version="1.6.0" name="Ace 2" provider-name="MarcosQui">
	<requires>
		<import addon="xbmc.gui" version="5.14.0"/>
	</requires>
	<extension point="xbmc.gui.skin" debugging="false">
		<res width="1920" height="1080" aspect="16:9" default="true" folder="xml" />
	</extension>
	<extension point="xbmc.addon.metadata">
		<summary lang="en_GB">Ace 2, improved, more light and more powerful than ever.</summary>
		<summary lang="en_US">Ace 2, improved, more light and more powerful than ever.</summary>
		<summary lang="pt_BR">Ace 2, melhorada, mais leve e mais poderosa do que nunca.</summary>
		<description lang="en">The Ace reaches its second edition.[CR]Reformulated, very simple to use, with a new code that provides a lightweight and powerful skin.[CR]The Ace 2 incorporates new features such as Flexible Widgets 3nd Generation which takes the main menu's level of customization to something never seen before.[CR]Ace 2, you've never seen a skin like this.</description>
		<description lang="pt_BR">A Ace 2 chega a sua segunda edição.[CR]Reformulada, muito simples de usar, com um novo código que proporciona uma pele leve e poderosa.[CR]Ace 2 incorpora um novo recurso chamado Widgets Flexíveis de Terceira Geração que eleva o nível de customização como você nunca viu antes.[CR]Ace 2, você nunca viu uma skin assim.</description>
		<disclaimer lang="en_GB">Ace 2, improved, more light and more powerful than ever.</disclaimer>
		<disclaimer lang="en_US">Ace 2, improved, more light and more powerful than ever.</disclaimer>
		<disclaimer lang="pt_BR">Ace 2, melhorada, mais leve e mais poderosa do que nunca.</disclaimer>
		<platform>all</platform>
		<license>CC BY-SA 4.0, GNU GENERAL PUBLIC LICENSE Version 2.0</license>
		<forum>https://forum.kodi.tv/</forum>
		<assets>
			<icon>resources/icon.png</icon>
			<fanart>resources/fanart.jpg</fanart>
			<screenshot>resources/screenshot-01.jpg</screenshot>
			<screenshot>resources/screenshot-02.jpg</screenshot>
			<screenshot>resources/screenshot-03.jpg</screenshot>
			<screenshot>resources/screenshot-04.jpg</screenshot>
		</assets>
	</extension>
</addon>