<?xml version="1.0" encoding="UTF-8" standalone="yes"?>
<addon id="game.controller.n64"
        name="Nintendo 64 Controller"
        version="1.0.8"
        provider-name="Team Kodi">
    <extension point="kodi.game.controller" library="resources/layout.xml"/>
    <extension point="xbmc.addon.metadata">
        <summary lang="en_GB">Nintendo 64 controller</summary>
        <description lang="en_GB">The Nintendo 64 controller, released in 1996, featured a unique "M" shape design. Intense rotating of the analog stick during Mario Party reportedly caused burn injuries to some players.</description>
        <disclaimer lang="en_GB">Image credit: OpenEmu (openemu.org)</disclaimer>
        <platform>all</platform>
        <assets>
            <icon>resources/icon.png</icon>
        </assets>
    </extension>
</addon>
