<?xml version="1.0" encoding="UTF-8" standalone="yes"?>
<addon id="service.putzteufel"
    name="[COLOR lightskyblue]KNE Putzteufel[/COLOR]"
	version="1.4"
    provider-name="Painkiller">
    <requires>
		<import addon="xbmc.python" version="2.1.0"/>
	</requires>
    <extension point="xbmc.service" library="run_service.py" start="startup"/>
	<extension point="xbmc.addon.metadata">
		<platform>all</platform>
		<summary>KNE Putzteufel by Painkiller</summary>
		<description>Kodi Reinigungstool by Painkiller

Bereinigt werden Cache, Thumbs, Packages und addon_data Daten von entfernten Addons
        
Dieses Addon wurde gemacht für [COLOR lightskyblue]Kodi Neu Erleben[/COLOR]
Besuche uns auf FB unter: [B][COLOR white]http://facebook.kodineuerleben.eu[/COLOR][/B]
    </description>
    <platform>all</platform>
    <assets>
        <icon>icon.png</icon>
        <fanart>fanart.jpg</fanart>
        <screenshot></screenshot>
    </assets>
</extension>
</addon>