<settings>
	<!-- Startup screen type -->
	<setting id="startup-screentype-val" value="1" label="$LOCALIZE[31856]" condition="" icon="" description="" default="true"><!-- Skin Image -->
		<onselect condition="True">Skin.SetString(startup-screentype,$LOCALIZE[31856])</onselect>
		<onselect condition="True">Skin.Reset(startup-screenpath)</onselect>
	</setting>
	<setting id="startup-screentype-val" value="2" label="$LOCALIZE[31857]" condition="" icon="" description=""><!-- Custom Image -->
		<onselect condition="True">Skin.SetString(startup-screentype,$LOCALIZE[31857])</onselect>
		<onselect condition="True">Skin.SetImage(startup-screenpath)</onselect>
	</setting>
	<setting id="startup-screentype-val" value="3" label="$LOCALIZE[31858]" condition="" icon="" description=""><!-- Custom Video -->
		<onselect condition="True">Skin.SetString(startup-screentype,$LOCALIZE[31858])</onselect>
		<onselect condition="True">Skin.SetFile(startup-screenpath)</onselect>
	</setting>
	<setting id="startup-screentype-val" value="4" label="$LOCALIZE[31855]" condition="" icon="" description=""><!-- Blank -->
		<onselect condition="True">Skin.SetString(startup-screentype,$LOCALIZE[31855])</onselect>
		<onselect condition="True">Skin.Reset(startup-screenpath)</onselect>
	</setting>

	<!-- Show Scrollbar -->
	<setting id="show-scrollbar-val" value="1" label="$LOCALIZE[31876]" condition="" icon="" description="" default="true"><!-- On scroll or focus -->
		<onselect condition="True">Skin.SetString(show-scrollbar,$LOCALIZE[31876])</onselect>
	</setting>
	<setting id="show-scrollbar-val" value="2" label="$LOCALIZE[31875]" condition="" icon="" description=""><!-- Always -->
		<onselect condition="True">Skin.SetString(show-scrollbar,$LOCALIZE[31875])</onselect>
	</setting>
	<setting id="show-scrollbar-val" value="3" label="$LOCALIZE[31877]" condition="" icon="" description=""><!-- Never -->
		<onselect condition="True">Skin.SetString(show-scrollbar,$LOCALIZE[31877])</onselect>
	</setting>

	<!-- Movie Shelf icon type -->
	<setting id="shelf-movieimages-val" value="1" label="$LOCALIZE[31953]" condition="" icon="" description="" default="true"><!-- Icon -->
		<onselect condition="True">Skin.SetString(shelf-movieimages,$LOCALIZE[31953])</onselect>
	</setting>
	<setting id="shelf-movieimages-val" value="2" label="$LOCALIZE[31954]" condition="" icon="" description=""><!-- Recent -->
		<onselect condition="True">Skin.SetString(shelf-movieimages,$LOCALIZE[31954])</onselect>
	</setting>
	<setting id="shelf-movieimages-val" value="3" label="$LOCALIZE[31955]" condition="" icon="" description=""><!-- Recommended -->
		<onselect condition="True">Skin.SetString(shelf-movieimages,$LOCALIZE[31955])</onselect>
	</setting>

	<!-- TVShow Shelf icon type -->
	<setting id="shelf-tvshowimages-val" value="1" label="$LOCALIZE[31953]" condition="" icon="" description="" default="true"><!-- Icon -->
		<onselect condition="True">Skin.SetString(shelf-tvshowimages,$LOCALIZE[31953])</onselect>
	</setting>
	<setting id="shelf-tvshowimages-val" value="2" label="$LOCALIZE[31954]" condition="" icon="" description=""><!-- Recent -->
		<onselect condition="True">Skin.SetString(shelf-tvshowimages,$LOCALIZE[31954])</onselect>
	</setting>
	<setting id="shelf-tvshowimages-val" value="3" label="$LOCALIZE[31955]" condition="" icon="" description=""><!-- Recommended -->
		<onselect condition="True">Skin.SetString(shelf-tvshowimages,$LOCALIZE[31955])</onselect>
	</setting>

	<!-- Music Shelf icon type -->
	<setting id="shelf-musicimages-val" value="1" label="$LOCALIZE[31953]" condition="" icon="" description="" default="true"><!-- Icon -->
		<onselect condition="True">Skin.SetString(shelf-musicimages,$LOCALIZE[31953])</onselect>
	</setting>
	<setting id="shelf-musicimages-val" value="2" label="$LOCALIZE[31954]" condition="" icon="" description=""><!-- Recent -->
		<onselect condition="True">Skin.SetString(shelf-musicimages,$LOCALIZE[31954])</onselect>
	</setting>
	<setting id="shelf-musicimages-val" value="3" label="$LOCALIZE[31955]" condition="" icon="" description=""><!-- Recommended -->
		<onselect condition="True">Skin.SetString(shelf-musicimages,$LOCALIZE[31955])</onselect>
	</setting>

	<!-- Broadcast Shelf icon type -->
	<setting id="shelf-broadcastimages-val" value="1" label="$LOCALIZE[31953]" condition="" icon="" description="" default="true"><!-- Icon -->
		<onselect condition="True">Skin.SetString(shelf-broadcastimages,$LOCALIZE[31953])</onselect>
	</setting>
	<setting id="shelf-broadcastimages-val" value="2" label="$LOCALIZE[31956]" condition="" icon="" description=""><!-- Next Aired -->
		<onselect condition="True">Skin.SetString(shelf-broadcastimages,$LOCALIZE[31956])</onselect>
	</setting>
	<setting id="shelf-broadcastimages-val" value="3" label="$LOCALIZE[31957]" condition="" icon="" description=""><!-- PVR Channels -->
		<onselect condition="True">Skin.SetString(shelf-broadcastimages,$LOCALIZE[31957])</onselect>
	</setting>
	<setting id="shelf-broadcastimages-val" value="4" label="$LOCALIZE[31958]" condition="" icon="" description=""><!-- Latest Recordings -->
		<onselect condition="True">Skin.SetString(shelf-broadcastimages,$LOCALIZE[31958])</onselect>
	</setting>

	<!-- Custom Shelf icon type -->
	<setting id="shelf-customimages-val" value="1" label="$LOCALIZE[31953]" condition="" icon="" description="" default="true"><!-- Icon -->
		<onselect condition="True">Skin.SetString(shelf-customimages,$LOCALIZE[31953])</onselect>
	</setting>
	<setting id="shelf-customimages-val" value="2" label="$LOCALIZE[593] $LOCALIZE[1036]" condition="" icon="" description=""><!-- All Favourites -->
		<onselect condition="True">Skin.SetString(shelf-customimages,$LOCALIZE[593]$LOCALIZE[1036])</onselect>
	</setting>
	<setting id="shelf-customimages-val" value="3" label="$LOCALIZE[14211] $LOCALIZE[1036]" condition="" icon="" description=""><!-- Media Favourites -->
		<onselect condition="True">Skin.SetString(shelf-customimages,$LOCALIZE[14211]$LOCALIZE[1036])</onselect>
	</setting>

	<!-- Addon Shelf icon type -->
	<setting id="shelf-addonimages-val" value="1" label="$LOCALIZE[31953]" condition="" icon="" description="" default="true"><!-- Icon -->
		<onselect condition="True">Skin.SetString(shelf-addonimages,$LOCALIZE[31953])</onselect>
	</setting>
	<setting id="shelf-addonimages-val" value="2" label="$LOCALIZE[31954]" condition="" icon="" description=""><!-- Recent -->
		<onselect condition="True">Skin.SetString(shelf-addonimages,$LOCALIZE[31954])</onselect>
	</setting>
	<setting id="shelf-addonimages-val" value="3" label="$LOCALIZE[31959]" condition="" icon="" description=""><!-- Updated -->
		<onselect condition="True">Skin.SetString(shelf-addonimages,$LOCALIZE[31959])</onselect>
	</setting>

	<!-- Home Menu type -->
	<setting id="homemenu-typeval" value="1" label="$LOCALIZE[31952]" condition="" icon="" description="" default="true"><!-- Horizontal -->
		<onselect condition="True">Skin.SetBool(homemenu-horizontal)</onselect>
		<onselect condition="True">Skin.Reset(homemenu-vertical)</onselect>
		<onselect condition="True">Skin.Reset(homemenu-icon)</onselect>
	</setting>
	<setting id="homemenu-typeval" value="2" label="$LOCALIZE[31953]" condition="" icon="" description=""><!-- Icon -->
		<onselect condition="True">Skin.SetBool(homemenu-icon)</onselect>
		<onselect condition="True">Skin.Reset(homemenu-horizontal)</onselect>
		<onselect condition="True">Skin.Reset(homemenu-vertical)</onselect>
	</setting>
	<setting id="homemenu-typeval" value="3" label="$LOCALIZE[31951]" condition="" icon="" description=""><!-- Vertical -->
		<onselect condition="True">Skin.SetBool(homemenu-vertical)</onselect>
		<onselect condition="True">Skin.Reset(homemenu-horizontal)</onselect>
		<onselect condition="True">Skin.Reset(homemenu-icon)</onselect>
	</setting>

	<!-- Quit Action -->
	<setting id="home-quitaction-val" value="1" label="$LOCALIZE[13009]" condition="" icon="" description="" default="true"><!-- Quit -->
		<onselect condition="True">Skin.SetString(home-quitaction,$LOCALIZE[13009])</onselect>
	</setting>
	<setting id="home-quitaction-val" value="2" label="$LOCALIZE[31558]" condition="" icon="" description=""><!-- Power Menu -->
		<onselect condition="True">Skin.SetString(home-quitaction,$LOCALIZE[31558])</onselect>
	</setting>
	<setting id="home-quitaction-val" value="3" label="$LOCALIZE[13005]" condition="System.CanPowerDown" icon="" description=""><!-- Shutdown -->
		<onselect condition="True">Skin.SetString(home-quitaction,$LOCALIZE[13005])</onselect>
	</setting>
	<setting id="home-quitaction-val" value="4" label="$LOCALIZE[13010]" condition="System.CanHibernate" icon="" description=""><!-- Hibernate -->
		<onselect condition="True">Skin.SetString(home-quitaction,$LOCALIZE[13010])</onselect>
	</setting>
	<setting id="home-quitaction-val" value="5" label="$LOCALIZE[13011]" condition="System.CanSuspend" icon="" description=""><!-- Suspend -->
		<onselect condition="True">Skin.SetString(home-quitaction,$LOCALIZE[13011])</onselect>
	</setting>
	<setting id="home-quitaction-val" value="6" label="$LOCALIZE[13013]" condition="System.CanReboot" icon="" description=""><!-- Reboot -->
		<onselect condition="True">Skin.SetString(home-quitaction,$LOCALIZE[13013])</onselect>
	</setting>
		<setting id="home-quitaction-val" value="7" label="$LOCALIZE[31554]" condition="System.Platform.Android + System.CanReboot" icon="" description=""><!-- Reboot to NAND -->
		<onselect condition="True">Skin.SetString(home-quitaction,$LOCALIZE[31554])</onselect>
	</setting>

	<!-- Background visibilty -->
	<setting id="backgroundvisibilty-val" value="1" label="$LOCALIZE[391]" condition="" icon="" description="" default="true"><!-- Low -->
		<onselect condition="True">Skin.Reset(background-visibiltyhigh)</onselect>
		<onselect condition="True">Skin.Reset(background-visibiltymed)</onselect>
	</setting>
	<setting id="backgroundvisibilty-val" value="2" label="$LOCALIZE[392]" condition="" icon="" description=""><!-- Medium -->
		<onselect condition="True">Skin.SetBool(background-visibiltymed)</onselect>
		<onselect condition="True">Skin.Reset(background-visibiltyhigh)</onselect>
	</setting>
	<setting id="backgroundvisibilty-val" value="3" label="$LOCALIZE[393]" condition="" icon="" description=""><!-- High -->
		<onselect condition="True">Skin.SetBool(background-visibiltyhigh)</onselect>
		<onselect condition="True">Skin.Reset(background-visibiltymed)</onselect>
	</setting>

	<!-- Movie library entry point -->
	<setting id="libraryentry-movie-val" value="1" label="$LOCALIZE[369]" condition="" icon="" description="" default="true"><!-- Title -->
		<onselect condition="True">Skin.SetString(libraryentry-movie,$LOCALIZE[369])</onselect>
	</setting>
	<setting id="libraryentry-movie-val" value="2" label="$LOCALIZE[20108]" condition="" icon="" description=""><!-- Root -->
		<onselect condition="True">Skin.SetString(libraryentry-movie,$LOCALIZE[20108])</onselect>
	</setting>
	<setting id="libraryentry-movie-val" value="3" label="$LOCALIZE[20386]" condition="" icon="" description=""><!-- Recently Added -->
		<onselect condition="True">Skin.SetString(libraryentry-movie,$LOCALIZE[20386])</onselect>
	</setting>
	<setting id="libraryentry-movie-val" value="4" label="$LOCALIZE[135]" condition="" icon="" description=""><!-- Genre -->
		<onselect condition="True">Skin.SetString(libraryentry-movie,$LOCALIZE[135])</onselect>
	</setting>
	<setting id="libraryentry-movie-val" value="5" label="$LOCALIZE[652]" condition="" icon="" description=""><!-- Years -->
		<onselect condition="True">Skin.SetString(libraryentry-movie,$LOCALIZE[652])</onselect>
	</setting>
	<setting id="libraryentry-movie-val" value="6" label="$LOCALIZE[344]" condition="" icon="" description=""><!-- Actors -->
		<onselect condition="True">Skin.SetString(libraryentry-movie,$LOCALIZE[344])</onselect>
	</setting>
	<setting id="libraryentry-movie-val" value="7" label="$LOCALIZE[20348]" condition="" icon="" description=""><!-- Director -->
		<onselect condition="True">Skin.SetString(libraryentry-movie,$LOCALIZE[20348])</onselect>
	</setting>
	<setting id="libraryentry-movie-val" value="8" label="$LOCALIZE[20388]" condition="" icon="" description=""> <!-- Studios -->
		<onselect condition="True">Skin.SetString(libraryentry-movie,$LOCALIZE[20388])</onselect>
	</setting>
	<setting id="libraryentry-movie-val" value="9" label="$LOCALIZE[20434]" condition="" icon="" description=""><!-- Sets -->
		<onselect condition="True">Skin.SetString(libraryentry-movie,$LOCALIZE[20434])</onselect>
	</setting>
	<setting id="libraryentry-movie-val" value="10" label="$LOCALIZE[20451]" condition="" icon="" description=""><!-- Countries -->
		<onselect condition="True">Skin.SetString(libraryentry-movie,$LOCALIZE[20451])</onselect>
	</setting>
	<setting id="libraryentry-movie-val" value="11" label="$LOCALIZE[20459]" condition="" icon="" description=""><!-- Tags -->
		<onselect condition="True">Skin.SetString(libraryentry-movie,$LOCALIZE[20459])</onselect>
	</setting>
	<setting id="libraryentry-movie-val" value="12" label="$LOCALIZE[744]" condition="" icon="" description=""><!-- Files -->
		<onselect condition="True">Skin.SetString(libraryentry-movie,$LOCALIZE[744])</onselect>
	</setting>
	<setting id="libraryentry-movie-val" value="13" label="$LOCALIZE[31652]" condition="System.HasAddon(script.favourites)" icon="" description=""><!-- Custom Favourite -->
		<onselect condition="True">Skin.SetString(libraryentry-movie,$LOCALIZE[31652])</onselect>
		<onselect condition="True">RunScript(script.favourites,changetitle=false&amp;property=CustomMovieEntry)</onselect>
	</setting>

	<!-- TVShow library entry point -->
	<setting id="libraryentry-tvshow-val" value="1" label="$LOCALIZE[369]" condition="" icon="" description="" default="true"><!-- Title -->
		<onselect condition="True">Skin.SetString(libraryentry-tvshow,$LOCALIZE[369])</onselect>
	</setting>
	<setting id="libraryentry-tvshow-val" value="2" label="$LOCALIZE[20108]" condition="" icon="" description=""><!-- Root -->
		<onselect condition="True">Skin.SetString(libraryentry-tvshow,$LOCALIZE[20108])</onselect>
	</setting>
	<setting id="libraryentry-tvshow-val" value="3" label="$LOCALIZE[20387]" condition="" icon="" description=""><!-- Recently Added -->
		<onselect condition="True">Skin.SetString(libraryentry-tvshow,$LOCALIZE[20387])</onselect>
	</setting>
	<setting id="libraryentry-tvshow-val" value="4" label="$LOCALIZE[135]" condition="" icon="" description=""><!-- Genre -->
		<onselect condition="True">Skin.SetString(libraryentry-tvshow,$LOCALIZE[135])</onselect>
	</setting>
	<setting id="libraryentry-tvshow-val" value="5" label="$LOCALIZE[652]" condition="" icon="" description=""><!-- Years -->
		<onselect condition="True">Skin.SetString(libraryentry-tvshow,$LOCALIZE[652])</onselect>
	</setting>
	<setting id="libraryentry-tvshow-val" value="6" label="$LOCALIZE[344]" condition="" icon="" description=""><!-- Actors -->
		<onselect condition="True">Skin.SetString(libraryentry-tvshow,$LOCALIZE[344])</onselect>
	</setting>
	<setting id="libraryentry-tvshow-val" value="7" label="$LOCALIZE[20388]" condition="" icon="" description=""><!-- Studios -->
		<onselect condition="True">Skin.SetString(libraryentry-tvshow,$LOCALIZE[20388])</onselect>
	</setting>
	<setting id="libraryentry-tvshow-val" value="8" label="$LOCALIZE[744]" condition="" icon="" description=""><!-- Files -->
		<onselect condition="True">Skin.SetString(libraryentry-tvshow,$LOCALIZE[744])</onselect>
	</setting>
	<setting id="libraryentry-tvshow-val" value="9" label="$LOCALIZE[31652]" condition="System.HasAddon(script.favourites)" icon="" description=""><!-- Custom Favourite -->
		<onselect condition="True">Skin.SetString(libraryentry-tvshow,$LOCALIZE[31652])</onselect>
		<onselect condition="True">RunScript(script.favourites,changetitle=false&amp;property=CustomTVShowEntry)</onselect>
	</setting>

	<!-- Music video library entry point -->
	<setting id="libraryentry-musicvideo-val" value="1" label="$LOCALIZE[369]" condition="" icon="" description="" default="true"><!-- Title -->
		<onselect condition="True">Skin.SetString(libraryentry-musicvideo,$LOCALIZE[369])</onselect>
	</setting>
	<setting id="libraryentry-musicvideo-val" value="2" label="$LOCALIZE[20108]" condition="" icon="" description=""><!-- Root -->
		<onselect condition="True">Skin.SetString(libraryentry-musicvideo,$LOCALIZE[20108])</onselect>
	</setting>
	<setting id="libraryentry-musicvideo-val" value="3" label="$LOCALIZE[20390]" condition="" icon="" description=""><!-- Recently Added -->
		<onselect condition="True">Skin.SetString(libraryentry-musicvideo,$LOCALIZE[20390])</onselect>
	</setting>
	<setting id="libraryentry-musicvideo-val" value="4" label="$LOCALIZE[135]" condition="" icon="" description=""><!-- Genre -->
		<onselect condition="True">Skin.SetString(libraryentry-musicvideo,$LOCALIZE[135])</onselect>
	</setting>
	<setting id="libraryentry-musicvideo-val" value="5" label="$LOCALIZE[652]" condition="" icon="" description=""><!-- Years -->
		<onselect condition="True">Skin.SetString(libraryentry-musicvideo,$LOCALIZE[652])</onselect>
	</setting>
	<setting id="libraryentry-musicvideo-val" value="6" label="$LOCALIZE[133]" condition="" icon="" description=""><!-- Artists -->
		<onselect condition="True">Skin.SetString(libraryentry-musicvideo,$LOCALIZE[133])</onselect>
	</setting>
	<setting id="libraryentry-musicvideo-val" value="7" label="$LOCALIZE[132]" condition="" icon="" description=""><!-- Albums -->
		<onselect condition="True">Skin.SetString(libraryentry-musicvideo,$LOCALIZE[132])</onselect>
	</setting>
	<setting id="libraryentry-musicvideo-val" value="8" label="$LOCALIZE[20348]" condition="" icon="" description=""><!-- Director -->
		<onselect condition="True">Skin.SetString(libraryentry-musicvideo,$LOCALIZE[20348])</onselect>
	</setting>
	<setting id="libraryentry-musicvideo-val" value="9" label="$LOCALIZE[20388]" condition="" icon="" description=""><!-- Studios -->
		<onselect condition="True">Skin.SetString(libraryentry-musicvideo,$LOCALIZE[20388])</onselect>
	</setting>
	<setting id="libraryentry-musicvideo-val" value="10" label="$LOCALIZE[744]" condition="" icon="" description=""><!-- Files -->
		<onselect condition="True">Skin.SetString(libraryentry-musicvideo,$LOCALIZE[744])</onselect>
	</setting>
	<setting id="libraryentry-musicvideo-val" value="11" label="$LOCALIZE[31652]" condition="System.HasAddon(script.favourites)" icon="" description=""><!-- Custom Favourite -->
		<onselect condition="True">Skin.SetString(libraryentry-musicvideo,$LOCALIZE[31652])</onselect>
		<onselect condition="True">RunScript(script.favourites,changetitle=false&amp;property=CustomMusicVideoEntry)</onselect>
	</setting>

	<!-- Music library entry point -->
	<setting id="libraryentry-music-val" value="1" label="$LOCALIZE[132]" condition="" icon="" description="" default="true"><!-- Album -->
		<onselect condition="True">Skin.SetString(libraryentry-music,$LOCALIZE[132])</onselect>
	</setting>
	<setting id="libraryentry-music-val" value="2" label="$LOCALIZE[20108]" condition="" icon="" description=""><!-- Root -->
		<onselect condition="True">Skin.SetString(libraryentry-music,$LOCALIZE[20108])</onselect>
	</setting>
	<setting id="libraryentry-music-val" value="3" label="$LOCALIZE[135]" condition="" icon="" description=""><!-- Genre -->
		<onselect condition="True">Skin.SetString(libraryentry-music,$LOCALIZE[135])</onselect>
	</setting>
	<setting id="libraryentry-music-val" value="4" label="$LOCALIZE[133]" condition="" icon="" description=""><!-- Artists -->
		<onselect condition="True">Skin.SetString(libraryentry-music,$LOCALIZE[133])</onselect>
	</setting>
	<setting id="libraryentry-music-val" value="5" label="$LOCALIZE[134]" condition="" icon="" description=""><!-- Songs -->
		<onselect condition="True">Skin.SetString(libraryentry-music,$LOCALIZE[134])</onselect>
	</setting>
	<setting id="libraryentry-music-val" value="6" label="$LOCALIZE[10504]" condition="" icon="" description=""><!-- Top100Songs -->
		<onselect condition="True">Skin.SetString(libraryentry-music,$LOCALIZE[10504])</onselect>
	</setting>
	<setting id="libraryentry-music-val" value="7" label="$LOCALIZE[10505]" condition="" icon="" description=""><!-- Top100Albums -->
		<onselect condition="True">Skin.SetString(libraryentry-music,$LOCALIZE[10505])</onselect>
	</setting>
	<setting id="libraryentry-music-val" value="8" label="$LOCALIZE[359]" condition="" icon="" description=""><!-- RecentlyAddedAlbums -->
		<onselect condition="True">Skin.SetString(libraryentry-music,$LOCALIZE[359])</onselect>
	</setting>
	<setting id="libraryentry-music-val" value="9" label="$LOCALIZE[517]" condition="" icon="" description=""><!-- RecentlyPlayedAlbums -->
		<onselect condition="True">Skin.SetString(libraryentry-music,$LOCALIZE[517])</onselect>
	</setting>
	<setting id="libraryentry-music-val" value="10" label="$LOCALIZE[521]" condition="" icon="" description=""><!-- Compilations -->
		<onselect condition="True">Skin.SetString(libraryentry-music,$LOCALIZE[521])</onselect>
	</setting>
	<setting id="libraryentry-music-val" value="11" label="$LOCALIZE[652]" condition="" icon="" description=""><!-- Years -->
		<onselect condition="True">Skin.SetString(libraryentry-music,$LOCALIZE[652])</onselect>
	</setting>
	<setting id="libraryentry-music-val" value="12" label="$LOCALIZE[1050]" condition="" icon="" description=""><!-- Singles -->
		<onselect condition="True">Skin.SetString(libraryentry-music,$LOCALIZE[1050])</onselect>
	</setting>
	<setting id="libraryentry-music-val" value="13" label="$LOCALIZE[744]" condition="" icon="" description=""><!-- Files -->
		<onselect condition="True">Skin.SetString(libraryentry-music,$LOCALIZE[744])</onselect>
	</setting>
	<setting id="libraryentry-music-val" value="14" label="$LOCALIZE[31652]" condition="System.HasAddon(script.favourites)" icon="" description=""><!-- Custom Favourite -->
		<onselect condition="True">Skin.SetString(libraryentry-music,$LOCALIZE[31652])</onselect>
		<onselect condition="True">RunScript(script.favourites,changetitle=false&amp;property=CustomMusicEntry)</onselect>
	</setting>

	<!-- TV entry point -->
	<setting id="libraryentry-tv-val" value="1" label="$LOCALIZE[20108]" condition="" icon="" description="" default="true"><!-- PVR Root -->
		<onselect condition="True">Skin.SetString(libraryentry-tv,$LOCALIZE[20108])</onselect>
	</setting>
	<setting id="libraryentry-tv-val" value="2" label="$LOCALIZE[31703]" condition="" icon="" description=""><!-- Play TV -->
		<onselect condition="True">Skin.SetString(libraryentry-tv,$LOCALIZE[31703])</onselect>
	</setting>
	<setting id="libraryentry-tv-val" value="3" label="$LOCALIZE[19023]" condition="" icon="" description=""><!-- TV channels -->
		<onselect condition="True">Skin.SetString(libraryentry-tv,$LOCALIZE[19023])</onselect>
	</setting>
	<setting id="libraryentry-tv-val" value="4" label="$LOCALIZE[19069]" condition="" icon="" description=""><!-- TV Guide -->
		<onselect condition="True">Skin.SetString(libraryentry-tv,$LOCALIZE[19069])</onselect>
	</setting>
	<setting id="libraryentry-tv-val" value="5" label="$LOCALIZE[19163]" condition="" icon="" description=""><!-- TV Recordings -->
		<onselect condition="True">Skin.SetString(libraryentry-tv,$LOCALIZE[19163])</onselect>
	</setting>
	<setting id="libraryentry-tv-val" value="6" label="$LOCALIZE[19040]" condition="" icon="" description=""><!-- TV Timers -->
		<onselect condition="True">Skin.SetString(libraryentry-tv,$LOCALIZE[19040])</onselect>
	</setting>
	<setting id="libraryentry-tv-val" value="7" label="$LOCALIZE[137]" condition="" icon="" description=""><!-- TV Search -->
		<onselect condition="True">Skin.SetString(libraryentry-tv,$LOCALIZE[137])</onselect>
	</setting>
	<setting id="libraryentry-tv-val" value="8" label="$LOCALIZE[31652]" condition="System.HasAddon(script.favourites)" icon="" description=""><!-- Custom Favourite -->
		<onselect condition="True">Skin.SetString(libraryentry-tv,$LOCALIZE[31652])</onselect>
		<onselect condition="True">RunScript(script.favourites,changetitle=false&amp;property=CustomTVEntry)</onselect>
	</setting>

	<!-- Radio entry point -->
	<setting id="libraryentry-radio-val" value="1" label="$LOCALIZE[20108]" condition="" icon="" description="" default="true"><!-- PVR Root -->
		<onselect condition="True">Skin.SetString(libraryentry-radio,$LOCALIZE[20108])</onselect>
	</setting>
	<setting id="libraryentry-radio-val" value="2" label="$LOCALIZE[31703]" condition="" icon="" description=""><!-- Play Radio -->
		<onselect condition="True">Skin.SetString(libraryentry-radio,$LOCALIZE[31703])</onselect>
	</setting>
	<setting id="libraryentry-radio-val" value="3" label="$LOCALIZE[19024]" condition="" icon="" description=""><!-- Radio channels -->
		<onselect condition="True">Skin.SetString(libraryentry-radio,$LOCALIZE[19024])</onselect>
	</setting>
	<setting id="libraryentry-radio-val" value="4" label="$LOCALIZE[19069]" condition="" icon="" description=""><!-- Radio Guide -->
		<onselect condition="True">Skin.SetString(libraryentry-radio,$LOCALIZE[19069])</onselect>
	</setting>
	<setting id="libraryentry-radio-val" value="5" label="$LOCALIZE[19163]" condition="" icon="" description=""><!-- Radio Recordings -->
		<onselect condition="True">Skin.SetString(libraryentry-radio,$LOCALIZE[19163])</onselect>
	</setting>
	<setting id="libraryentry-radio-val" value="6" label="$LOCALIZE[19040]" condition="" icon="" description=""><!-- Radio Timers -->
		<onselect condition="True">Skin.SetString(libraryentry-radio,$LOCALIZE[19040])</onselect>
	</setting>
	<setting id="libraryentry-radio-val" value="7" label="$LOCALIZE[137]" condition="" icon="" description=""><!-- Radio Search -->
		<onselect condition="True">Skin.SetString(libraryentry-radio,$LOCALIZE[137])</onselect>
	</setting>
	<setting id="libraryentry-radio-val" value="8" label="$LOCALIZE[31652]" condition="System.HasAddon(script.favourites)" icon="" description=""><!-- Custom Favourite -->
		<onselect condition="True">Skin.SetString(libraryentry-radio,$LOCALIZE[31652])</onselect>
		<onselect condition="True">RunScript(script.favourites,changetitle=false&amp;property=CustomRadioEntry)</onselect>
	</setting>

	<!-- Display List View idle animation -->
	<setting id="listview-idleanim-val" value="1" label="60 $LOCALIZE[31812]" condition="" icon="" description="" default="true"><!-- 60 Seconds -->
		<onselect condition="True">Skin.SetString(listview-idleanim,60)</onselect>
	</setting>
	<setting id="listview-idleanim-val" value="2" label="90 $LOCALIZE[31812]" condition="" icon="" description=""><!-- 90 seconds -->
		<onselect condition="True">Skin.SetString(listview-idleanim,90)</onselect>
	</setting>
	<setting id="listview-idleanim-val" value="3" label="120 $LOCALIZE[31812]" condition="" icon="" description=""><!-- 120 seconds -->
		<onselect condition="True">Skin.SetString(listview-idleanim,120)</onselect>
	</setting>
	<setting id="listview-idleanim-val" value="4" label="$LOCALIZE[31815]" condition="" icon="" description=""><!-- Off -->
		<onselect condition="True">Skin.SetString(listview-idleanim,$LOCALIZE[31815])</onselect>
	</setting>

</settings>