<?xml version="1.0" encoding="UTF-8"?>
<window>
	<defaultcontrol always="true">50</defaultcontrol>
	<views>50,51,52,54,501,53,502,55,57,59,500,510</views>
	<controls>
		<include>FullBackground</include>
		<include>MediaHeader</include>
		<control type="group" description="Content">
			<include>OpenClose</include>
			<visible>!Window.IsActive(DialogVideoInfo.xml)</visible>
			<animation effect="fade" delay="100" time="300">Visible</animation>
			<animation effect="fade" time="0">Hidden</animation>
			<include condition="true">View_50</include>
			<include condition="true">View_51</include>
			<include condition="true">View_52</include>
			<include condition="!Skin.HasSetting(Disable53)">View_53</include>
			<include condition="true">View_54</include>
			<include condition="!Skin.HasSetting(Disable55)">View_55</include>
			<include condition="!Skin.HasSetting(Disable57)">View_57</include>
			<include condition="!Skin.HasSetting(Disable59)">View_59</include>
			<include condition="!Skin.HasSetting(Disable500)">View_500</include>
			<include condition="!Skin.HasSetting(Disable501)">View_501</include>
			<include condition="!Skin.HasSetting(Disable502)">View_502</include>
			<include condition="!Skin.HasSetting(Disable500)">View_510</include>
		</control>
		<control type="button" id="9001">
			<visible allowhiddenfocus="true">Control.HasFocus(9001)</visible>
			<centerleft>1600</centerleft>
			<centertop>840</centertop>
			<width>201</width>
			<height>210</height>
			<texturenofocus></texturenofocus>
			<texturefocus colordiffuse="$VAR[MenuTransperancy]" border="12">HUD/ScrollVertical.png</texturefocus>
			<label>$INFO[ListItem.SortLetter]</label>
			<font>Scroll</font>
			<onleft>50</onleft>
			<onright>50</onright>
			<onup>PageUp(60)</onup>
			<ondown>PageDown(60)</ondown>
			<onclick>Control.SetFocus(50)</onclick>
			<onback>Control.SetFocus(50)</onback>
			<align>center</align>
		</control>
		<control type="button" id="9002">
			<visible allowhiddenfocus="true">Control.HasFocus(9002)</visible>
			<centerleft>960</centerleft>
			<centertop>750</centertop>
			<width>201</width>
			<height>210</height>
			<texturenofocus></texturenofocus>
			<texturefocus colordiffuse="$VAR[MenuTransperancy]" border="12">HUD/ScrollVertical.png</texturefocus>
			<label>$INFO[ListItem.SortLetter]</label>
			<font>Scroll</font>
			<onup>50</onup>
			<ondown>50</ondown>
			<onleft>PageUp(60)</onleft>
			<onright>PageDown(60)</onright>
			<onclick>Control.SetFocus(50)</onclick>
			<onback>Control.SetFocus(50)</onback>
			<align>center</align>
		</control>
		<control type="button" id="9003">
			<visible allowhiddenfocus="true">Control.HasFocus(9003)</visible>
			<centerleft>960</centerleft>
			<centertop>540</centertop>
			<width>201</width>
			<height>210</height>
			<texturenofocus></texturenofocus>
			<texturefocus colordiffuse="$VAR[MenuTransperancy]" border="12">HUD/ScrollHorizontal.png</texturefocus>
			<label>$INFO[ListItem.SortLetter]</label>
			<font>Scroll</font>
			<onup>50</onup>
			<ondown>50</ondown>
			<onleft>PageUp(60)</onleft>
			<onright>PageDown(60)</onright>
			<onclick>Control.SetFocus(50)</onclick>
			<onback>Control.SetFocus(50)</onback>
			<align>center</align>
		</control>
		<control type="scrollbar" id="60">
			<posx>-500</posx>
			<posy>147</posy>
			<height>882</height>
			<onleft>50</onleft>
			<onright>noop</onright>
		</control>
		<control type="button" id="9004">
			<centerleft>960</centerleft>
			<centertop>60</centertop>
			<width>101</width>
			<height>110</height>
			<texturenofocus colordiffuse="$VAR[MenuTransperancy]" border="12">HUD/HUDBackground.png</texturenofocus>
			<label>$INFO[ListItem.SortLetter]</label>
			<font>Scroll2</font>
			<align>center</align> <textcolor>HL</textcolor>
			<visible>!Skin.HasSetting(LowPowerMode)</visible>
			<visible>!System.HasModalDialog</visible>
			<visible>Container.Scrolling</visible>
			<visible>!Container.Content(seasons)</visible>
			<visible>![Control.HasFocus(9001) | Control.HasFocus(9002) | Control.HasFocus(9003)]</visible>
			<visible>String.IsEqual(Container.SortMethod,$LOCALIZE[551]) | String.IsEqual(Container.SortMethod,$LOCALIZE[561]) | String.IsEqual(Container.SortMethod,$LOCALIZE[558]) | String.IsEqual(Container.SortMethod,$LOCALIZE[557]) | String.IsEqual(Container.SortMethod,$LOCALIZE[556]) | String.IsEqual(Container.SortMethod,$LOCALIZE[563])</visible>
			<animation effect="fade" start="0" end="100" time="200" reversible="true">VisibleChange</animation>
			<animation effect="fade" start="100" end="0" time="200">WindowClose</animation>
		</control>
		<control type="group" description="Side menu 9000 group">
			<include>9000Commons</include>
			<control type="grouplist" id="9000">
				<include>9000GrouplistParameters</include>
				<control type="button" id="10" description="Toggle Watched">
					<include>9000Buttons</include>
					<!--<label>$LOCALIZE[535]: $LOCALIZE[16100]</label>-->
					<!--<altlabel>$LOCALIZE[535]: $LOCALIZE[16101]</altlabel>-->
				</control>
				<control type="button" id="3" description="Sort">
					<visible>Control.IsEnabled(3)</visible>
					<include>9000Buttons</include>
				</control>
				<control type="togglebutton" id="4" description="Ordering">
					<visible>Control.IsEnabled(4)</visible>
					<include>9000Buttons</include>
					<label>$LOCALIZE[21429]: $LOCALIZE[584]</label>
					<altlabel>$LOCALIZE[21429]: $LOCALIZE[585]</altlabel>
				</control>
				<control type="button" id="2" description="Views">
					<texturenofocus></texturenofocus>
					<include>9000Buttons</include>
				</control>
				<control type="togglebutton" id="20" description="Update library">
					<visible>!Skin.HasSetting(LibUpdateOff)</visible>
					<visible>!String.IsEqual(Container.FolderPath,addons://sources/video)</visible>					
					<include>9000Buttons</include>
					<label>653</label>
					<altlabel>13353</altlabel>
					<usealttexture>library.isscanningvideo</usealttexture>
				</control>
				<control type="button" id="698" description="Browse files">
					<include>9000Buttons</include>
					<label>$LOCALIZE[1024] [LOWERCASE]$LOCALIZE[744][/LOWERCASE]</label>
					<onclick>ActivateWindow(Videos,files)</onclick>
				</control>
				<include>DialogFilterButton</include>
				<control type="button" id="697" description="Playlist">
					<include>9000Buttons</include>
					<label>$LOCALIZE[31040]</label>
					<onclick>ActivateWindow(videoplaylist)</onclick>
					<visible>Integer.IsGreater(Playlist.Length(video),0)</visible>
				</control>
				<control type="togglebutton" id="699" description="Playing">
					<visible>Player.HasMedia</visible>
					<include>9000Buttons</include>
					<label>$LOCALIZE[16003]</label>
					<altlabel>$LOCALIZE[31977]</altlabel>
					<usealttexture>Player.HasMedia</usealttexture>
					<onclick>fullscreen</onclick>
					<altclick>fullscreen</altclick>
				</control>
			</control>
		</control>
	</controls>
</window>
