<?xml version="1.0" encoding="utf-8"?>
<window>
	<include>AutoMuteBG</include>
	<defaultcontrol></defaultcontrol>
	<controls>
		<control type="group" id="0">
			<control type="label" id="10">
				<left>45</left>
				<top>15</top>
				<width>1770</width>
				<height>100</height>
				<label></label>
				<font>size14</font>
				<shadowcolor>Shadow</shadowcolor>
			</control>
			<control type="label" id="11">
				<left>45</left>
				<top>45</top>
				<width>1770</width>
				<height>100</height>
				<label></label>
				<font>size14</font>
				<shadowcolor>Shadow</shadowcolor>
			</control>
			<control type="label" id="12">
				<left>45</left>
				<top>75</top>
				<width>1770</width>
				<height>100</height>
				<label></label>
				<font>size14</font>
				<shadowcolor>Shadow</shadowcolor>
			</control>
		</control>
		<control type="group" id="1">
			<depth>0.44</depth>
			<visible>[Player.ShowInfo | [Window.IsActive(VideoOSD.xml) + Skin.HasSetting(UseExtInfo)]] +   ![Window.IsActive(DialogPlayerProcessInfo.xml) | Window.IsActive(DialogSettings.xml)]</visible>
			<animation effect="fade" start="0" end="100" time="200">Visible</animation>
			<animation effect="fade" start="100" end="0" time="40">Hidden</animation>
			<control type="image" id="1" description="Background">
				<posx>0</posx>
				<posy>0</posy>
				<width>1920</width>
				<height>270</height>
				<texture colordiffuse="$VAR[OSDTransperancy]">OSD/OSDBackground.png</texture>
			</control>
			<control type="label" id="1" description="Clock">
				<posx>27r</posx>
				<posy>15</posy>
				<width>195</width>
				<height>60</height>
				<align>right</align>
				<aligny>center</aligny>
				<font>size18</font>
				<label>$INFO[System.Time, , ]</label>
			</control>
			<control type="label" id="1" description="End time">
				<visible>!String.isempty(Player.Duration)</visible>
				<visible>Player.HasVideo + ![Player.HasGame | VideoPlayer.HasEpg]</visible>
				<posx>27r</posx>
				<posy>57</posy>
				<width>195</width>
				<height>60</height>
				<align>right</align>
				<aligny>center</aligny>
				<font>size17</font>
				<textcolor>Grey2</textcolor>
				<label>$INFO[Player.FinishTime,(,)]</label>
			</control>
			<control type="label" id="1" description="PVR end time">
				<visible>VideoPlayer.HasEpg</visible>
				<posx>27r</posx>
				<posy>57</posy>
				<width>195</width>
				<height>60</height>
				<align>right</align>
				<aligny>center</aligny>
				<font>size17</font>
				<textcolor>Grey2</textcolor>
				<label>$INFO[PVR.EpgEventFinishTime,(,)]</label>
			</control>
			<control type="group" id="1">
				<posy>-60</posy>
				<control type="image" id="1">
					<visible>VideoPlayer.Content(Movies)</visible>
					<posx>15</posx>
					<posy>69</posy>
					<width>180</width>
					<height>240</height>
					<bordersize>8</bordersize>
					<texture>$INFO[Player.Icon]</texture>
					<aspectratio align="left">stretch</aspectratio>
				</control>
				<control type="image" id="1">
					<visible>VideoPlayer.Content(Movies)</visible>
					<posx>15</posx>
					<posy>69</posy>
					<width>180</width>
					<height>240</height>
					<texture border="3">img/CoverOverlay0.png</texture>
					<bordersize>8</bordersize>
				</control>
				<control type="image" id="1">
					<visible>!VideoPlayer.Content(Movies) + !VideoPlayer.HasEpg</visible>
					<posx>15</posx>
					<posy>72</posy>
					<width>240</width>
					<height>240</height>
					<bordersize>8</bordersize>
					<texture>$INFO[VideoPlayer.Cover]</texture>
					<aspectratio aligny="top">scale</aspectratio>
				</control>
				<control type="image" id="1">
					<visible>VideoPlayer.HasEpg</visible>
					<posx>15</posx>
					<posy>72</posy>
					<width>240</width>
					<height>240</height>
					<bordersize>8</bordersize>
					<texture>$INFO[VideoPlayer.Cover]</texture>
					<aspectratio aligny="center">keep</aspectratio>
				</control>
				<control type="group" id="1">
					<posx>-30</posx>
					<posy>66</posy>
					<control type="label" id="1" description="Main label">
						<visible>![VideoPlayer.Content(MusicVideos) | VideoPlayer.Content(Episodes)]</visible>
						<include>FullscreenInfoLabelMain</include>
						<label>$INFO[VideoPlayer.ChannelNumberLabel,, ]$INFO[VideoPlayer.ChannelName,,: ]$INFO[VideoPlayer.Title][COLOR Grey2]$INFO[VideoPlayer.Year, (,)][/COLOR]</label>
					</control>
					<control type="label" id="1" description="Main label">
						<visible>VideoPlayer.Content(MusicVideos)</visible>
						<include>FullscreenInfoLabelMain</include>
						<label>$INFO[VideoPlayer.Artist]</label>
					</control>
					<control type="label" id="1" description="Main label">
						<visible>VideoPlayer.Content(Episodes)</visible>
						<include>FullscreenInfoLabelMain</include>
						<label>$INFO[VideoPlayer.Title]</label>
					</control>
					<control type="label" id="1" description="Label 2">
						<visible>VideoPlayer.Content(MusicVideos)</visible>
						<font>size17</font>
						<include>FullscreenInfoLabel2</include>
						<label>$INFO[VideoPlayer.Album]</label>
					</control>
					<control type="label" id="1" description="Label 2">
						<visible>Player.ChapterCount + !VideoPlayer.Content(LiveTV) + !VideoPlayer.Content(Episodes)</visible>
						<font>size17</font>
						<include>FullscreenInfoLabel2</include>
						<label>$LOCALIZE[21396]$INFO[Player.Chapter, : ]$INFO[Player.ChapterCount, / ]</label>
					</control>
					<control type="label" id="1" description="Label 2">
						<visible>VideoPlayer.Content(Episodes)</visible>
						<font>size17</font>
						<include>FullscreenInfoLabel2</include>
						<label>$INFO[VideoPlayer.TVShowTitle] - $LOCALIZE[20373] $INFO[VideoPlayer.Season], $LOCALIZE[20359] $INFO[VideoPlayer.Episode]</label>
					</control>
					<control type="label" id="1" description="channel">
						<visible>VideoPlayer.Content(LiveTV)</visible>
						<font>size17</font>
						<include>FullscreenInfoLabel2</include>
						<label>$LOCALIZE[19031]: $INFO[VideoPlayer.NextTitle, ]</label>
					</control>
					<control type="textbox" id="1">
						<posx>300</posx>
						<posy>104</posy>
						<width>1350</width>
						<height>140</height>
						<label>$INFO[VideoPlayer.Plot]</label>
						<align>justify</align>
						<!--<autoscroll>false</autoscroll>-->
						<font>size19</font>
					</control>
				</control>
				<control type="grouplist" id="1">
					<posx>1710</posx>
					<width>90</width>
					<posy>96</posy>
					<height>195</height>
					<itemgap>30</itemgap>
					<orientation>vertical</orientation>
					<align>right</align>
					<aligny>bottom</aligny>
					<control type="image" id="1">
						<height>45</height>
						<width>90</width>
						<posx>0</posx>
						<posy>0</posy>
						<bordersize>3</bordersize>
						<aspectratio>keep</aspectratio>
						<colordiffuse>Silver</colordiffuse>
						<texture>$INFO[VideoPlayer.VideoResolution,badges/video/,.png]</texture>
					</control>
					<control type="image" id="1">
						<visible>!String.IsEmpty(VideoPlayer.VideoCodec)</visible>
						<height>45</height>
						<width>90</width>
						<bordersize>3</bordersize>
						<aspectratio>keep</aspectratio>
						<colordiffuse>Silver</colordiffuse>
						<texture>$INFO[VideoPlayer.VideoCodec,badges/video/,.png]</texture>
					</control>
				</control>
				<control type="grouplist" id="1">
					<posx>1809</posx>
					<width>90</width>
					<posy>96</posy>
					<height>195</height>
					<itemgap>30</itemgap>
					<orientation>vertical</orientation>
					<align>right</align>
					<aligny>bottom</aligny>
					<control type="image" id="1">
						<visible>!String.IsEmpty(VideoPlayer.AudioChannels)</visible>
						<height>45</height>
						<width>90</width>
						<bordersize>3</bordersize>
						<aspectratio>keep</aspectratio>
						<colordiffuse>Silver</colordiffuse>
						<texture>$INFO[VideoPlayer.AudioChannels,badges/channels,.png]</texture>
					</control>
					<control type="image" id="1">
						<visible>!String.IsEmpty(VideoPlayer.AudioCodec)</visible>
						<height>45</height>
						<width>90</width>
						<bordersize>3</bordersize>
						<aspectratio>keep</aspectratio>
						<colordiffuse>Silver</colordiffuse>
						<texture>$INFO[VideoPlayer.AudioCodec,badges/audio/,.png]</texture>
					</control>
				</control>
			</control>
		</control>
		<control type="group" id="1">
			<depth>0.44</depth>
			<visible>Player.Caching</visible>
			<animation delay="300" effect="fade" time="200">Visible</animation>
			<animation effect="fade" delay="200" time="150">Hidden</animation>
			<centerleft>50%</centerleft>
			<width>110</width>
			<centertop>50%</centertop>
			<height>110</height>
			<control type="image" id="1">
				<centerleft>50%</centerleft>
				<centertop>50%</centertop>
				<width>130</width>
				<height>125</height>
				<texture colordiffuse="$VAR[OSDTransperancy]" border="12">HUD/HUDBackground.png</texture>
			</control>
			<control type="image" id="1">
				<centerleft>50%</centerleft>
				<centertop>50%</centertop>
				<width>92</width>
				<height>92</height>
				<texture>progress/loading-back.png</texture>
			</control>
			<control type="image" id="1">
				<centerleft>50%</centerleft>
				<centertop>50%</centertop>
				<width>92</width>
				<height>92</height>
				<texture colordiffuse="HL">$INFO[Player.CacheLevel,progress/extendedprogress/p,.png]</texture>
			</control>
			<control type="label" id="1">
				<description>buffering value</description>
				<label>$INFO[Player.CacheLevel]</label>
				<centerleft>50%</centerleft>
				<centertop>50%</centertop>
				<width>200</width>
				<height>200</height>
				<aligny>center</aligny>
				<align>center</align>
				<font>size18</font>
			</control>
		</control>
	</controls>
</window>
