﻿<?xml version="1.0" encoding="UTF-8" standalone="yes"?>
<addon 
    id="plugin.audio.sunshinelive_base_de"
    name="[COLOR blue]SUNSHINE LIVE BASE[/COLOR]"
    version="1.1.20" 
    provider-name="Loki1979 | SH Germania | Guido">
    <requires>
		<import addon="xbmc.python" version="2.1.0"/>
	</requires>
	<extension point="xbmc.python.pluginsource" library="addon.py">
		<provides>audio</provides>
	</extension>
	<extension point="xbmc.addon.metadata">
		<platform>all</platform>
		<summary>SUNSHINE BASE</summary>
		<description>
Hiermit bedanke ich mich bei Loki1979 und Guido für
ihre Hilfe und Geduld mit mir bei diesem Addon.
Vielen lieben Dank.

Besucht uns mal auf Facebook !

FACEBOOK GRUPPE HSK-DE:
HARDWARE - SOFTWARE - KODI - DE
https://www.facebook.com/groups/hskde/

SUNSHINE BASE WEB URL:
http://www.sunshine-live.de
</description>
		<license></license>
		<language></language>	
		<source></source>
		<email></email>
	</extension>
</addon>
