<?xml version='1.0' encoding='UTF-8'?>
<includes>
	<include name="skinshortcuts-mainmenu">
		<item id="1">
			<property name="id">$NUMBER[1]</property>
			<label>Musik</label>
			<label2>Musik-Addons</label2>
			<icon>DefaultShortcut.png</icon>
			<thumb />
			<property name="translatedPath">ActivateWindow(MusicLibrary,Addons,return)</property>
			<onclick condition="String.IsEqual(ListItem.Property(path),ActivateWindow(1129))">SetProperty(CustomSelectSearch,True,Home)</onclick>
			<onclick>ActivateWindow(Music,Addons,return)</onclick>
			<property name="path">ActivateWindow(Music,Addons,return)</property>
			<visible>String.IsEqual(System.ProfileName,Master user)</visible>
			<property name="submenuVisibility">musik</property>
			<property name="hasSubmenu">True</property>
		</item>
		<item id="2">
			<property name="id">$NUMBER[2]</property>
			<label>Mediatheken</label>
			<label2>Video Add-On</label2>
			<icon>DefaultShortcut.png</icon>
			<thumb>image://C%3a%5cUsers%5cheiko%5cAppData%5cRoaming%5cKodi%5caddons%5cplugin.video.mediathekdirekt%5cicon.png/</thumb>
			<property name="translatedPath">ActivateWindow(Videos,"plugin://plugin.video.mediathekdirekt",return)</property>
			<onclick condition="String.IsEqual(ListItem.Property(path),ActivateWindow(1129))">SetProperty(CustomSelectSearch,True,Home)</onclick>
			<onclick>ActivateWindow(Videos,"plugin://plugin.video.mediathekdirekt",return)</onclick>
			<property name="path">ActivateWindow(Videos,"plugin://plugin.video.mediathekdirekt",return)</property>
			<visible>String.IsEqual(System.ProfileName,Master user)</visible>
			<property name="submenuVisibility">plugin-video-mediathekdirekt</property>
			<property name="hasSubmenu">True</property>
		</item>
		<item id="3">
			<property name="id">$NUMBER[3]</property>
			<label>TV Addons</label>
			<label2>Video-Addons</label2>
			<icon>DefaultShortcut.png</icon>
			<thumb />
			<property name="translatedPath">ActivateWindow(Videos,Addons,return)</property>
			<onclick condition="String.IsEqual(ListItem.Property(path),ActivateWindow(1129))">SetProperty(CustomSelectSearch,True,Home)</onclick>
			<onclick>ActivateWindow(Videos,Addons,return)</onclick>
			<property name="path">ActivateWindow(Videos,Addons,return)</property>
			<visible>String.IsEqual(System.ProfileName,Master user)</visible>
			<property name="submenuVisibility">tvaddons</property>
			<property name="hasSubmenu">False</property>
		</item>
		<item id="4">
			<property name="id">$NUMBER[4]</property>
			<label>Videos</label>
			<label2>Video Add-On</label2>
			<icon>DefaultShortcut.png</icon>
			<thumb>image://C%3a%5cUsers%5cheiko%5cAppData%5cRoaming%5cKodi%5caddons%5cplugin.video.xstream%5cicon.png/</thumb>
			<property name="translatedPath">ActivateWindow(Videos,"plugin://plugin.video.xstream",return)</property>
			<onclick condition="String.IsEqual(ListItem.Property(path),ActivateWindow(1129))">SetProperty(CustomSelectSearch,True,Home)</onclick>
			<onclick>ActivateWindow(Videos,"plugin://plugin.video.xstream",return)</onclick>
			<property name="path">ActivateWindow(Videos,"plugin://plugin.video.xstream",return)</property>
			<visible>String.IsEqual(System.ProfileName,Master user)</visible>
			<property name="submenuVisibility">plugin-video-xstream</property>
			<property name="hasSubmenu">True</property>
		</item>
		<item id="5">
			<property name="id">$NUMBER[5]</property>
			<label>Serien</label>
			<label2>Video Add-On</label2>
			<icon>DefaultShortcut.png</icon>
			<thumb>image://C%3a%5cUsers%5cheiko%5cAppData%5cRoaming%5cKodi%5caddons%5cplugin.video.xstream%5cicon.png/</thumb>
			<property name="translatedPath">ActivateWindow(Videos,"plugin://plugin.video.xstream/?site=alleserien_com&amp;function=showContentMenu&amp;title=Serien&amp;sUrl=https%3A%2F%2Falleserien.com%2F%2Fserien&amp;type=Alle&amp;page=1",return)</property>
			<onclick condition="String.IsEqual(ListItem.Property(path),ActivateWindow(1129))">SetProperty(CustomSelectSearch,True,Home)</onclick>
			<onclick>ActivateWindow(Videos,"plugin://plugin.video.xstream/?site=alleserien_com&amp;function=showContentMenu&amp;title=Serien&amp;sUrl=https%3A%2F%2Falleserien.com%2F%2Fserien&amp;type=Alle&amp;page=1",return)</onclick>
			<property name="path">ActivateWindow(Videos,"plugin://plugin.video.xstream/?site=alleserien_com&amp;function=showContentMenu&amp;title=Serien&amp;sUrl=https%3A%2F%2Falleserien.com%2F%2Fserien&amp;type=Alle&amp;page=1",return)</property>
			<visible>String.IsEqual(System.ProfileName,Master user)</visible>
			<property name="submenuVisibility">serien</property>
			<property name="hasSubmenu">True</property>
		</item>
		<item id="6">
			<property name="id">$NUMBER[6]</property>
			<label>[COLOR red]LIVE TV [/COLOR]</label>
			<label2>Video Add-On</label2>
			<icon>DefaultShortcut.png</icon>
			<thumb>image://https%3a%2f%2fwww.worldatlas.com%2fr%2fw728-h425-c728x425%2fupload%2f63%2f3f%2f7a%2funtitled-design-281.jpg/</thumb>
			<property name="translatedPath">ActivateWindow(Videos,"plugin://plugin.video.PavooTv/?url=http%3A%2F%2Fpavootv.com%2FPAVOOTV%2Fgermany%2Fmenu.xml&amp;mode=1&amp;name=%5BB%5D+%5BI%5D+%5BCOLOR+red%5DDE-GERMANY+%5BB%5D+%5BI%5D+%5BCOLOR+white%5DLIVE+TV%5B%2FB%5D+%5B%2FI%5D+%5B%2FCOLOR%5D&amp;fanart=",return)</property>
			<onclick condition="String.IsEqual(ListItem.Property(path),ActivateWindow(1129))">SetProperty(CustomSelectSearch,True,Home)</onclick>
			<onclick>ActivateWindow(Videos,"plugin://plugin.video.PavooTv/?url=http%3A%2F%2Fpavootv.com%2FPAVOOTV%2Fgermany%2Fmenu.xml&amp;mode=1&amp;name=%5BB%5D+%5BI%5D+%5BCOLOR+red%5DDE-GERMANY+%5BB%5D+%5BI%5D+%5BCOLOR+white%5DLIVE+TV%5B%2FB%5D+%5B%2FI%5D+%5B%2FCOLOR%5D&amp;fanart=",return)</onclick>
			<property name="path">ActivateWindow(Videos,"plugin://plugin.video.PavooTv/?url=http%3A%2F%2Fpavootv.com%2FPAVOOTV%2Fgermany%2Fmenu.xml&amp;mode=1&amp;name=%5BB%5D+%5BI%5D+%5BCOLOR+red%5DDE-GERMANY+%5BB%5D+%5BI%5D+%5BCOLOR+white%5DLIVE+TV%5B%2FB%5D+%5B%2FI%5D+%5B%2FCOLOR%5D&amp;fanart=",return)</property>
			<visible>String.IsEqual(System.ProfileName,Master user)</visible>
			<property name="submenuVisibility">colorred-livetv-color</property>
			<property name="hasSubmenu">True</property>
		</item>
		<item id="7">
			<property name="id">$NUMBER[7]</property>
			<label>Appz</label>
			<label2>Programm-Addons</label2>
			<icon>DefaultShortcut.png</icon>
			<thumb />
			<property name="translatedPath">ActivateWindow(Programs,Addons,return)</property>
			<onclick condition="String.IsEqual(ListItem.Property(path),ActivateWindow(1129))">SetProperty(CustomSelectSearch,True,Home)</onclick>
			<onclick>ActivateWindow(Programs,Addons,return)</onclick>
			<property name="path">ActivateWindow(Programs,Addons,return)</property>
			<visible>String.IsEqual(System.ProfileName,Master user)</visible>
			<property name="submenuVisibility">appz</property>
			<property name="hasSubmenu">True</property>
		</item>
		<item id="8">
			<property name="id">$NUMBER[8]</property>
			<label>RetroZockerEcke</label>
			<label2>Programm</label2>
			<icon>DefaultShortcut.png</icon>
			<thumb>image://C%3a%5cUsers%5cheiko%5cAppData%5cRoaming%5cKodi%5caddons%5cplugin.program.AML%5cmedia%5cicon.png/</thumb>
			<property name="translatedPath">ActivateWindow(Programs,"plugin://plugin.program.AML",return)</property>
			<visible>System.GetBool(gamesgeneral.enable)</visible>
			<onclick condition="String.IsEqual(ListItem.Property(path),ActivateWindow(1129))">SetProperty(CustomSelectSearch,True,Home)</onclick>
			<onclick>ActivateWindow(Programs,"plugin://plugin.program.AML",return)</onclick>
			<property name="path">ActivateWindow(Programs,"plugin://plugin.program.AML",return)</property>
			<visible>String.IsEqual(System.ProfileName,Master user)</visible>
			<property name="submenuVisibility">plugin-program-aml</property>
			<property name="hasSubmenu">False</property>
		</item>
		<item id="9">
			<property name="id">$NUMBER[9]</property>
			<label>$LOCALIZE[13000]</label>
			<label2 />
			<icon>special://skin/extras/icons/DefaultAddonService.png</icon>
			<thumb />
			<onclick condition="String.IsEqual(ListItem.Property(path),ActivateWindow(1129))">SetProperty(CustomSelectSearch,True,Home)</onclick>
			<onclick>ActivateWindow(Settings)</onclick>
			<property name="path">ActivateWindow(Settings)</property>
			<visible>String.IsEqual(System.ProfileName,Master user)</visible>
			<property name="submenuVisibility">num-13000</property>
			<property name="hasSubmenu">True</property>
		</item>
		<item id="10">
			<property name="id">$NUMBER[10]</property>
			<label>Suche</label>
			<label2>Programm</label2>
			<icon>DefaultShortcut.png</icon>
			<thumb>image://C%3a%5cUsers%5cheiko%5cAppData%5cRoaming%5cKodi%5caddons%5cscript.globalsearch%5cresources%5cicon.png/</thumb>
			<property name="translatedPath">RunAddOn(script.globalsearch)</property>
			<onclick condition="String.IsEqual(ListItem.Property(path),ActivateWindow(1129))">SetProperty(CustomSelectSearch,True,Home)</onclick>
			<onclick>RunAddOn(script.globalsearch)</onclick>
			<property name="path">RunAddOn(script.globalsearch)</property>
			<visible>String.IsEqual(System.ProfileName,Master user)</visible>
			<property name="submenuVisibility">script-globalsearch</property>
			<property name="hasSubmenu">False</property>
		</item>
		<item id="11">
			<property name="id">$NUMBER[11]</property>
			<label>$LOCALIZE[31958]</label>
			<label2 />
			<icon>special://skin/extras/icons/Disc.png</icon>
			<thumb />
			<visible>System.HasMediaDVD</visible>
			<onclick condition="String.IsEqual(ListItem.Property(path),ActivateWindow(1129))">SetProperty(CustomSelectSearch,True,Home)</onclick>
			<onclick>PlayDisc</onclick>
			<property name="path">PlayDisc</property>
			<visible>String.IsEqual(System.ProfileName,Master user)</visible>
			<property name="submenuVisibility">num-31958</property>
			<property name="hasSubmenu">True</property>
		</item>
		<item id="12">
			<property name="id">$NUMBER[12]</property>
			<label>$LOCALIZE[33060]</label>
			<label2 />
			<icon>special://skin/extras/icons/power.png</icon>
			<thumb />
			<onclick condition="String.IsEqual(ListItem.Property(path),ActivateWindow(1129))">SetProperty(CustomSelectSearch,True,Home)</onclick>
			<onclick>ActivateWindow(shutdownmenu)</onclick>
			<property name="path">ActivateWindow(shutdownmenu)</property>
			<visible>String.IsEqual(System.ProfileName,Master user)</visible>
			<property name="submenuVisibility">num-33060</property>
			<property name="hasSubmenu">True</property>
		</item>
		<item id="13">
			<property name="id">$NUMBER[13]</property>
			<label>$LOCALIZE[1036]</label>
			<label2 />
			<icon>special://skin/extras/icons/Favorites.png</icon>
			<thumb />
			<onclick condition="String.IsEqual(ListItem.Property(path),ActivateWindow(1129))">SetProperty(CustomSelectSearch,True,Home)</onclick>
			<onclick>ActivateWindow(Favourites)</onclick>
			<property name="path">ActivateWindow(Favourites)</property>
			<visible>String.IsEqual(System.ProfileName,Master user)</visible>
			<property name="submenuVisibility">num-1036</property>
			<property name="hasSubmenu">False</property>
		</item>
	</include>
	<include />
	<include name="skinshortcuts-submenu">
		<item id="1">
			<property name="id">$NUMBER[1]</property>
			<property name="mainmenuid">1</property>
			<label>Deezer</label>
			<label2>Musik Add-On</label2>
			<icon>DefaultShortcut.png</icon>
			<thumb>image://C%3a%5cUsers%5cheiko%5cAppData%5cRoaming%5cKodi%5caddons%5cplugin.audio.deezer%5cicon.png/</thumb>
			<property name="translatedPath">ActivateWindow(Music,"plugin://plugin.audio.deezer",return)</property>
			<onclick>ActivateWindow(Music,"plugin://plugin.audio.deezer",return)</onclick>
			<property name="path">ActivateWindow(Music,"plugin://plugin.audio.deezer",return)</property>
			<visible>[String.IsEqual(System.ProfileName,Master user)] + String.IsEqual(Container(9000).ListItem.Property(submenuVisibility),musik)</visible>
			<property name="isSubmenu">True</property>
		</item>
		<item id="2">
			<property name="id">$NUMBER[2]</property>
			<property name="mainmenuid">1</property>
			<label>MTV </label>
			<label2>Video Add-On</label2>
			<icon>DefaultShortcut.png</icon>
			<thumb>image://C%3a%5cUsers%5cheiko%5cAppData%5cRoaming%5cKodi%5caddons%5cplugin.video.L0RE.mtv%5cicon.png/</thumb>
			<property name="translatedPath">ActivateWindow(Videos,"plugin://plugin.video.L0RE.mtv",return)</property>
			<onclick>ActivateWindow(Videos,"plugin://plugin.video.L0RE.mtv",return)</onclick>
			<property name="path">ActivateWindow(Videos,"plugin://plugin.video.L0RE.mtv",return)</property>
			<visible>[String.IsEqual(System.ProfileName,Master user)] + String.IsEqual(Container(9000).ListItem.Property(submenuVisibility),musik)</visible>
			<property name="isSubmenu">True</property>
		</item>
		<item id="3">
			<property name="id">$NUMBER[3]</property>
			<property name="mainmenuid">1</property>
			<label>Youtube Music</label>
			<label2>Video Add-On</label2>
			<icon>DefaultShortcut.png</icon>
			<thumb>image://C%3a%5cUsers%5cheiko%5cAppData%5cRoaming%5cKodi%5caddons%5cplugin.video.spotitube%5cicon.png/</thumb>
			<property name="translatedPath">ActivateWindow(Videos,"plugin://plugin.video.spotitube",return)</property>
			<onclick>ActivateWindow(Videos,"plugin://plugin.video.spotitube",return)</onclick>
			<property name="path">ActivateWindow(Videos,"plugin://plugin.video.spotitube",return)</property>
			<visible>[String.IsEqual(System.ProfileName,Master user)] + String.IsEqual(Container(9000).ListItem.Property(submenuVisibility),musik)</visible>
			<property name="isSubmenu">True</property>
		</item>
		<item id="1">
			<property name="id">$NUMBER[1]</property>
			<property name="mainmenuid">2</property>
			<label>Funk </label>
			<label2>Video Add-On</label2>
			<icon>DefaultShortcut.png</icon>
			<thumb>image://C%3a%5cUsers%5cheiko%5cAppData%5cRoaming%5cKodi%5caddons%5cplugin.video.funkmediathek%5cicon.png/</thumb>
			<property name="translatedPath">ActivateWindow(Videos,"plugin://plugin.video.funkmediathek",return)</property>
			<onclick>ActivateWindow(Videos,"plugin://plugin.video.funkmediathek",return)</onclick>
			<property name="path">ActivateWindow(Videos,"plugin://plugin.video.funkmediathek",return)</property>
			<visible>[String.IsEqual(System.ProfileName,Master user)] + String.IsEqual(Container(9000).ListItem.Property(submenuVisibility),plugin-video-mediathekdirekt)</visible>
			<property name="isSubmenu">True</property>
		</item>
		<item id="2">
			<property name="id">$NUMBER[2]</property>
			<property name="mainmenuid">2</property>
			<label>Joyn</label>
			<label2>Video Add-On</label2>
			<icon>DefaultShortcut.png</icon>
			<thumb>image://C%3a%5cUsers%5cheiko%5cAppData%5cRoaming%5cKodi%5caddons%5cplugin.video.joyn%5cresources%5cmedia%5cicon.png/</thumb>
			<property name="translatedPath">ActivateWindow(Videos,"plugin://plugin.video.joyn",return)</property>
			<onclick>ActivateWindow(Videos,"plugin://plugin.video.joyn",return)</onclick>
			<property name="path">ActivateWindow(Videos,"plugin://plugin.video.joyn",return)</property>
			<visible>[String.IsEqual(System.ProfileName,Master user)] + String.IsEqual(Container(9000).ListItem.Property(submenuVisibility),plugin-video-mediathekdirekt)</visible>
			<property name="isSubmenu">True</property>
		</item>
		<item id="3">
			<property name="id">$NUMBER[3]</property>
			<property name="mainmenuid">2</property>
			<label>ProSiebenSat.1</label>
			<label2>Video Add-On</label2>
			<icon>DefaultShortcut.png</icon>
			<thumb>image://C%3a%5cUsers%5cheiko%5cAppData%5cRoaming%5cKodi%5caddons%5cplugin.video.prosiebensat1%5cresources%5cicon.png/</thumb>
			<property name="translatedPath">ActivateWindow(Videos,"plugin://plugin.video.prosiebensat1",return)</property>
			<onclick>ActivateWindow(Videos,"plugin://plugin.video.prosiebensat1",return)</onclick>
			<property name="path">ActivateWindow(Videos,"plugin://plugin.video.prosiebensat1",return)</property>
			<visible>[String.IsEqual(System.ProfileName,Master user)] + String.IsEqual(Container(9000).ListItem.Property(submenuVisibility),plugin-video-mediathekdirekt)</visible>
			<property name="isSubmenu">True</property>
		</item>
		<item id="4">
			<property name="id">$NUMBER[4]</property>
			<property name="mainmenuid">2</property>
			<label>SPIEGEL.TV [COLOR FF00EE00][/COLOR]</label>
			<label2>Video Add-On</label2>
			<icon>DefaultShortcut.png</icon>
			<thumb>image://C%3a%5cUsers%5cheiko%5cAppData%5cRoaming%5cKodi%5caddons%5cplugin.video.tyl0re.spiegeltv%5cicon.png/</thumb>
			<property name="translatedPath">ActivateWindow(Videos,"plugin://plugin.video.tyl0re.spiegeltv",return)</property>
			<onclick>ActivateWindow(Videos,"plugin://plugin.video.tyl0re.spiegeltv",return)</onclick>
			<property name="path">ActivateWindow(Videos,"plugin://plugin.video.tyl0re.spiegeltv",return)</property>
			<visible>[String.IsEqual(System.ProfileName,Master user)] + String.IsEqual(Container(9000).ListItem.Property(submenuVisibility),plugin-video-mediathekdirekt)</visible>
			<property name="isSubmenu">True</property>
		</item>
		<item id="5">
			<property name="id">$NUMBER[5]</property>
			<property name="mainmenuid">2</property>
			<label>TVNOW - RTL</label>
			<label2>Video Add-On</label2>
			<icon>DefaultShortcut.png</icon>
			<thumb>image://C%3a%5cUsers%5cheiko%5cAppData%5cRoaming%5cKodi%5caddons%5cplugin.video.rtlnow%5cicon.png/</thumb>
			<property name="translatedPath">ActivateWindow(Videos,"plugin://plugin.video.rtlnow",return)</property>
			<onclick>ActivateWindow(Videos,"plugin://plugin.video.rtlnow",return)</onclick>
			<property name="path">ActivateWindow(Videos,"plugin://plugin.video.rtlnow",return)</property>
			<visible>[String.IsEqual(System.ProfileName,Master user)] + String.IsEqual(Container(9000).ListItem.Property(submenuVisibility),plugin-video-mediathekdirekt)</visible>
			<property name="isSubmenu">True</property>
		</item>
		<item id="1">
			<property name="id">$NUMBER[1]</property>
			<property name="mainmenuid">4</property>
			<label>[COLOR lime]HD-Filme.cc[/COLOR]</label>
			<label2>Video Add-On</label2>
			<icon>DefaultShortcut.png</icon>
			<thumb>image://C%3a%5cUsers%5cheiko%5cAppData%5cRoaming%5cKodi%5caddons%5cplugin.video.hdfilme.cc%5cresources%5cicon.png/</thumb>
			<property name="translatedPath">ActivateWindow(Videos,"plugin://plugin.video.hdfilme.cc",return)</property>
			<onclick>ActivateWindow(Videos,"plugin://plugin.video.hdfilme.cc",return)</onclick>
			<property name="path">ActivateWindow(Videos,"plugin://plugin.video.hdfilme.cc",return)</property>
			<visible>[String.IsEqual(System.ProfileName,Master user)] + String.IsEqual(Container(9000).ListItem.Property(submenuVisibility),plugin-video-xstream)</visible>
			<property name="isSubmenu">True</property>
		</item>
		<item id="2">
			<property name="id">$NUMBER[2]</property>
			<property name="mainmenuid">4</property>
			<label>[COLOR gold]X-Cine.tv[/COLOR]</label>
			<label2>Video Add-On</label2>
			<icon>DefaultShortcut.png</icon>
			<thumb>image://C%3a%5cUsers%5cheiko%5cAppData%5cRoaming%5cKodi%5caddons%5cplugin.video.xcine.tv%5cresources%5cicon.png/</thumb>
			<property name="translatedPath">ActivateWindow(Videos,"plugin://plugin.video.xcine.tv",return)</property>
			<onclick>ActivateWindow(Videos,"plugin://plugin.video.xcine.tv",return)</onclick>
			<property name="path">ActivateWindow(Videos,"plugin://plugin.video.xcine.tv",return)</property>
			<visible>[String.IsEqual(System.ProfileName,Master user)] + String.IsEqual(Container(9000).ListItem.Property(submenuVisibility),plugin-video-xstream)</visible>
			<property name="isSubmenu">True</property>
		</item>
		<item id="3">
			<property name="id">$NUMBER[3]</property>
			<property name="mainmenuid">4</property>
			<label>FilmPalast</label>
			<label2>Video Add-On</label2>
			<icon>DefaultShortcut.png</icon>
			<thumb>image://C%3a%5cUsers%5cheiko%5cAppData%5cRoaming%5cKodi%5caddons%5cplugin.video.filmpalast_to%5cicon.png/</thumb>
			<property name="translatedPath">ActivateWindow(Videos,"plugin://plugin.video.filmpalast_to",return)</property>
			<onclick>ActivateWindow(Videos,"plugin://plugin.video.filmpalast_to",return)</onclick>
			<property name="path">ActivateWindow(Videos,"plugin://plugin.video.filmpalast_to",return)</property>
			<visible>[String.IsEqual(System.ProfileName,Master user)] + String.IsEqual(Container(9000).ListItem.Property(submenuVisibility),plugin-video-xstream)</visible>
			<property name="isSubmenu">True</property>
		</item>
		<item id="4">
			<property name="id">$NUMBER[4]</property>
			<property name="mainmenuid">4</property>
			<label>Netzkino</label>
			<label2>Video Add-On</label2>
			<icon>DefaultShortcut.png</icon>
			<thumb>image://C%3a%5cUsers%5cheiko%5cAppData%5cRoaming%5cKodi%5caddons%5cplugin.video.netzkino_de%5cicon.png/</thumb>
			<property name="translatedPath">ActivateWindow(Videos,"plugin://plugin.video.netzkino_de",return)</property>
			<onclick>ActivateWindow(Videos,"plugin://plugin.video.netzkino_de",return)</onclick>
			<property name="path">ActivateWindow(Videos,"plugin://plugin.video.netzkino_de",return)</property>
			<visible>[String.IsEqual(System.ProfileName,Master user)] + String.IsEqual(Container(9000).ListItem.Property(submenuVisibility),plugin-video-xstream)</visible>
			<property name="isSubmenu">True</property>
		</item>
		<item id="1">
			<property name="id">$NUMBER[1]</property>
			<property name="mainmenuid">5</property>
			<label>$LOCALIZE[4]</label>
			<label2 />
			<icon>DefaultShortcut.png</icon>
			<thumb />
			<visible>[System.HasAddon(script.tv.show.next.aired)] + String.IsEqual(Container(9000).ListItem.Property(submenuVisibility),serien)</visible>
			<onclick>RunAddon(script.tv.show.next.aired,return)</onclick>
			<property name="path">RunAddon(script.tv.show.next.aired,return)</property>
			<visible>String.IsEqual(System.ProfileName,Master user)</visible>
			<property name="isSubmenu">True</property>
		</item>
		<item id="2">
			<property name="id">$NUMBER[2]</property>
			<property name="mainmenuid">5</property>
			<label>South Park</label>
			<label2>Video Add-On</label2>
			<icon>DefaultShortcut.png</icon>
			<thumb>image://C%3a%5cUsers%5cheiko%5cAppData%5cRoaming%5cKodi%5caddons%5cplugin.video.southpark_unofficial%5cicon.png/</thumb>
			<property name="translatedPath">ActivateWindow(Videos,"plugin://plugin.video.southpark_unofficial",return)</property>
			<onclick>ActivateWindow(Videos,"plugin://plugin.video.southpark_unofficial",return)</onclick>
			<property name="path">ActivateWindow(Videos,"plugin://plugin.video.southpark_unofficial",return)</property>
			<visible>[String.IsEqual(System.ProfileName,Master user)] + String.IsEqual(Container(9000).ListItem.Property(submenuVisibility),serien)</visible>
			<property name="isSubmenu">True</property>
		</item>
		<item id="3">
			<property name="id">$NUMBER[3]</property>
			<property name="mainmenuid">5</property>
			<label>SerienStream</label>
			<label2>Video Add-On</label2>
			<icon>DefaultShortcut.png</icon>
			<thumb>image://C%3a%5cUsers%5cheiko%5cAppData%5cRoaming%5cKodi%5caddons%5cplugin.video.xstream%5cresources%5cart%5csites%5cserienstream.png/</thumb>
			<property name="translatedPath">ActivateWindow(Videos,"plugin://plugin.video.xstream/?site=serienstream_to&amp;function=load&amp;title=SerienStream&amp;params=0",return)</property>
			<onclick>ActivateWindow(Videos,"plugin://plugin.video.xstream/?site=serienstream_to&amp;function=load&amp;title=SerienStream&amp;params=0",return)</onclick>
			<property name="path">ActivateWindow(Videos,"plugin://plugin.video.xstream/?site=serienstream_to&amp;function=load&amp;title=SerienStream&amp;params=0",return)</property>
			<visible>[String.IsEqual(System.ProfileName,Master user)] + String.IsEqual(Container(9000).ListItem.Property(submenuVisibility),serien)</visible>
			<property name="isSubmenu">True</property>
		</item>
		<item id="4">
			<property name="id">$NUMBER[4]</property>
			<property name="mainmenuid">5</property>
			<label>Sandmann</label>
			<label2>Video Add-On</label2>
			<icon>DefaultShortcut.png</icon>
			<thumb>image://C%3a%5cUsers%5cheiko%5cAppData%5cRoaming%5cKodi%5caddons%5cplugin.video.sandmann%5cicon.png/</thumb>
			<property name="translatedPath">ActivateWindow(Videos,"plugin://plugin.video.sandmann",return)</property>
			<onclick>ActivateWindow(Videos,"plugin://plugin.video.sandmann",return)</onclick>
			<property name="path">ActivateWindow(Videos,"plugin://plugin.video.sandmann",return)</property>
			<visible>[String.IsEqual(System.ProfileName,Master user)] + String.IsEqual(Container(9000).ListItem.Property(submenuVisibility),serien)</visible>
			<property name="isSubmenu">True</property>
		</item>
		<item id="1">
			<property name="id">$NUMBER[1]</property>
			<property name="mainmenuid">6</property>
			<label>[B][COLOR green]=&gt; [COLOR skyblue]Rob TV - Live[/B][/COLOR]</label>
			<label2>Video Add-On</label2>
			<icon>DefaultShortcut.png</icon>
			<thumb>image://https%3a%2f%2fghost-repo.de%2fGhost_Portal%2fRobTV%2ficon.png/</thumb>
			<property name="translatedPath">ActivateWindow(Videos,"plugin://plugin.video.robtv/?url=https%3A%2F%2Ft1p.de%2Fi5bf&amp;mode=2&amp;name=%5BB%5D%5BCOLOR+green%5D%3D%3E+%5BCOLOR+skyblue%5DRob+TV+-+Live%5B%2FB%5D%5B%2FCOLOR%5D&amp;fanart=https%3A%2F%2Fghost-repo.de%2FGhost_Portal%2FRobTV%2Ficon.png",return)</property>
			<onclick>ActivateWindow(Videos,"plugin://plugin.video.robtv/?url=https%3A%2F%2Ft1p.de%2Fi5bf&amp;mode=2&amp;name=%5BB%5D%5BCOLOR+green%5D%3D%3E+%5BCOLOR+skyblue%5DRob+TV+-+Live%5B%2FB%5D%5B%2FCOLOR%5D&amp;fanart=https%3A%2F%2Fghost-repo.de%2FGhost_Portal%2FRobTV%2Ficon.png",return)</onclick>
			<property name="path">ActivateWindow(Videos,"plugin://plugin.video.robtv/?url=https%3A%2F%2Ft1p.de%2Fi5bf&amp;mode=2&amp;name=%5BB%5D%5BCOLOR+green%5D%3D%3E+%5BCOLOR+skyblue%5DRob+TV+-+Live%5B%2FB%5D%5B%2FCOLOR%5D&amp;fanart=https%3A%2F%2Fghost-repo.de%2FGhost_Portal%2FRobTV%2Ficon.png",return)</property>
			<visible>[String.IsEqual(System.ProfileName,Master user)] + String.IsEqual(Container(9000).ListItem.Property(submenuVisibility),colorred-livetv-color)</visible>
			<property name="isSubmenu">True</property>
		</item>
		<item id="2">
			<property name="id">$NUMBER[2]</property>
			<property name="mainmenuid">6</property>
			<label> [COLOR red]GERMANY LIVE [B] [I] [COLOR gold]TV[/B] [/I] [/COLOR]</label>
			<label2>Video Add-On</label2>
			<icon>DefaultShortcut.png</icon>
			<thumb>image://https%3a%2f%2fwww.worldatlas.com%2fr%2fw728-h425-c728x425%2fupload%2f63%2f3f%2f7a%2funtitled-design-281.jpg/</thumb>
			<property name="translatedPath">ActivateWindow(Videos,"plugin://plugin.video.RobinHoodTv/?url=http%3A%2F%2Fkodibalkan.com%2FMenuWorld%2FGERMANY%2Fmenu.xml&amp;mode=1&amp;name=%5BB%5D+%5BI%5D+%5BCOLOR+black%5DDE%5BB%5D+%5BI%5D+%5BCOLOR+red%5D-GERMANY+LIVE+%5BB%5D+%5BI%5D+%5BCOLOR+gold%5DTV%5B%2FB%5D+%5B%2FI%5D+%5B%2FCOLOR%5D&amp;fanart=http%3A%2F%2Fkodibalkan.com%2Frepo%2Fprogrami%2Fplugin.video.RobinHoodTv%2Ffanart.jpg",return)</property>
			<onclick>ActivateWindow(Videos,"plugin://plugin.video.RobinHoodTv/?url=http%3A%2F%2Fkodibalkan.com%2FMenuWorld%2FGERMANY%2Fmenu.xml&amp;mode=1&amp;name=%5BB%5D+%5BI%5D+%5BCOLOR+black%5DDE%5BB%5D+%5BI%5D+%5BCOLOR+red%5D-GERMANY+LIVE+%5BB%5D+%5BI%5D+%5BCOLOR+gold%5DTV%5B%2FB%5D+%5B%2FI%5D+%5B%2FCOLOR%5D&amp;fanart=http%3A%2F%2Fkodibalkan.com%2Frepo%2Fprogrami%2Fplugin.video.RobinHoodTv%2Ffanart.jpg",return)</onclick>
			<property name="path">ActivateWindow(Videos,"plugin://plugin.video.RobinHoodTv/?url=http%3A%2F%2Fkodibalkan.com%2FMenuWorld%2FGERMANY%2Fmenu.xml&amp;mode=1&amp;name=%5BB%5D+%5BI%5D+%5BCOLOR+black%5DDE%5BB%5D+%5BI%5D+%5BCOLOR+red%5D-GERMANY+LIVE+%5BB%5D+%5BI%5D+%5BCOLOR+gold%5DTV%5B%2FB%5D+%5B%2FI%5D+%5B%2FCOLOR%5D&amp;fanart=http%3A%2F%2Fkodibalkan.com%2Frepo%2Fprogrami%2Fplugin.video.RobinHoodTv%2Ffanart.jpg",return)</property>
			<visible>[String.IsEqual(System.ProfileName,Master user)] + String.IsEqual(Container(9000).ListItem.Property(submenuVisibility),colorred-livetv-color)</visible>
			<property name="isSubmenu">True</property>
		</item>
		<item id="1">
			<property name="id">$NUMBER[1]</property>
			<property name="mainmenuid">7</property>
			<label>Backup</label>
			<label2>Programm</label2>
			<icon>DefaultShortcut.png</icon>
			<thumb>image://C%3a%5cUsers%5cheiko%5cAppData%5cRoaming%5cKodi%5caddons%5cscript.xbmcbackup%5cicon.png/</thumb>
			<property name="translatedPath">RunAddOn(script.xbmcbackup)</property>
			<onclick>RunAddOn(script.xbmcbackup)</onclick>
			<property name="path">RunAddOn(script.xbmcbackup)</property>
			<visible>[String.IsEqual(System.ProfileName,Master user)] + String.IsEqual(Container(9000).ListItem.Property(submenuVisibility),appz)</visible>
			<property name="isSubmenu">True</property>
		</item>
		<item id="2">
			<property name="id">$NUMBER[2]</property>
			<property name="mainmenuid">7</property>
			<label>Forum Browser</label>
			<label2>Programm</label2>
			<icon>DefaultShortcut.png</icon>
			<thumb>image://C%3a%5cUsers%5cheiko%5cAppData%5cRoaming%5cKodi%5caddons%5cscript.forum.browser%5cicon.png/</thumb>
			<property name="translatedPath">RunAddOn(script.forum.browser)</property>
			<onclick>RunAddOn(script.forum.browser)</onclick>
			<property name="path">RunAddOn(script.forum.browser)</property>
			<visible>[String.IsEqual(System.ProfileName,Master user)] + String.IsEqual(Container(9000).ListItem.Property(submenuVisibility),appz)</visible>
			<property name="isSubmenu">True</property>
		</item>
		<item id="3">
			<property name="id">$NUMBER[3]</property>
			<property name="mainmenuid">7</property>
			<label>Speed Tester</label>
			<label2>Programm</label2>
			<icon>DefaultShortcut.png</icon>
			<thumb>image://C%3a%5cUsers%5cheiko%5cAppData%5cRoaming%5cKodi%5caddons%5cscript.speedtester%5cicon.png/</thumb>
			<property name="translatedPath">RunAddOn(script.speedtester)</property>
			<onclick>RunAddOn(script.speedtester)</onclick>
			<property name="path">RunAddOn(script.speedtester)</property>
			<visible>[String.IsEqual(System.ProfileName,Master user)] + String.IsEqual(Container(9000).ListItem.Property(submenuVisibility),appz)</visible>
			<property name="isSubmenu">True</property>
		</item>
		<item id="4">
			<property name="id">$NUMBER[4]</property>
			<property name="mainmenuid">7</property>
			<label>Reddit.com</label>
			<label2>Video Add-On</label2>
			<icon>DefaultShortcut.png</icon>
			<thumb>image://C%3a%5cUsers%5cheiko%5cAppData%5cRoaming%5cKodi%5caddons%5cplugin.video.reddit_tv%5cicon.png/</thumb>
			<property name="translatedPath">ActivateWindow(Videos,"plugin://plugin.video.reddit_tv",return)</property>
			<onclick>ActivateWindow(Videos,"plugin://plugin.video.reddit_tv",return)</onclick>
			<property name="path">ActivateWindow(Videos,"plugin://plugin.video.reddit_tv",return)</property>
			<visible>[String.IsEqual(System.ProfileName,Master user)] + String.IsEqual(Container(9000).ListItem.Property(submenuVisibility),appz)</visible>
			<property name="isSubmenu">True</property>
		</item>
		<item id="1">
			<property name="id">$NUMBER[1]</property>
			<property name="mainmenuid">9</property>
			<label>$LOCALIZE[130]</label>
			<label2 />
			<icon>DefaultShortcut.png</icon>
			<thumb />
			<onclick>ActivateWindow(SystemInfo)</onclick>
			<property name="path">ActivateWindow(SystemInfo)</property>
			<visible>[String.IsEqual(System.ProfileName,Master user)] + String.IsEqual(Container(9000).ListItem.Property(submenuVisibility),num-13000)</visible>
			<property name="isSubmenu">True</property>
		</item>
		<item id="2">
			<property name="id">$NUMBER[2]</property>
			<property name="mainmenuid">9</property>
			<label>$LOCALIZE[33060]</label>
			<label2 />
			<icon>DefaultShortcut.png</icon>
			<thumb />
			<onclick>ActivateWindow(shutdownmenu)</onclick>
			<property name="path">ActivateWindow(shutdownmenu)</property>
			<visible>[String.IsEqual(System.ProfileName,Master user)] + String.IsEqual(Container(9000).ListItem.Property(submenuVisibility),num-13000)</visible>
			<property name="isSubmenu">True</property>
		</item>
		<item id="3">
			<property name="id">$NUMBER[3]</property>
			<property name="mainmenuid">9</property>
			<label>$LOCALIZE[20077]</label>
			<label2 />
			<icon>DefaultShortcut.png</icon>
			<thumb />
			<onclick>ActivateWindow(SkinSettings)</onclick>
			<property name="path">ActivateWindow(SkinSettings)</property>
			<visible>[String.IsEqual(System.ProfileName,Master user)] + String.IsEqual(Container(9000).ListItem.Property(submenuVisibility),num-13000)</visible>
			<property name="isSubmenu">True</property>
		</item>
		<item id="4">
			<property name="id">$NUMBER[4]</property>
			<property name="mainmenuid">9</property>
			<label>$LOCALIZE[7]</label>
			<label2 />
			<icon>DefaultShortcut.png</icon>
			<thumb />
			<onclick>ActivateWindow(FileManager)</onclick>
			<property name="path">ActivateWindow(FileManager)</property>
			<visible>[String.IsEqual(System.ProfileName,Master user)] + String.IsEqual(Container(9000).ListItem.Property(submenuVisibility),num-13000)</visible>
			<property name="isSubmenu">True</property>
		</item>
		<item id="5">
			<property name="id">$NUMBER[5]</property>
			<property name="mainmenuid">9</property>
			<label>$LOCALIZE[13200]</label>
			<label2 />
			<icon>DefaultShortcut.png</icon>
			<thumb />
			<onclick>ActivateWindow(Profiles)</onclick>
			<property name="path">ActivateWindow(Profiles)</property>
			<visible>[String.IsEqual(System.ProfileName,Master user)] + String.IsEqual(Container(9000).ListItem.Property(submenuVisibility),num-13000)</visible>
			<property name="isSubmenu">True</property>
		</item>
		<item id="6">
			<property name="id">$NUMBER[6]</property>
			<property name="mainmenuid">9</property>
			<label>$LOCALIZE[31159]</label>
			<label2 />
			<icon>DefaultShortcut.png</icon>
			<thumb />
			<visible>[system.getbool(eventlog.enabled)] + String.IsEqual(Container(9000).ListItem.Property(submenuVisibility),num-13000)</visible>
			<onclick>ActivateWindow(Eventlog)</onclick>
			<property name="path">ActivateWindow(Eventlog)</property>
			<visible>String.IsEqual(System.ProfileName,Master user)</visible>
			<property name="isSubmenu">True</property>
		</item>
		<item id="1">
			<property name="id">$NUMBER[1]</property>
			<property name="mainmenuid">11</property>
			<label>$LOCALIZE[31485]</label>
			<label2 />
			<icon>DefaultShortcut.png</icon>
			<thumb />
			<onclick>EjectTray()</onclick>
			<property name="path">EjectTray()</property>
			<visible>[String.IsEqual(System.ProfileName,Master user)] + String.IsEqual(Container(9000).ListItem.Property(submenuVisibility),num-31958)</visible>
			<property name="isSubmenu">True</property>
		</item>
		<item id="2">
			<property name="id">$NUMBER[2]</property>
			<property name="mainmenuid">11</property>
			<label>$LOCALIZE[600]</label>
			<label2 />
			<icon>DefaultShortcut.png</icon>
			<thumb />
			<visible>[System.HasMediaAudioCD] + String.IsEqual(Container(9000).ListItem.Property(submenuVisibility),num-31958)</visible>
			<onclick>RipCD</onclick>
			<property name="path">RipCD</property>
			<visible>String.IsEqual(System.ProfileName,Master user)</visible>
			<property name="isSubmenu">True</property>
		</item>
		<item id="1">
			<property name="id">$NUMBER[1]</property>
			<property name="mainmenuid">12</property>
			<label>$LOCALIZE[13016]</label>
			<label2 />
			<icon>DefaultShortcut.png</icon>
			<thumb />
			<visible>[System.CanPowerDown] + String.IsEqual(Container(9000).ListItem.Property(submenuVisibility),num-33060)</visible>
			<onclick>Powerdown()</onclick>
			<property name="path">Powerdown()</property>
			<visible>String.IsEqual(System.ProfileName,Master user)</visible>
			<property name="isSubmenu">True</property>
		</item>
		<item id="2">
			<property name="id">$NUMBER[2]</property>
			<property name="mainmenuid">12</property>
			<label>$LOCALIZE[13013]</label>
			<label2 />
			<icon>DefaultShortcut.png</icon>
			<thumb />
			<visible>[System.CanReboot] + String.IsEqual(Container(9000).ListItem.Property(submenuVisibility),num-33060)</visible>
			<onclick>Reset()</onclick>
			<property name="path">Reset()</property>
			<visible>String.IsEqual(System.ProfileName,Master user)</visible>
			<property name="isSubmenu">True</property>
		</item>
		<item id="3">
			<property name="id">$NUMBER[3]</property>
			<property name="mainmenuid">12</property>
			<label>$LOCALIZE[13011]</label>
			<label2 />
			<icon>DefaultShortcut.png</icon>
			<thumb />
			<visible>[System.CanSuspend] + String.IsEqual(Container(9000).ListItem.Property(submenuVisibility),num-33060)</visible>
			<onclick>Suspend()</onclick>
			<property name="path">Suspend()</property>
			<visible>String.IsEqual(System.ProfileName,Master user)</visible>
			<property name="isSubmenu">True</property>
		</item>
		<item id="4">
			<property name="id">$NUMBER[4]</property>
			<property name="mainmenuid">12</property>
			<label>$LOCALIZE[13010]</label>
			<label2 />
			<icon>DefaultShortcut.png</icon>
			<thumb />
			<visible>[System.CanHibernate] + String.IsEqual(Container(9000).ListItem.Property(submenuVisibility),num-33060)</visible>
			<onclick>Hibernate()</onclick>
			<property name="path">Hibernate()</property>
			<visible>String.IsEqual(System.ProfileName,Master user)</visible>
			<property name="isSubmenu">True</property>
		</item>
		<item id="5">
			<property name="id">$NUMBER[5]</property>
			<property name="mainmenuid">12</property>
			<label>$LOCALIZE[20126]</label>
			<label2 />
			<icon>DefaultShortcut.png</icon>
			<thumb />
			<visible>[[System.HasLoginScreen | Integer.IsGreater(System.ProfileCount,1)] + System.Loggedon] + String.IsEqual(Container(9000).ListItem.Property(submenuVisibility),num-33060)</visible>
			<onclick>System.LogOff</onclick>
			<property name="path">System.LogOff</property>
			<visible>String.IsEqual(System.ProfileName,Master user)</visible>
			<property name="isSubmenu">True</property>
		</item>
		<item id="6">
			<property name="id">$NUMBER[6]</property>
			<property name="mainmenuid">12</property>
			<label>$LOCALIZE[13009]</label>
			<label2 />
			<icon>DefaultShortcut.png</icon>
			<thumb />
			<visible>[System.ShowExitButton] + String.IsEqual(Container(9000).ListItem.Property(submenuVisibility),num-33060)</visible>
			<onclick>Quit()</onclick>
			<property name="path">Quit()</property>
			<visible>String.IsEqual(System.ProfileName,Master user)</visible>
			<property name="isSubmenu">True</property>
		</item>
	</include>
	<include />
	<include name="skinshortcuts-submenu-1" />
	<include />
	<include name="skinshortcuts-submenu-2" />
</includes>
