<?xml version="1.0" encoding="UTF-8"?>
<window>
    <coordinates>
        <left>110</left>
        <top>55</top>
    </coordinates>
    <controls>
        <control type="group">
            <control type="image">
                <left>300</left>
                <top>300</top>
                <width>950</width>
                <height>350</height>
                <texture>Background/loguploader-black.png</texture>
            </control>
            <control type="image" id="101">
                <left>990</left>
                <top>340</top>
                <width>200</width>
                <height>200</height>
            </control>
            <control type="label" id="102">
                <posx>20</posx>
                <posy>20</posy>
                <width>1000</width>
                <height>600</height>
                <font>font14</font>
                <label></label>
                <align>center</align>
                <aligny>center</aligny>
                <visible>Skin.String(headertexttype)</visible>
            </control>
            <control type="image" id="103">
                <posx>20</posx>
                <posy>20</posy>
                <width>1000</width>
                <height>60</height>
                <aspectratio aligny="center" align="center">keep</aspectratio>
                <visible>Skin.String(headerimagetype)</visible>
            </control>
            <control type="textbox" id="104">
                <left>320</left>
                <top>380</top>
                <width>1000</width>
                <height>790</height>
                <font>font12</font>
                <align>left</align>
                <aligny>top</aligny>
                <colordiffuse>FFFF00FF</colordiffuse>
                <pagecontrol>105</pagecontrol>
            </control>
        </control>
        <control type="group">
            <control type="button" id="201">
                <left>920</left>
                <top>565</top>
                <width>300</width>
                <height>60</height>
                <font>font12</font>
                <textcolor>FFF0F0F0</textcolor>
                <label>Schliessen</label>
                <align>center</align>
                <aligny>center</aligny>
                <texturefocus colordiffuse="FF3366FF">Button/button-focus_lightblue.png</texturefocus>
                <texturenofocus>Button/button-focus_grey.png</texturenofocus>
                <onleft>202</onleft>
                <onright>202</onright>
                <onup>105</onup>
                <ondown>105</ondown>
            </control>
        </control>
    </controls>
</window>
